TIME     ;ta (°C);Ghoris (W/m2;Gbn (W(m2);w10 (m/s);EL (W/m2)
1;9,5;0;0;3,4;317
2;9,2;0;0;3,6;322
3;9;0;0;3,4;320
4;8,9;0;0;3,3;319
5;8,8;0;0;3,1;318
6;8,7;0;0;2,9;318
7;8,8;0;0;2,8;319
8;8,8;1;0;2,6;319
9;8,9;38;0;2,8;320
10;9,1;111;8;2,9;321
11;9,2;174;30;3,1;322
12;9,5;190;5;3,3;323
13;9,9;174;2;3,4;325
14;10,2;135;0;3,6;327
15;10,1;130;0;3,1;319
16;9,9;94;0;2,6;313
17;9,8;34;0;2,1;309
18;9,4;1;0;1,4;304
19;9;0;0;0,7;300
20;8,6;0;0;0;294
21;8,4;0;0;0;293
22;8,3;0;0;0;292
23;8,1;0;0;0;291
24;7,9;0;0;0;291
25;7,8;0;0;0;286
26;7,6;0;0;0;285
27;7,4;0;0;0,4;285
28;7,3;0;0;0,7;284
29;7,1;0;0;1;283
30;6,9;0;0;1,4;282
31;6,8;0;0;1,7;282
32;6,6;1;0;2,1;281
33;8,4;24;0;1,4;289
34;10,2;71;0;0,7;296
35;12;111;0;0;304
36;12,2;164;1;0;313
37;12,4;202;5;0;320
38;12,6;213;9;0;324
39;12,4;170;29;0;321
40;12,2;107;10;0;316
41;12;34;0;0;308
42;12,1;1;0;0,9;318
43;12,1;0;0;1,7;324
44;12,2;0;0;2,6;340
45;11,7;0;0;1,7;322
46;11,1;0;0;0,9;314
47;10,6;0;0;0;302
48;11,2;0;0;1,4;309
49;11,8;0;0;2,7;312
50;12,4;0;0;4,1;315
51;12,6;0;0;4,6;319
52;12,9;0;0;5,1;323
53;13,1;0;0;5,7;324
54;13,3;0;0;6,2;328
55;13,6;0;0;6,7;332
56;13,8;1;0;7,2;334
57;13,7;24;0;7,9;338
58;13,5;70;0;8,6;338
59;13,4;109;0;9,3;339
60;13,2;162;2;8,4;342
61;13;200;5;7,6;341
62;12,8;212;9;6,7;346
63;12,5;215;110;6;337
64;12,1;160;125;5,3;330
65;11,8;59;65;4,6;324
66;11,5;2;0;4;320
67;11,1;0;0;3,3;315
68;10,8;0;0;2,6;308
69;11,7;0;0;2,9;319
70;12,5;0;0;3,3;328
71;13,4;0;0;3,6;337
72;13,5;0;0;3,4;334
73;13,7;0;0;3,3;330
74;13,8;0;0;3,1;324
75;13,4;0;0;2,9;326
76;13;0;0;2,8;324
77;12,6;0;0;2,6;322
78;12,2;0;0;2,4;320
79;11,8;0;0;2,3;320
80;11,4;2;0;2,1;318
81;12,1;59;82;2,2;321
82;12,7;173;154;2,3;327
83;13,4;271;251;2,3;330
84;14,1;335;265;2,4;333
85;14,7;356;269;2,5;339
86;15,4;334;265;2,6;343
87;14,6;269;251;3,8;338
88;13,8;170;158;5;331
89;13;57;50;6,2;326
90;12,8;1;0;5,7;328
91;12,6;0;0;5,1;330
92;12,4;0;0;4,6;342
93;12,5;0;0;4,8;334
94;12,5;0;0;4,9;334
95;12,6;0;0;5,1;328
96;12,2;0;0;5,6;332
97;11,8;0;0;6,2;331
98;11,4;0;0;6,7;336
99;11,3;0;0;6,7;336
100;11,3;0;0;6,7;336
101;11,2;0;0;6,7;335
102;11,4;0;0;7,2;337
103;11,6;0;0;7,7;338
104;11,8;1;0;8,2;340
105;11,6;38;0;7,9;338
106;11,4;111;8;7,5;337
107;11,2;174;29;7,2;336
108;11,2;191;5;7,5;336
109;11,2;175;2;7,9;335
110;11,2;137;0;8,2;335
111;11,1;133;0;8,4;334
112;11,1;98;0;8,5;334
113;11;38;0;8,7;333
114;10,7;1;0;8,5;331
115;10,5;0;0;8,4;329
116;10,2;0;0;8,2;327
117;10,2;0;0;7,9;320
118;10,1;0;0;7,5;320
119;10,1;0;0;7,2;314
120;10,1;0;0;6,9;314
121;10;0;0;6,5;314
122;10;0;0;6,2;310
123;10;0;0;6;313
124;10;0;0;5,9;313
125;10;0;0;5,7;313
126;10;0;0;5,5;313
127;10;0;0;5,3;314
128;10;2;0;5,1;310
129;10,7;66;142;6,1;311
130;11,3;206;409;7,2;313
131;12;340;569;8,2;313
132;12,6;421;663;8,4;316
133;13,2;449;677;8,5;316
134;13,8;422;664;8,7;319
135;13,3;349;651;8,2;316
136;12,7;227;531;7,7;314
137;12,2;79;275;7,2;308
138;11,5;3;0;5,5;306
139;10,7;0;0;3,8;302
140;10;0;0;2,1;296
141;10,1;0;0;3,3;296
142;10,3;0;0;4,5;296
143;10,4;0;0;5,7;296
144;9,7;0;0;4,5;293
145;9,1;0;0;3,3;291
146;8,4;0;0;2,1;289
147;8,1;0;0;2,4;288
148;7,9;0;0;2,8;287
149;7,6;0;0;3,1;286
150;6,9;0;0;2,1;283
151;6,3;0;0;1;275
152;5,6;3;0;0;271
153;8,3;82;290;1,2;282
154;10,9;239;666;2,4;292
155;13,6;376;784;3,6;303
156;14,5;464;839;2,4;309
157;15,3;494;851;1,2;314
158;16,2;463;834;0;319
159;15,7;375;779;0;317
160;15,3;240;643;0;316
161;14,8;84;314;0;314
162;13,2;3;0;0;307
163;11,6;0;0;0;300
164;10;0;0;0;292
165;9,9;0;0;0,7;293
166;9,9;0;0;1,4;293
167;9,8;0;0;2,1;293
168;9,2;0;0;2,1;290
169;8,6;0;0;2,1;287
170;8;0;0;2,1;284
171;7,8;0;0;1,4;283
172;7,6;0;0;0,7;282
173;7,4;0;0;0;281
174;7,6;0;0;0;282
175;7,8;0;0;0;283
176;8;3;0;0;284
177;10,1;82;285;0,7;293
178;12,1;238;654;1,4;303
179;14,2;373;767;2,1;313
180;14,8;461;825;2,1;316
181;15,4;492;837;2,1;319
182;16;462;822;2,1;323
183;15,5;376;770;2,1;320
184;14,9;242;639;2,1;317
185;14,4;86;318;2,1;314
186;13,2;4;0;1,4;309
187;12;0;0;0,7;304
188;10,8;0;0;0;299
189;10,9;0;0;0;299
190;11,1;0;0;0;300
191;11,2;0;0;0;301
192;11,6;0;0;1,4;302
193;12;0;0;2,7;304
194;12,4;0;0;4,1;306
195;12,3;0;0;3,8;305
196;12,3;0;0;3,4;305
197;12,2;0;0;3,1;305
198;12,2;0;0;2,9;305
199;12,2;0;0;2,8;311
200;12,2;3;0;2,6;311
201;13,2;79;256;3,4;315
202;14,2;230;588;4,3;319
203;15,2;361;701;5,1;323
204;15,7;446;757;5,1;326
205;16,1;476;768;5,1;329
206;16,6;447;753;5,1;332
207;16,2;364;699;4,3;330
208;15,8;235;575;3,4;329
209;15,4;86;285;2,6;327
210;14,9;4;0;3,6;324
211;14,5;0;0;4,7;321
212;14;0;0;5,7;318
213;13,9;0;0;4,8;318
214;13,9;0;0;4;318
215;13,8;0;0;3,1;318
216;13,7;0;0;3,5;318
217;13,6;0;0;3,8;317
218;13,4;0;0;4,2;317
219;13,6;0;0;4,1;318
220;13,7;0;0;3,9;323
221;13,9;0;0;3,8;324
222;13,8;0;0;3,6;327
223;13,8;0;0;3,3;327
224;13,7;2;0;3,1;329
225;14,1;69;159;3,3;330
226;14,5;205;405;3,5;329
227;14,9;331;527;3,7;331
228;14,9;414;511;3,4;331
229;15;446;541;3;332
230;15;424;632;2,7;333
231;14,3;345;497;2;326
232;13,6;224;470;1,3;323
233;12,9;82;238;0,5;320
234;12,2;4;0;0,7;316
235;11,5;0;0;0,9;312
236;10,8;0;0;1,1;308
237;10,5;0;0;0,4;302
238;10,1;0;0;0;301
239;9,8;0;0;0;294
240;9,6;0;0;0;293
241;9,5;0;0;0;292
242;9,4;0;0;0;292
243;10,4;0;0;0,7;303
244;11,4;0;0;1,4;313
245;12,4;0;0;2,1;319
246;12,9;0;0;2,4;327
247;13,5;0;0;2,8;332
248;14;1;0;3,1;338
249;14,5;30;0;3,3;340
250;14,9;100;0;3,4;338
251;15,4;177;8;3,6;340
252;15,6;219;12;3,6;342
253;15,8;235;12;3,6;343
254;16;221;12;3,6;344
255;15,7;160;8;3,6;343
256;15,3;90;0;3,6;338
257;15;28;0;3,6;337
258;14,7;1;0;3,6;335
259;14,5;0;0;3,6;336
260;14,2;0;0;3,6;334
261;14,2;0;0;3,6;331
262;14,2;0;0;3,6;329
263;14,2;0;0;3,6;326
264;14,2;0;0;3,6;326
265;14,2;0;0;3,6;327
266;14,2;0;0;3,6;327
267;14,1;0;0;3,4;327
268;13,9;0;0;3,3;326
269;13,8;0;0;3,1;321
270;13,7;0;0;2,9;321
271;13,7;0;0;2,8;320
272;13,6;1;0;2,6;320
273;14,5;35;0;2,9;324
274;15,5;126;20;3,3;329
275;16,4;233;135;3,6;333
276;16,6;278;81;3,3;339
277;16,8;286;63;2,9;339
278;17;259;52;2,6;340
279;16,5;202;39;2,8;338
280;15,9;126;15;2,9;336
281;15,4;46;0;3,1;334
282;14,9;3;0;2,1;331
283;14,3;0;0;1;328
284;13,8;0;0;0;326
285;13,5;0;0;1,4;323
286;13,1;0;0;2,7;320
287;12,8;0;0;4,1;317
288;12,9;0;0;4,6;317
289;13,1;0;0;5,2;317
290;13,2;0;0;5,7;312
291;12,9;0;0;5,1;311
292;12,7;0;0;4,5;310
293;12,4;0;0;3,9;309
294;12,1;0;0;3,3;307
295;11,9;0;0;2,7;306
296;11,6;3;0;2,1;305
297;12,5;60;74;2,9;310
298;13,3;128;30;3,8;315
299;14,2;115;0;4,6;319
300;14,9;142;0;5,1;323
301;15,5;152;0;5,7;326
302;16,2;144;0;6,2;329
303;15,8;118;0;5,3;326
304;15,4;78;0;4,5;324
305;15;30;0;3,6;321
306;14,4;3;0;3,9;318
307;13,8;0;0;4,3;315
308;13,2;0;0;4,6;311
309;12,7;0;0;3,1;310
310;12,3;0;0;1,5;309
311;11,8;0;0;0;307
312;11,5;0;0;0,7;306
313;11,3;0;0;1,4;306
314;11;0;0;2,1;304
315;11,5;0;0;2,1;307
316;11,9;0;0;2,1;309
317;12,4;0;0;2,1;312
318;12,3;0;0;2,1;318
319;12,3;0;0;2,1;323
320;12,2;2;0;2,1;329
321;11,5;41;0;3,5;331
322;10,9;116;8;4,8;328
323;10,2;181;30;6,2;332
324;11,3;294;141;4,8;325
325;12,3;377;295;3,5;326
326;13,4;404;447;2,1;328
327;13,6;321;410;4,3;328
328;13,8;204;309;6,5;328
329;14;77;72;8,7;328
330;13,5;6;0;5,8;324
331;13,1;0;0;2,9;320
332;12,6;0;0;0;315
333;11,9;0;0;0;312
334;11,3;0;0;0;309
335;10,6;0;0;0;306
336;9,9;0;0;0;303
337;9,3;0;0;0;300
338;8,6;0;0;0;297
339;8,6;0;0;0,4;297
340;8,7;0;0;0,7;297
341;8,7;0;0;1;297
342;8,7;0;0;1,4;297
343;8,8;0;0;1,7;293
344;8,8;3;0;2,1;293
345;10,3;82;248;2,3;300
346;11,9;220;394;2,4;307
347;13,4;324;458;2,6;314
348;13,9;402;422;4,1;320
349;14,5;431;429;5,7;322
350;15;409;427;7,2;324
351;14,8;348;520;6,3;322
352;14,6;238;413;5,5;321
353;14,4;98;265;4,6;320
354;13,9;6;0;5,1;320
355;13,3;0;0;5,7;320
356;12,8;0;0;6,2;319
357;12,3;0;0;6,1;317
358;11,8;0;0;6;311
359;11,3;0;0;5,9;309
360;10,8;0;0;5,9;304
361;10,3;0;0;5,8;301
362;9,8;0;0;5,7;295
363;9,5;0;0;5,3;294
364;9,1;0;0;5;292
365;8,8;0;0;4,6;287
366;8,6;0;0;4,6;290
367;8,4;0;0;4,6;293
368;8,2;3;0;4,6;295
369;9,2;84;250;3,9;297
370;10,2;240;567;3,3;301
371;11,2;379;737;2,6;303
372;12,1;476;803;3,3;306
373;12,9;516;850;3,9;309
374;13,8;494;852;4,6;308
375;13,6;410;816;3,8;306
376;13,4;275;684;2,9;300
377;13,2;112;429;2,1;299
378;11,5;8;0;2,1;291
379;9,7;0;0;2,1;282
380;8;0;0;2,1;275
381;7,6;0;0;1,4;274
382;7,2;0;0;0,7;278
383;6,8;0;0;0;278
384;6,1;0;0;0;274
385;5,3;0;0;0;271
386;4,6;0;0;0;269
387;4,7;0;0;0;269
388;4,7;0;0;0;269
389;4,8;0;0;0;270
390;4,4;0;0;0;268
391;4;0;0;0;263
392;3,6;4;0;0;262
393;6,5;92;354;0;273
394;9,3;255;652;0;285
395;12,2;397;807;0;297
396;12,7;490;856;0;300
397;13,3;525;868;0;304
398;13,8;498;856;0;306
399;13,6;412;812;0;306
400;13,4;277;659;0;305
401;13,2;114;406;0;304
402;11,7;9;0;0;297
403;10,3;0;0;0;291
404;8,8;0;0;0;285
405;8;0;0;0;281
406;7,2;0;0;0;277
407;6,4;0;0;0;273
408;5,9;0;0;0;271
409;5,5;0;0;0;274
410;5;0;0;0;272
411;6,4;0;0;1,9;277
412;7,8;0;0;3,8;282
413;9,2;0;0;5,7;287
414;9,4;0;0;5,2;289
415;9,6;0;0;4,6;291
416;9,8;4;0;4,1;293
417;10,5;84;249;4,6;296
418;11,3;234;540;5,1;300
419;12;363;632;5,7;303
420;12,5;450;685;6,2;309
421;12,9;483;699;6,7;310
422;13,4;459;691;7,2;312
423;12,7;381;648;6,5;312
424;11,9;257;536;5,8;308
425;11,2;108;289;5,1;308
426;10,3;9;0;4,3;301
427;9,3;0;0;3,4;294
428;8,4;0;0;2,6;286
429;8,2;0;0;2,9;289
430;8;0;0;3,3;288
431;7,8;0;0;3,6;287
432;7,3;0;0;3,1;285
433;6,7;0;0;2,6;283
434;6,2;0;0;2,1;281
435;5,6;0;0;1,4;279
436;5;0;0;0,7;277
437;4,4;0;0;0;274
438;4,9;0;0;0;279
439;5,5;0;0;0;284
440;6;4;0;0;288
441;7,1;69;106;1,5;296
442;8,1;160;86;3,1;304
443;9,2;189;32;4,6;321
444;9,8;234;37;3,9;323
445;10,4;251;38;3,3;326
446;11;239;38;2,6;329
447;10,8;241;105;2,9;321
448;10,6;188;119;3,3;315
449;10,4;90;84;3,6;310
450;9,9;8;0;3,6;309
451;9,3;0;0;3,6;304
452;8,8;0;0;3,6;303
453;8,3;0;0;3,3;300
454;7,7;0;0;2,9;297
455;7,2;0;0;2,6;294
456;7,4;0;0;3,1;293
457;7,6;0;0;3,6;291
458;7,8;0;0;4,1;289
459;7,5;0;0;3,8;288
460;7,3;0;0;3,4;287
461;7;0;0;3,1;286
462;7,4;0;0;3,1;293
463;7,8;0;0;3,1;300
464;8,2;1;0;3,1;306
465;9;29;0;4,1;309
466;9,8;78;0;5,2;312
467;10,6;121;0;6,2;312
468;10,7;261;81;6,4;312
469;10,9;376;244;6,5;310
470;11;428;468;6,7;310
471;10,5;356;370;6;307
472;9,9;243;326;5,3;303
473;9,4;105;232;4,6;301
474;9;8;0;4,8;302
475;8,6;0;0;4,9;304
476;8,2;0;0;5,1;314
477;8,1;0;0;5,3;314
478;8,1;0;0;5,5;314
479;8;0;0;5,7;313
480;8;0;0;5;314
481;8;0;0;4,3;314
482;8;0;0;3,6;314
483;7,9;0;0;2,4;314
484;7,9;0;0;1,2;314
485;7,8;0;0;0;314
486;7,8;0;0;1,4;314
487;7,8;0;0;2,7;315
488;7,8;2;0;4,1;315
489;7,8;46;0;4,1;315
490;7,8;124;10;4,1;315
491;7,8;191;33;4,1;315
492;7,8;237;37;4,1;315
493;7,8;254;38;4,1;315
494;7,8;242;38;4,1;315
495;8,3;179;5;5;317
496;8,7;105;0;5,8;319
497;9,2;38;0;6,7;321
498;9,1;4;0;6,5;321
499;8,9;0;0;6,4;320
500;8,8;0;0;6,2;320
501;9;0;0;5;321
502;9,2;0;0;3,8;321
503;9,4;0;0;2,6;322
504;9,3;0;0;3,3;314
505;9,3;0;0;3,9;309
506;9,2;0;0;4,6;305
507;9,2;0;0;4,1;305
508;9,2;0;0;3,7;305
509;9,2;0;0;3,2;305
510;9,2;0;0;3,8;306
511;9,2;0;0;4,4;306
512;9,2;3;0;4,9;304
513;9,5;65;64;5;305
514;9,7;186;143;5;306
515;10;302;300;5,1;307
516;10,8;312;148;4,9;311
517;11,6;256;37;4,8;314
518;12,4;155;0;4,6;318
519;11,9;130;0;4,3;315
520;11,3;89;0;3,9;312
521;10,8;39;0;3,6;309
522;10,4;5;0;3,3;308
523;10;0;0;2,9;306
524;9,6;0;0;2,6;304
525;9,5;0;0;2,8;303
526;9,5;0;0;2,9;301
527;9,4;0;0;3,1;300
528;9,1;0;0;2,9;299
529;8,9;0;0;2,8;301
530;8,6;0;0;2,6;300
531;8,6;0;0;2,9;300
532;8,6;0;0;3,3;299
533;8,6;0;0;3,6;299
534;8,6;0;0;3,4;300
535;8,6;0;0;3,3;300
536;8,6;2;0;3,1;301
537;9,1;47;0;3,3;303
538;9,5;126;10;3,4;304
539;10;194;34;3,6;307
540;10,3;291;108;3,4;308
541;10,5;361;194;3,3;309
542;10,8;386;316;3,1;311
543;10,9;353;413;3,4;310
544;11,1;260;468;3,8;308
545;11,2;123;305;4,1;308
546;10,3;13;0;2,7;302
547;9,5;0;0;1,4;299
548;8,6;0;0;0;292
549;8,1;0;0;0;290
550;7,7;0;0;0;289
551;7,2;0;0;0;287
552;6;0;0;0;281
553;4,8;0;0;0;276
554;3,6;0;0;0;267
555;3,7;0;0;0;267
556;3,7;0;0;0;268
557;3,8;0;0;0;268
558;4,6;0;0;1,4;271
559;5,4;0;0;2,7;269
560;6,2;6;0;4,1;272
561;7,7;102;379;4,4;278
562;9,3;271;667;4,8;285
563;10,8;417;804;5,1;291
564;11,3;513;859;4,4;293
565;11,9;543;854;3,8;302
566;12,4;507;799;3,1;304
567;12,2;425;765;3,1;304
568;12;294;622;3,1;303
569;11,8;133;430;3,1;303
570;10,8;15;0;3,1;299
571;9,8;0;0;3,1;295
572;8,8;0;0;3,1;291
573;8,1;0;0;2,1;288
574;7,5;0;0;1;285
575;6,8;0;0;0;282
576;6,7;0;0;1;282
577;6,5;0;0;2,1;280
578;6,4;0;0;3,1;280
579;6,4;0;0;3,1;280
580;6,4;0;0;3,1;280
581;6,4;0;0;3,1;280
582;6;0;0;3,1;282
583;5,6;0;0;3,1;280
584;5,2;5;0;3,1;278
585;7;95;267;3,8;285
586;8,8;249;519;4,4;292
587;10,6;383;645;5,1;295
588;11,1;434;409;4,3;302
589;11,7;411;310;3,4;310
590;12,2;328;150;2,6;315
591;12,1;255;59;3,4;314
592;11,9;162;44;4,3;316
593;11,8;67;0;5,1;315
594;10,8;11;0;4,1;308
595;9,8;0;0;3,1;300
596;8,8;0;0;2,1;290
597;7,9;0;0;1,4;286
598;6,9;0;0;0,7;281
599;6;0;0;0;278
600;5,7;0;0;0;280
601;5,5;0;0;0;282
602;5,2;0;0;0;283
603;5,7;0;0;0;288
604;6,1;0;0;0;290
605;6,6;0;0;0;295
606;7,1;0;0;0;301
607;7,5;0;0;0;307
608;8;3;0;0;317
609;8,7;50;0;1;319
610;9,3;130;11;2,1;322
611;10;199;34;3,1;325
612;10,7;245;38;3,8;327
613;11,3;264;39;4,4;330
614;12;253;39;5,1;332
615;12;279;119;4,1;320
616;12;232;235;3,1;313
617;12;122;254;2,1;311
618;10,7;14;0;2,1;303
619;9,5;0;0;2,1;296
620;8,2;0;0;2,1;287
621;7,6;0;0;1,4;285
622;7;0;0;0,7;282
623;6,4;0;0;0;280
624;5,9;0;0;0;278
625;5,5;0;0;0;276
626;5;0;0;0;274
627;5;0;0;0;274
628;5;0;0;0;274
629;5;0;0;0;274
630;4,6;0;0;0;272
631;4,2;0;0;0;270
632;3,8;6;0;0;268
633;6,5;104;321;0;280
634;9,1;268;640;0;293
635;11,8;408;743;0;306
636;12,7;503;793;0,7;308
637;13,7;541;809;1,4;312
638;14,6;519;805;2,1;315
639;14,1;437;767;2,4;313
640;13,7;305;664;2,8;312
641;13,2;143;446;3,1;310
642;12,1;17;0;2,1;306
643;11,1;0;0;1;302
644;10;0;0;0;298
645;9,7;0;0;0;297
646;9,3;0;0;0;295
647;9;0;0;0;294
648;9,9;0;0;1,2;298
649;10,7;0;0;2,4;302
650;11,6;0;0;3,6;305
651;11,8;0;0;3,6;310
652;12;0;0;3,6;314
653;12,2;0;0;3,6;317
654;12,7;0;0;3,8;318
655;13,1;0;0;3,9;318
656;13,6;3;0;4,1;317
657;13,9;51;0;4,3;323
658;14,3;131;10;4,4;330
659;14,6;200;32;4,6;335
660;14,5;246;36;5,1;334
661;14,3;264;37;5,7;336
662;14,2;253;36;6,2;336
663;14,1;214;33;6,2;335
664;14,1;150;25;6,2;335
665;14;71;1;6,2;334
666;13,8;9;0;6,2;333
667;13,6;0;0;6,2;332
668;13,4;0;0;6,2;332
669;13,5;0;0;6,4;331
670;13,7;0;0;6,5;328
671;13,8;0;0;6,7;328
672;13,5;0;0;6,7;327
673;13,1;0;0;6,7;323
674;12,8;0;0;6,7;322
675;12,4;0;0;6,4;319
676;12;0;0;6;319
677;11,6;0;0;5,7;317
678;11,4;0;0;5,5;313
679;11,2;0;0;5,3;310
680;11;4;0;5,1;306
681;11,7;69;49;4,6;308
682;12,3;210;262;4,1;311
683;13;361;441;3,6;310
684;13,7;459;569;3,6;316
685;14,5;508;642;3,6;322
686;15,2;500;689;3,6;328
687;14,9;359;350;3,1;326
688;14,5;187;101;2,6;324
689;14,2;47;0;2,1;323
690;13,5;6;0;2,3;317
691;12,7;0;0;2,4;313
692;12;0;0;2,6;306
693;11,7;0;0;3,6;313
694;11,3;0;0;4,7;319
695;11;0;0;5,7;324
696;10,7;0;0;5;322
697;10,3;0;0;4,3;320
698;10;0;0;3,6;314
699;9,2;0;0;3,3;310
700;8,4;0;0;2,9;306
701;7,6;0;0;2,6;301
702;8,4;0;0;4,1;302
703;9,2;0;0;5,7;306
704;10;7;0;7,2;307
705;10,2;93;188;6,2;310
706;10,4;223;270;5,1;310
707;10,6;322;314;4,1;313
708;11,2;331;148;3,9;313
709;11,8;272;38;3,8;315
710;12,4;166;1;3,6;315
711;12,3;141;0;3,6;314
712;12,1;100;0;3,6;312
713;12;48;0;3,6;310
714;11,1;7;0;3,8;308
715;10,1;0;0;3,9;305
716;9,2;0;0;4,1;302
717;8,9;0;0;4,8;298
718;8,5;0;0;5,5;295
719;8,2;0;0;6,2;290
720;7,9;0;0;6;297
721;7,7;0;0;5,9;303
722;7,4;0;0;5,7;314
723;6,8;0;0;5,2;304
724;6,2;0;0;4,6;301
725;5,6;0;0;4,1;294
726;6;0;0;5;300
727;6,4;0;0;5,8;301
728;6,8;4;0;6,7;309
729;7,3;56;0;5,8;305
730;7,7;137;11;5;308
731;8,2;207;34;4,1;306
732;8,7;225;6;4,4;304
733;9,1;209;3;4,8;301
734;9,6;167;1;5,1;298
735;9,6;142;0;4,6;301
736;9,6;101;0;4,1;303
737;9,6;49;0;3,6;305
738;8,9;8;0;3,8;302
739;8,1;0;0;3,9;298
740;8;0;0;4,1;297
741;7,8;0;0;4,1;297
742;7,9;0;0;4,1;300
743;8,1;0;0;4,1;301
744;8,5;0;0;4,8;307
745;8,9;0;0;5,1;295
746;9,2;0;0;6,2;291
747;9,3;0;0;5,1;295
748;9,1;0;0;8,2;293
749;8,7;0;0;4,1;291
750;8,4;0;0;3,1;289
751;8;0;0;6,2;291
752;9,6;6;0;7,7;300
753;9;75;46;10,3;296
754;10;183;82;5,1;304
755;12,2;277;132;8,2;313
756;12;339;137;9,3;313
757;12;365;138;9,3;310
758;13,2;351;138;14,4;314
759;12;297;133;5,1;314
760;12;212;121;9,3;317
761;11,6;104;55;8,7;316
762;11;14;0;5,1;313
763;11;0;0;5,1;313
764;10,8;0;0;6,2;315
765;8;0;0;5,1;310
766;7;0;0;8,2;304
767;7;0;0;8,2;304
768;7;0;0;6,6;303
769;7;0;0;5,1;308
770;6,8;0;0;5,1;308
771;7;0;0;5,1;301
772;6;0;0;5,1;291
773;6;0;0;9,3;287
774;6;0;0;5,1;284
775;6;0;0;5,1;282
776;5,8;9;0;5,1;278
777;6;107;244;4,1;278
778;7;211;152;5,1;282
779;7,8;213;22;6,2;285
780;7,9;289;43;5,6;286
781;8;340;59;5,1;282
782;9;352;156;4,1;282
783;9;300;133;4,1;282
784;10;214;120;2,1;286
785;9,8;107;56;3,1;287
786;8;19;0;4,1;279
787;7;0;0;5,1;275
788;7,2;0;0;2,1;276
789;7;0;0;2,6;275
790;6;0;0;0;271
791;6;0;0;0;273
792;6;0;0;0;271
793;6;0;0;0;277
794;6,4;0;0;0;281
795;6;0;0;2,1;278
796;6;0;0;2,1;278
797;6,6;0;0;0;283
798;6;0;0;2,1;279
799;7;0;0;2,6;283
800;7,6;5;0;2,1;288
801;8;66;12;2,1;289
802;10;172;62;0;298
803;12;277;130;3,1;309
804;12;407;296;0;308
805;13;495;463;3,1;312
806;15,8;517;636;0;326
807;15;450;693;0;322
808;17;328;644;5,1;330
809;14,8;168;479;0;320
810;13;25;21;0;311
811;12;0;0;4,1;307
812;12,2;0;0;6,2;308
813;11;0;0;6,2;303
814;11;0;0;6,2;303
815;11,2;0;0;5,1;303
816;11;0;0;5,1;302
817;11;0;0;5,1;302
818;9,4;0;0;2,1;295
819;8;0;0;3,1;287
820;8;0;0;5,1;282
821;9;0;0;0;287
822;6;0;0;0;281
823;7;0;0;0;290
824;7,6;5;0;2,1;300
825;8;61;0;0;299
826;10;144;12;0;303
827;11,6;214;34;0;304
828;12;291;69;2,1;305
829;12;342;92;0;306
830;14,4;355;137;2,6;317
831;13;280;98;5,1;310
832;13;185;58;2,1;309
833;13,6;85;5;0;312
834;12;14;0;2,1;305
835;11;0;0;4,1;301
836;11,6;0;0;2,1;306
837;11;0;0;0;304
838;11;0;0;0;307
839;11,2;0;0;0;307
840;11;0;0;0;305
841;10;0;0;0;300
842;10;0;0;0;302
843;10;0;0;0;300
844;10;0;0;0;302
845;9,8;0;0;0;298
846;9;0;0;0;293
847;9;0;0;0;294
848;9,6;6;0;0;297
849;10;62;0;2,1;303
850;12;145;12;2,1;312
851;14;216;33;4,1;322
852;13;263;37;5,1;326
853;13;283;51;5,1;333
854;13,8;272;37;5,1;349
855;13;219;13;2,1;339
856;13;148;6;2,1;338
857;13;71;0;2,1;333
858;13;11;0;0;333
859;13;0;0;2,1;333
860;13;0;0;2,1;334
861;12;0;0;3,1;328
862;12;0;0;2,1;325
863;13;0;0;0;327
864;12;0;0;0;322
865;12;0;0;2,1;325
866;12,8;0;0;0;330
867;12;0;0;0;325
868;11;0;0;0;318
869;12,2;0;0;0;325
870;11;0;0;0;321
871;11;0;0;0;324
872;11,6;6;0;0;327
873;12;63;0;0;329
874;13;146;12;0;335
875;14,8;217;33;3,1;343
876;13;370;189;2,1;332
877;13;485;402;2,1;327
878;16,6;528;584;2,1;337
879;14;469;747;2,1;325
880;14;349;698;2,1;324
881;15,8;184;518;2,1;329
882;13;31;99;2,1;316
883;12;0;0;0;311
884;12;0;0;0;311
885;10;0;0;0;301
886;10;0;0;0;301
887;11,2;0;0;0;307
888;11;0;0;0;305
889;9;0;0;0;296
890;9,2;0;0;0;297
891;9;0;0;0;296
892;9;0;0;0;295
893;9;0;0;0;296
894;8;0;0;0;290
895;8;0;0;0;290
896;8,4;13;0;0;293
897;10;132;282;0;302
898;12;286;465;2,1;310
899;14;389;444;3,1;320
900;13;458;429;2,1;314
901;14;471;365;2,1;319
902;15,8;432;306;2,1;328
903;14;370;268;4,1;320
904;14;268;246;5,1;320
905;14,6;140;198;3,1;323
906;13;26;14;2,6;320
907;12;0;0;3,1;320
908;12,8;0;0;3,1;328
909;12;0;0;2,6;323
910;12;0;0;3,1;321
911;12,2;0;0;2,6;323
912;11;0;0;2,6;313
913;11;0;0;2,1;310
914;11,4;0;0;2,1;308
915;9,7;0;0;1;310
916;8;0;0;0;305
917;11;0;0;2,1;338
918;10;0;0;0;319
919;9;0;0;0;307
920;9,8;10;0;0;310
921;11;117;186;0;313
922;12;290;496;0;319
923;14,4;451;697;2,1;327
924;14;549;782;2,1;324
925;14;589;812;2,1;324
926;15,8;567;804;5,1;333
927;14;479;724;3,1;324
928;14;342;607;5,1;320
929;14,6;177;420;5,1;323
930;13;32;102;4,1;316
931;12;0;0;0;310
932;12,2;0;0;0;312
933;11;0;0;0;306
934;11;0;0;0;306
935;11,6;0;0;2,1;309
936;11;0;0;3,1;309
937;10;0;0;0;304
938;10,8;0;0;0;309
939;10;0;0;0;304
940;10;0;0;0;304
941;9,6;0;0;0;303
942;10;0;0;0;305
943;10;0;0;0;305
944;11;7;0;0;306
945;11;68;0;0;306
946;12;152;13;3,6;310
947;15,4;223;33;6,2;327
948;14;241;6;7,2;319
949;14,5;222;5;6,7;323
950;15;178;1;6,2;325
951;14;184;4;7,2;325
952;14;156;3;8,2;330
953;15,6;94;4;9,3;341
954;14;15;0;8,2;336
955;12;0;0;6,2;328
956;11,6;0;0;0;340
957;10;0;0;0;315
958;11;0;0;2,1;316
959;11;0;0;0;306
960;10,5;0;0;1,5;308
961;10;0;0;3,1;309
962;10,2;0;0;0;313
963;9;0;0;2,1;307
964;10;0;0;4,1;311
965;10,8;0;0;2,1;317
966;9;0;0;0;305
967;10;0;0;4,1;304
968;10,2;13;0;0;301
969;11;127;214;0;305
970;12;302;495;3,1;309
971;14,6;463;710;3,1;320
972;14;560;806;3,1;323
973;15;600;817;2,6;328
974;16,6;578;809;5,1;336
975;15,8;497;765;3,6;332
976;15;365;693;2,1;327
977;15,6;196;512;2,1;325
978;13;37;140;2,1;312
979;12;0;0;0;308
980;12;0;0;2,1;309
981;12;0;0;0;307
982;11;0;0;2,1;303
983;11,2;0;0;2,1;305
984;10;0;0;0;297
985;10;0;0;0;297
986;9;0;0;0;294
987;8;0;0;0;288
988;7;0;0;0;279
989;7,4;0;0;2,1;282
990;8;0;0;0;283
991;8;0;0;0;288
992;8,6;17;0;0;292
993;10,3;146;305;1;299
994;12;320;650;2,1;302
995;13;469;758;2,1;305
996;13;558;782;2,1;307
997;14;588;750;2,1;317
998;16;554;674;0;327
999;15,5;453;524;1;324
1000;15;312;387;2,1;318
1001;14,8;155;174;3,1;318
1002;13;31;26;2,1;311
1003;12;0;0;0;301
1004;11,6;0;0;0;302
1005;11;0;0;0;302
1006;11;0;0;0;306
1007;10,6;0;0;2,1;306
1008;11;0;0;5,1;307
1009;10;0;0;2,1;302
1010;9,6;0;0;2,6;301
1011;10;0;0;5,1;300
1012;8;0;0;0;292
1013;8,2;0;0;2,1;290
1014;7;0;0;2,1;283
1015;7;0;0;3,1;282
1016;7,2;18;0;2,1;285
1017;9,6;156;220;0;294
1018;12;340;698;5,1;298
1019;15,2;496;842;3,1;310
1020;14;599;904;5,1;306
1021;15;640;911;5,1;310
1022;16;616;910;4,1;313
1023;16;526;838;3,1;313
1024;16;383;740;2,1;314
1025;16,2;207;543;0;314
1026;14;41;157;0;308
1027;13;0;0;4,1;301
1028;12,2;0;0;3,1;299
1029;12;0;0;2,1;297
1030;10;0;0;3,1;289
1031;10;0;0;0;290
1032;10;0;0;2,1;288
1033;8;0;0;0;282
1034;6,6;0;0;0;276
1035;8;0;0;0;280
1036;8;0;0;0;280
1037;7,4;0;0;2,1;279
1038;8;0;0;0;285
1039;8;0;0;2,1;289
1040;10;14;0;3,1;305
1041;10;112;131;0;302
1042;12;227;107;3,1;310
1043;14,2;308;111;4,1;315
1044;13;371;170;5,1;319
1045;14;397;171;6,2;328
1046;16;383;169;6,2;346
1047;14;306;98;5,1;334
1048;13;206;60;6,2;330
1049;13;102;8;6,2;330
1050;11;18;0;3,1;323
1051;11;0;0;0;323
1052;12,2;0;0;3,1;329
1053;11;0;0;3,1;323
1054;11;0;0;4,1;321
1055;9,8;0;0;3,1;314
1056;10;0;0;2,1;317
1057;10;0;0;7,2;317
1058;9,6;0;0;6,2;316
1059;9,3;0;0;5,1;315
1060;9;0;0;4,1;312
1061;9,4;0;0;5,1;316
1062;9;0;0;4,1;317
1063;9;0;0;5,1;317
1064;8,8;6;0;3,1;325
1065;7;49;0;4,1;313
1066;8;104;0;0;318
1067;8,8;150;0;3,1;324
1068;8;182;0;5,1;319
1069;9;195;1;5,1;323
1070;10;187;0;9,3;330
1071;8;162;0;6,2;318
1072;8;120;0;6,2;318
1073;8,6;67;0;11,3;322
1074;7;14;0;7,2;313
1075;7;0;0;7,7;313
1076;7,8;0;0;12,3;316
1077;6;0;0;8,2;307
1078;6;0;0;8,2;306
1079;7;0;0;12,9;311
1080;6;0;0;8,2;299
1081;6;0;0;8,2;299
1082;7;0;0;12,9;298
1083;6;0;0;8,2;298
1084;6;0;0;9,3;297
1085;6;0;0;9,3;297
1086;6;0;0;7,2;296
1087;5;0;0;7,7;298
1088;5;10;0;11,3;301
1089;4;80;26;8,2;295
1090;4;168;40;8,2;295
1091;6,2;241;36;9,3;307
1092;6;290;21;7,7;305
1093;6;311;21;9,3;305
1094;7,2;300;54;12,9;311
1095;6;259;17;9,3;305
1096;6;192;14;8,2;305
1097;6,6;107;11;11,8;309
1098;6;23;0;9,3;304
1099;6,2;0;0;10;306
1100;6,4;0;0;10,8;307
1101;6;0;0;7,2;303
1102;6;0;0;6,2;303
1103;6,6;0;0;10,3;307
1104;6;0;0;8,2;303
1105;6;0;0;7,7;302
1106;6,2;0;0;11,3;305
1107;6;0;0;7,2;302
1108;6;0;0;7,2;302
1109;5,4;0;0;10,3;301
1110;5;0;0;5,1;299
1111;5;0;0;6,2;299
1112;4,8;11;0;9,8;301
1113;4;72;0;7,2;289
1114;5;130;0;4,6;295
1115;6;155;0;2,1;294
1116;6;224;5;3,1;298
1117;6;278;10;4,1;298
1118;7;303;17;6,2;309
1119;6;263;17;10,3;303
1120;6;195;14;10,3;303
1121;7;110;14;8,2;308
1122;6;24;0;7,7;303
1123;6;0;0;7,7;302
1124;6,2;0;0;6,2;305
1125;6;0;0;6,2;302
1126;6;0;0;7,2;304
1127;6,6;0;0;7,2;307
1128;6;0;0;8,2;302
1129;6;0;0;6,2;310
1130;6,4;0;0;7,2;314
1131;6;0;0;7,2;310
1132;6;0;0;5,1;310
1133;6,2;0;0;4,1;312
1134;6;0;0;7,2;309
1135;6;0;0;4,1;301
1136;6,4;12;0;3,1;303
1137;6;93;120;3,1;294
1138;6;210;55;4,1;294
1139;8;325;84;6,2;298
1140;8;467;266;4,1;295
1141;9;564;428;6,7;295
1142;10,4;593;598;5,1;296
1143;10;534;768;7,2;294
1144;10;410;768;7,2;294
1145;10,4;236;608;7,2;291
1146;9;55;181;5,1;284
1147;7;0;0;3,1;271
1148;7,2;0;0;3,1;272
1149;6;0;0;2,1;266
1150;5;0;0;0;263
1151;4,8;0;0;2,1;263
1152;4;0;0;0;259
1153;3;0;0;2,1;256
1154;3,4;0;0;2,6;259
1155;3,2;0;0;1,3;257
1156;3;0;0;0;254
1157;2,8;0;0;0;255
1158;3;0;0;0;254
1159;5;0;0;2,1;264
1160;4,6;26;23;2,1;265
1161;7;182;364;0;275
1162;9;369;748;0;289
1163;11;521;837;0;300
1164;12;625;893;2,1;304
1165;12;668;903;2,1;304
1166;14;644;895;3,1;314
1167;13;535;722;3,1;311
1168;13;365;478;0;311
1169;13,4;178;189;0;313
1170;12;48;57;0;307
1171;11;0;0;0;299
1172;10;0;0;0;291
1173;11;0;0;4,1;295
1174;11;0;0;5,1;295
1175;11;0;0;0;296
1176;8;0;0;0;281
1177;8;0;0;0;280
1178;8,2;0;0;0;282
1179;9;0;0;0;292
1180;9;0;0;2,1;296
1181;9,6;0;0;2,1;304
1182;9;0;0;4,1;301
1183;9;0;0;2,6;300
1184;8,8;13;0;3,1;300
1185;9,9;97;54;1,5;305
1186;11;214;89;0;308
1187;12,4;329;137;2,1;313
1188;12,2;394;175;2,3;310
1189;12;421;102;2,6;306
1190;14,6;406;174;2,1;314
1191;12;326;60;2,1;302
1192;12,5;223;63;2,1;306
1193;13;115;11;2,1;308
1194;12;25;0;2,1;311
1195;11;0;0;0;311
1196;13;0;0;0;325
1197;10;0;0;2,1;316
1198;9;0;0;0;312
1199;10,2;0;0;0;319
1200;9;0;0;0;312
1201;9;0;0;2,1;312
1202;9,6;0;0;0;317
1203;9,6;0;0;0;317
1204;9,1;0;0;0;309
1205;8,6;0;0;0;302
1206;8;0;0;0;296
1207;8;0;0;0;294
1208;8;13;0;2,1;292
1209;7;89;16;0;288
1210;8;178;15;0;292
1211;10,6;252;36;0;300
1212;11;302;52;0;305
1213;11;322;53;0;307
1214;12;311;53;0;315
1215;12;239;6;2,6;313
1216;11;155;1;4,1;311
1217;11,4;74;0;2,6;314
1218;11;19;0;5,1;314
1219;10;0;0;4,1;312
1220;8,6;0;0;2,1;310
1221;8;0;0;3,1;306
1222;8;0;0;0;306
1223;6,2;0;0;5,1;298
1224;5;0;0;2,1;285
1225;5;0;0;2,1;281
1226;5,2;0;0;2,1;277
1227;4;0;0;4,1;274
1228;4;0;0;3,1;274
1229;5,8;0;0;4,1;282
1230;5;0;0;5,1;276
1231;5;0;0;5,1;276
1232;6,2;28;47;5,1;277
1233;6,6;185;324;6,1;279
1234;7;376;646;7,2;279
1235;9;539;832;7,7;289
1236;8;606;631;5,1;287
1237;8;560;364;5,1;287
1238;9,2;415;180;8,7;290
1239;8;305;61;5,1;289
1240;7;183;17;8,8;287
1241;7;76;0;7,7;292
1242;6;20;0;7,7;289
1243;6;0;0;8,2;292
1244;4,4;0;0;7,7;288
1245;4;0;0;7,2;289
1246;4;0;0;6,2;289
1247;4,8;0;0;8,2;301
1248;4,4;0;0;8,2;288
1249;4;0;0;8,2;281
1250;4,2;0;0;3,1;281
1251;3;0;0;4,1;272
1252;3;0;0;6,2;270
1253;4;0;0;5,1;272
1254;3;0;0;5,1;271
1255;3;0;0;7,2;273
1256;4,2;15;0;3,1;282
1257;4;94;49;8,8;283
1258;4;184;43;7,2;288
1259;5;259;16;8,2;299
1260;6;434;231;7,2;292
1261;7;564;364;6,2;290
1262;8,2;616;646;5,1;292
1263;7;517;515;2,1;284
1264;7;372;389;5,1;281
1265;7;205;278;3,6;279
1266;6;51;45;5,1;272
1267;6;0;0;5,1;271
1268;5;0;0;2,1;269
1269;4,5;0;0;2,1;266
1270;4;0;0;2,1;264
1271;4,6;0;0;3,1;267
1272;4;0;0;2,1;263
1273;3;0;0;2,1;260
1274;4,2;0;0;2,1;264
1275;4,2;0;0;2,1;264
1276;4;0;0;3,1;262
1277;3,8;0;0;4,1;262
1278;4;0;0;3,1;262
1279;3;0;0;0;259
1280;3,4;33;117;3,1;262
1281;5;198;354;5,1;266
1282;6;385;720;5,1;270
1283;8,4;538;812;8,2;280
1284;8;630;835;5,1;284
1285;9;659;800;7,2;288
1286;10,2;624;673;6,2;292
1287;10;566;739;7,2;291
1288;10;439;786;5,1;287
1289;10;262;631;5,1;287
1290;9;72;229;0;282
1291;8;1;0;3,1;274
1292;7;0;0;3,1;272
1293;6;0;0;3,1;271
1294;6;0;0;2,6;276
1295;6;0;0;0;281
1296;5,5;0;0;0;284
1297;5;0;0;0;283
1298;4,4;0;0;2,1;287
1299;5;0;0;0;287
1300;4;0;0;2,1;280
1301;4,4;0;0;0;282
1302;5;0;0;0;284
1303;5,1;0;0;0;291
1304;5,2;22;0;0;292
1305;8;119;60;0;304
1306;9;209;50;0;308
1307;10;263;19;0;311
1308;11;410;157;4,1;310
1309;12;523;302;8,2;315
1310;13,2;571;485;8,2;319
1311;13;440;297;8,2;318
1312;12;278;137;8,2;313
1313;12,4;124;14;7,2;318
1314;12;31;0;8,2;318
1315;11;0;0;8,2;317
1316;10,2;0;0;4,1;320
1317;11;0;0;6,2;326
1318;10;0;0;7,7;322
1319;10,6;0;0;6,2;334
1320;11;0;0;5,1;334
1321;11;0;0;7,2;333
1322;11,4;0;0;7,2;339
1323;10;0;0;5,1;329
1324;10,9;0;0;6,1;336
1325;11,8;0;0;7,2;340
1326;11;0;0;6,2;336
1327;11;0;0;8,2;345
1328;12,6;11;0;9,3;355
1329;10,8;63;0;6,7;347
1330;9;121;0;4,1;325
1331;12,6;166;0;10,3;347
1332;11;238;5;9,3;337
1333;12;294;11;9,3;341
1334;13,4;319;58;8,2;352
1335;13;280;49;8,2;346
1336;13;212;31;6,2;346
1337;13,8;125;7;9,3;353
1338;12;32;0;8,2;341
1339;11;0;0;5,1;337
1340;13;0;0;10,8;348
1341;11;0;0;5,1;330
1342;10;0;0;6,2;324
1343;11,8;0;0;7,2;329
1344;10;0;0;6,2;319
1345;10;0;0;3,1;319
1346;12,6;0;0;7,2;335
1347;11;0;0;4,6;324
1348;11;0;0;9,8;324
1349;13,2;0;0;11,8;337
1350;11;0;0;6,2;330
1351;12;0;0;8,2;334
1352;14,8;11;0;16,4;357
1353;8;78;0;5,1;319
1354;8;170;4;4,1;319
1355;12;265;10;8,2;341
1356;12;443;232;5,1;327
1357;11;575;401;5,1;316
1358;14,2;629;624;6,2;325
1359;14,3;561;740;6,2;323
1360;14,5;434;708;6,2;324
1361;14,6;262;552;6,2;321
1362;12;76;238;6,2;311
1363;11;1;0;8,2;306
1364;12;0;0;12,3;313
1365;11;0;0;6,2;308
1366;10;0;0;5,1;304
1367;11,2;0;0;9,3;311
1368;10;0;0;6,2;301
1369;10;0;0;9,3;298
1370;10,8;0;0;7,7;299
1371;10;0;0;8,2;294
1372;9;0;0;4,1;290
1373;10,4;0;0;6,2;297
1374;9;0;0;5,1;289
1375;9;0;0;4,1;290
1376;10,6;39;114;2,1;297
1377;10;211;226;3,1;299
1378;11;387;645;4,1;304
1379;14;521;668;4,1;320
1380;12;547;400;5,1;318
1381;13;476;199;7,2;329
1382;13,2;327;44;12,9;345
1383;12;317;61;4,1;327
1384;12;264;76;3,6;322
1385;12;171;117;4,1;318
1386;9;55;25;2,1;303
1387;8;1;0;2,1;293
1388;9,8;0;0;3,1;298
1389;9;0;0;5,1;291
1390;9;0;0;2,1;291
1391;8,6;0;0;0;292
1392;8;0;0;4,1;291
1393;8;0;0;2,1;294
1394;10,4;0;0;2,6;309
1395;9;0;0;2,1;298
1396;6;0;0;2,1;282
1397;8;0;0;0;288
1398;6;0;0;0;278
1399;7;0;0;2,6;282
1400;7,8;20;0;0;288
1401;8;107;27;0;287
1402;9;198;16;2,1;291
1403;11;272;50;3,1;302
1404;11,9;391;112;2,8;310
1405;12,7;480;199;2,4;313
1406;13,6;519;311;2,1;316
1407;12;497;424;6,2;307
1408;12;405;518;5,1;308
1409;12,6;256;424;5,1;307
1410;11;79;213;5,1;299
1411;10,8;2;0;6,2;297
1412;10,3;0;0;6,2;295
1413;9,8;0;0;4,1;294
1414;9,4;0;0;0;292
1415;9,3;0;0;3,1;291
1416;9,4;0;0;5,1;296
1417;9,7;0;0;5,1;305
1418;10,1;0;0;5,1;307
1419;10,3;0;0;7,2;306
1420;10,4;0;0;8,2;304
1421;10,2;0;0;5,1;301
1422;10,1;0;0;7,2;300
1423;10;0;0;8,2;299
1424;11,4;49;143;7,2;303
1425;11;235;512;5,1;300
1426;12;428;772;7,2;304
1427;14,6;585;868;8,7;316
1428;13;677;860;5,1;313
1429;13;698;772;5,1;318
1430;15;647;676;7,7;330
1431;15;567;692;5,1;329
1432;15;434;634;4,1;328
1433;16,2;264;498;9,8;332
1434;12;75;111;10,3;317
1435;11;2;0;5,1;319
1436;12,6;0;0;8,2;340
1437;11;0;0;7,7;331
1438;10;0;0;5,1;326
1439;10,4;0;0;6,2;330
1440;10;0;0;6,2;311
1441;10;0;0;5,1;305
1442;10,4;0;0;6,2;298
1443;10,3;0;0;7,2;297
1444;10,1;0;0;8,3;294
1445;10;0;0;9,3;292
1446;9;0;0;7,7;292
1447;9;0;0;7,7;295
1448;10;48;115;7,7;304
1449;8;196;315;8,2;296
1450;10;290;176;5,1;309
1451;9,6;281;19;9,8;312
1452;9;493;298;5,1;304
1453;11;644;539;7,2;308
1454;12,6;691;741;8,7;311
1455;12,8;609;842;10,3;308
1456;12;465;753;6,2;307
1457;12,8;284;608;10,3;308
1458;11;88;208;6,2;302
1459;11;3;0;5,1;302
1460;10,2;0;0;4,1;298
1461;10;0;0;0;303
1462;10;0;0;3,1;309
1463;10,4;0;0;0;315
1464;9;0;0;0;307
1465;9;0;0;2,1;307
1466;9,8;0;0;0;305
1467;8,4;0;0;1,5;304
1468;7;0;0;3,1;298
1469;6,6;0;0;6,7;298
1470;6;0;0;4,1;294
1471;6;0;0;5,1;294
1472;5,4;27;0;6,2;294
1473;6;117;4;6,2;294
1474;6;210;45;5,1;289
1475;8;285;20;4,1;295
1476;8;471;228;5,1;292
1477;10;609;367;5,1;298
1478;10,4;665;642;6,2;296
1479;10;595;772;6,2;294
1480;10;465;736;4,1;294
1481;10,4;290;607;6,2;293
1482;10;98;299;5,1;292
1483;10;4;0;5,1;292
1484;8;0;0;3,1;281
1485;7;0;0;5,1;276
1486;7;0;0;6,2;275
1487;7;0;0;4,1;275
1488;6;0;0;0;271
1489;6,1;0;0;2,6;271
1490;6,2;0;0;5,1;273
1491;6,1;0;0;5,1;273
1492;6;0;0;5,1;271
1493;5,2;0;0;3,6;271
1494;4;0;0;2,6;264
1495;4;0;0;2,6;264
1496;4;60;175;0;267
1497;6;254;512;0;273
1498;7;453;799;2,1;272
1499;9,8;614;913;2,1;283
1500;9;720;939;2,1;280
1501;10;759;942;3,1;289
1502;11,6;727;923;2,1;298
1503;11;638;906;2,1;294
1504;11;491;820;3,1;294
1505;11,2;300;654;3,1;298
1506;10;100;268;3,1;292
1507;9;4;0;5,1;289
1508;9,6;0;0;4,1;294
1509;9;0;0;4,1;296
1510;9;0;0;4,1;302
1511;10,6;0;0;2,1;318
1512;9;0;0;0;309
1513;9;0;0;0;309
1514;8,4;0;0;0;305
1515;7,7;0;0;0;302
1516;7;0;0;0;294
1517;7,6;0;0;0;299
1518;7;0;0;0;295
1519;7;0;0;0;294
1520;8,6;30;0;0;303
1521;10;121;10;0;310
1522;11;213;32;3,1;316
1523;12,2;288;50;4,1;322
1524;12;338;52;4,1;325
1525;13;357;52;3,1;334
1526;13,6;345;52;3,1;345
1527;13;367;111;4,1;328
1528;13;328;168;5,1;320
1529;14;226;213;4,1;323
1530;12;74;67;3,1;313
1531;11;3;0;2,1;310
1532;12,2;0;0;3,1;318
1533;11;0;0;4,1;314
1534;12;0;0;5,1;318
1535;12,6;0;0;2,6;326
1536;12;0;0;4,1;326
1537;12;0;0;4,1;332
1538;12,4;0;0;4,1;343
1539;11;0;0;5,1;334
1540;11;0;0;5,1;334
1541;11,8;0;0;4,1;341
1542;11;0;0;6,2;327
1543;11;0;0;6,2;327
1544;12;20;0;4,1;326
1545;11;79;0;6,2;321
1546;11;137;0;3,1;322
1547;12;184;0;5,1;329
1548;11;216;1;7,2;327
1549;11;228;1;7,2;327
1550;11;220;1;9,3;337
1551;9;193;1;5,1;325
1552;9;149;0;7,7;325
1553;11,6;92;0;9,3;340
1554;11;32;0;3,1;334
1555;11;2;0;4,1;334
1556;12,2;0;0;6,2;342
1557;10;0;0;5,1;318
1558;10;0;0;3,1;310
1559;11;0;0;4,1;308
1560;9;0;0;2,1;298
1561;8;0;0;0;294
1562;9,2;0;0;0;297
1563;8;0;0;2,6;290
1564;8;0;0;2,1;290
1565;10;0;0;0;300
1566;8;0;0;0;294
1567;8,7;0;0;0;304
1568;9,4;34;0;0;310
1569;11;126;11;0;316
1570;12;218;32;4,1;323
1571;13,2;292;49;0;330
1572;12;342;51;4,1;320
1573;13;360;51;3,1;324
1574;14;348;51;7,2;322
1575;13;270;10;8,2;325
1576;11;182;2;5,1;317
1577;11,4;93;0;9,3;338
1578;10;33;0;7,2;330
1579;10;2;0;7,2;330
1580;11,6;0;0;10,3;340
1581;10;0;0;7,2;323
1582;10;0;0;5,1;323
1583;11,2;0;0;7,7;325
1584;9;0;0;5,1;317
1585;9;0;0;2,1;317
1586;10;0;0;0;332
1587;9;0;0;0;324
1588;8;0;0;2,6;319
1589;9,2;0;0;2,6;326
1590;8;0;0;0;313
1591;8;0;0;3,1;313
1592;9;36;0;2,1;313
1593;8;129;11;3,1;301
1594;10;221;32;3,1;304
1595;12,2;296;50;4,1;308
1596;11;345;52;3,6;309
1597;12;364;52;3,6;319
1598;13,2;351;52;3,1;331
1599;11;308;50;4,1;321
1600;11;238;33;4,1;321
1601;12,2;148;22;3,1;328
1602;11;47;0;2,1;326
1603;11;2;0;0;326
1604;10,4;0;0;3,1;332
1605;8;0;0;4,1;308
1606;8;0;0;2,6;302
1607;9,6;0;0;0;302
1608;8;0;0;2,1;299
1609;7;0;0;3,1;297
1610;9,6;0;0;3,1;312
1611;8;0;0;3,1;302
1612;9;0;0;4,1;303
1613;9,8;0;0;7,2;300
1614;8;0;0;4,6;294
1615;8;1;0;4,6;296
1616;8,8;59;64;3,6;304
1617;8;196;129;4,1;299
1618;9;315;113;5,1;305
1619;12,8;393;167;4,1;322
1620;11;387;77;4,1;319
1621;11;325;12;3,1;324
1622;12,4;226;7;6,2;338
1623;11;275;11;4,1;325
1624;11,3;268;68;6,2;325
1625;11,6;198;107;4,1;321
1626;11;95;141;5,1;310
1627;11;6;0;5,1;306
1628;11;0;0;6,2;298
1629;10;0;0;7,2;293
1630;8;0;0;0;285
1631;8;0;0;0;287
1632;6;0;0;2,1;277
1633;6;0;0;2,1;277
1634;7,8;0;0;2,1;287
1635;6;0;0;0;278
1636;6;0;0;0;278
1637;7,2;0;0;2,1;285
1638;7;0;0;2,1;286
1639;7;1;0;2,1;291
1640;8,8;26;0;3,1;301
1641;8;103;0;6,2;296
1642;8;202;4;5,1;294
1643;10;303;18;8,2;304
1644;9;353;21;5,1;296
1645;10;372;21;5,1;300
1646;11,8;360;21;10,3;304
1647;11;350;38;10,3;300
1648;11;297;104;9,3;302
1649;11;202;120;8,2;301
1650;9;80;61;7,2;293
1651;8;5;0;5,1;289
1652;8,8;0;0;8,2;288
1653;8;0;0;5,1;284
1654;8;0;0;4,1;284
1655;8,4;0;0;2,1;287
1656;8;0;0;2,1;288
1657;7,9;0;0;1;290
1658;7,8;0;0;0;290
1659;7;0;0;2,1;287
1660;6;0;0;0;285
1661;7,2;0;0;0;294
1662;6;0;0;0;287
1663;6;1;0;0;290
1664;7,4;42;0;0;298
1665;6;137;5;0;294
1666;8;231;15;0;303
1667;9,6;305;51;0;311
1668;11;394;38;2,1;316
1669;11;453;90;0;313
1670;12,2;472;167;2,1;317
1671;11;351;77;2,1;314
1672;11;217;18;5,1;318
1673;10,6;98;0;2,1;329
1674;9;37;0;2,1;321
1675;9,3;2;0;2,6;324
1676;9,6;0;0;3,1;326
1677;8;0;0;4,1;306
1678;7;0;0;4,1;298
1679;8;0;0;0;302
1680;6;0;0;0;289
1681;5;0;0;2,6;282
1682;6,4;0;0;0;286
1683;6;0;0;0;284
1684;6;0;0;0;283
1685;5,8;0;0;0;280
1686;5;0;0;0;278
1687;5;2;0;0;278
1688;7;44;0;0;289
1689;8;123;5;0;292
1690;9;177;3;2,1;297
1691;10,8;196;1;2,1;305
1692;10;226;1;0;304
1693;11;238;1;2,1;309
1694;12,4;230;1;3,1;318
1695;11;243;5;2,1;311
1696;11;218;5;3,1;314
1697;11,8;156;12;0;318
1698;11;60;0;3,1;315
1699;9;4;0;6,2;309
1700;9;0;0;3,1;311
1701;8;0;0;6,2;305
1702;8;0;0;2,1;301
1703;7,8;0;0;3,1;307
1704;7;0;0;3,1;297
1705;5;0;0;0;284
1706;6;0;0;0;284
1707;5;0;0;8,2;271
1708;4;0;0;0;271
1709;7,2;0;0;0;284
1710;8;0;0;3,1;287
1711;8;3;0;3,1;287
1712;10,2;97;270;5,1;297
1713;10;299;566;4,1;294
1714;11;496;796;5,1;300
1715;13,6;652;876;3,1;312
1716;13;755;896;5,1;309
1717;13;794;901;5,1;309
1718;15;766;897;5,1;318
1719;13;679;896;4,1;307
1720;13;529;830;4,1;302
1721;14,6;335;691;4,1;311
1722;12;129;386;2,6;299
1723;12;9;0;2,1;305
1724;11,8;0;0;3,1;306
1725;11;0;0;0;302
1726;10;0;0;0;297
1727;10;0;0;2,1;299
1728;9;0;0;0;293
1729;9;0;0;0;293
1730;9,2;0;0;0;295
1731;9,2;0;0;0;295
1732;9;0;0;2,1;300
1733;10,6;0;0;2,1;314
1734;10;0;0;0;308
1735;9;3;0;0;298
1736;11;85;137;0;304
1737;13;236;289;0;312
1738;13;352;167;2,1;312
1739;13,8;407;118;0;316
1740;13;471;162;0;312
1741;13;494;161;2,1;313
1742;16;477;161;2,1;327
1743;15;450;211;3,1;326
1744;16;371;168;5,1;337
1745;16;248;144;5,1;341
1746;15;110;210;0;334
1747;14;9;0;2,1;321
1748;13,6;0;0;0;316
1749;13;0;0;0;312
1750;13;0;0;2,1;313
1751;13;0;0;0;315
1752;12;0;0;0;309
1753;12;0;0;3,1;309
1754;12;0;0;0;312
1755;11;0;0;0;306
1756;9;0;0;0;295
1757;9,8;0;0;0;300
1758;10;0;0;0;299
1759;11;4;0;0;304
1760;12;66;28;0;310
1761;12;229;216;3,1;309
1762;14;424;415;4,1;318
1763;16;605;618;5,1;327
1764;16;643;490;0;326
1765;17,2;597;326;0;324
1766;18,4;482;148;0;329
1767;16;423;162;5,1;320
1768;16;330;86;3,1;326
1769;16;210;87;3,1;327
1770;14;100;87;0;317
1771;14;9;0;0;317
1772;13,4;0;0;0;316
1773;12;0;0;0;307
1774;12;0;0;0;301
1775;11,2;0;0;0;301
1776;11;0;0;2,1;297
1777;11;0;0;0;297
1778;10,6;0;0;0;297
1779;9;0;0;0;288
1780;9;0;0;0;288
1781;8,4;0;0;0;284
1782;8;0;0;0;282
1783;9;6;0;0;287
1784;9,8;110;290;0;293
1785;13;314;566;0;305
1786;13;510;791;0;305
1787;15,8;665;865;0;319
1788;15;718;668;0;316
1789;16;654;458;2,6;327
1790;17;482;171;2,1;332
1791;16;454;208;5,1;328
1792;16;377;168;5,1;327
1793;16,2;254;146;4,1;328
1794;15;111;127;4,1;322
1795;14;9;0;4,1;318
1796;14,2;0;0;2,1;322
1797;13;0;0;5,1;314
1798;13;0;0;4,1;316
1799;12,8;0;0;0;314
1800;11;0;0;0;304
1801;11;0;0;0;304
1802;10,8;0;0;0;305
1803;10;0;0;0;299
1804;11;0;0;4,1;305
1805;13;0;0;4,1;316
1806;12;0;0;5,1;314
1807;12;5;0;5,1;314
1808;13,8;96;150;6,2;323
1809;14;248;291;5,1;322
1810;15;363;199;5,1;328
1811;17,4;417;117;7,2;333
1812;17;443;117;7,2;332
1813;16;425;71;5,1;328
1814;17;369;18;8,2;334
1815;16;325;49;5,1;332
1816;16;254;33;5,1;338
1817;15,2;163;8;7,2;340
1818;14;66;0;8,2;333
1819;14;5;0;6,2;333
1820;15;0;0;7,2;338
1821;14;0;0;7,2;330
1822;14;0;0;4,1;328
1823;14,2;0;0;2,1;327
1824;13;0;0;0;319
1825;12;0;0;0;313
1826;14;0;0;4,1;322
1827;13;0;0;0;323
1828;13;0;0;2,1;329
1829;12,6;0;0;7,2;332
1830;11;0;0;0;316
1831;10;4;0;0;307
1832;11,8;88;91;3,1;310
1833;12;273;351;2,1;309
1834;13;476;571;2,1;313
1835;16,4;652;724;6,2;331
1836;16;740;767;5,1;332
1837;17;761;728;6,2;340
1838;18,8;719;649;5,1;351
1839;17;603;540;7,7;340
1840;17;441;389;4,1;342
1841;16;260;228;5,1;337
1842;16;95;65;4,1;336
1843;15;7;0;3,1;333
1844;14,6;0;0;0;335
1845;13;0;0;0;328
1846;13;0;0;0;324
1847;13,6;0;0;0;329
1848;13;0;0;0;324
1849;12;0;0;2,1;317
1850;12,8;0;0;2,1;320
1851;12;0;0;2,1;316
1852;12;0;0;0;318
1853;12;0;0;0;322
1854;11;0;0;0;314
1855;11;4;0;3,1;312
1856;12,4;59;0;2,1;318
1857;12;157;12;4,1;316
1858;12;250;34;6,2;316
1859;12,8;325;50;5,1;313
1860;13;330;11;5,1;319
1861;13;299;7;6,2;321
1862;12,6;240;3;7,7;323
1863;11;212;1;5,1;314
1864;11;166;0;7,7;311
1865;11,2;107;0;7,7;312
1866;10;53;0;8,2;305
1867;10;5;0;8,2;299
1868;9,4;0;0;7,7;299
1869;9;0;0;7,2;294
1870;9;0;0;8,2;293
1871;9;0;0;7,7;291
1872;9;0;0;6,2;295
1873;8;0;0;3,1;298
1874;7,6;0;0;5,1;302
1875;7;0;0;7,2;294
1876;7;0;0;4,1;290
1877;7;0;0;5,1;286
1878;6;0;0;0;279
1879;6;7;0;4,1;279
1880;7,4;119;239;2,6;282
1881;8;303;392;6,2;288
1882;9;468;409;7,2;294
1883;9,8;580;482;6,2;307
1884;10;622;295;5,1;303
1885;10;588;238;8,2;305
1886;10;497;120;6,2;309
1887;11;470;127;4,1;312
1888;12;391;229;2,6;316
1889;11,2;267;152;0;313
1890;11;111;97;3,1;309
1891;9;10;0;5,1;295
1892;9;0;0;5,1;288
1893;9;0;0;5,1;287
1894;8;0;0;3,1;282
1895;8,8;0;0;2,1;286
1896;7;0;0;0;278
1897;6,1;0;0;0;272
1898;5,2;0;0;0;269
1899;6;0;0;0;270
1900;6;0;0;0;271
1901;6;0;0;2,1;273
1902;6;0;0;0;271
1903;6;8;0;2,1;271
1904;7,8;83;40;0;281
1905;9;267;245;0;291
1906;10;483;541;3,1;299
1907;12,2;674;743;2,1;310
1908;12;783;830;2,6;308
1909;12;826;893;3,1;308
1910;13,8;800;900;3,1;314
1911;13;706;878;2,1;309
1912;10,6;552;808;2,1;300
1913;13,6;359;684;3,1;312
1914;13;150;402;2,1;309
1915;12;14;0;3,1;299
1916;10,6;0;0;2,1;295
1917;10;0;0;0;291
1918;10;0;0;2,1;292
1919;10,2;0;0;0;294
1920;10;0;0;0;292
1921;9;0;0;0;288
1922;9,2;0;0;0;289
1923;9;0;0;0;287
1924;9;0;0;0;287
1925;9;0;0;0;288
1926;8;0;0;0;282
1927;8;11;0;2,1;282
1928;10,6;137;354;0;296
1929;12;324;542;0;301
1930;13;441;371;0;305
1931;14,8;434;144;2,1;314
1932;14;496;108;2,1;311
1933;15;518;108;3,1;315
1934;15,8;498;108;3,1;320
1935;15;372;73;4,1;330
1936;15;233;18;4,1;342
1937;15;109;0;4,1;365
1938;14;55;0;4,1;337
1939;13;6;0;2,6;323
1940;13,4;0;0;1,5;317
1941;12;0;0;0;310
1942;12;0;0;0;310
1943;12,4;0;0;0;312
1944;12;0;0;0;309
1945;12;0;0;0;303
1946;11,6;0;0;0;303
1947;11;0;0;0;298
1948;11;0;0;0;298
1949;10,8;0;0;0;299
1950;10;0;0;0;295
1951;11;5;0;0;300
1952;11;55;0;0;306
1953;12;127;0;0;310
1954;13;181;1;2,1;317
1955;15,2;211;1;3,1;327
1956;14;335;12;5,1;320
1957;16,6;438;90;6,2;333
1958;16,6;498;177;6,2;333
1959;16;407;83;6,2;329
1960;17;292;83;5,1;335
1961;16,4;171;15;6,2;333
1962;15;89;18;6,2;330
1963;14;10;0;5,1;325
1964;14,6;0;0;6,2;329
1965;13;0;0;5,1;321
1966;13;0;0;6,2;320
1967;14;0;0;3,1;321
1968;13;0;0;5,1;316
1969;13;0;0;5,1;316
1970;13,8;0;0;2,1;321
1971;13;0;0;2,1;316
1972;13;0;0;2,1;316
1973;13,4;0;0;0;318
1974;12;0;0;0;310
1975;12;6;0;2,1;310
1976;14,2;69;0;0;321
1977;14;186;11;2,1;320
1978;15;316;89;2,1;326
1979;17,2;436;120;4,1;336
1980;16;498;153;4,1;330
1981;16;519;152;5,1;331
1982;17,6;500;153;4,1;338
1983;17;409;88;7,2;335
1984;17;294;83;6,2;335
1985;16,6;173;15;3,1;334
1986;16;66;0;2,1;341
1987;15;6;0;3,1;341
1988;13,6;0;0;8,2;351
1989;9;0;0;2,1;326
1990;11;0;0;7,7;337
1991;11,2;0;0;4,1;339
1992;10;0;0;5,1;319
1993;10;0;0;7,2;312
1994;11,6;0;0;7,2;318
1995;10;0;0;5,1;307
1996;11;0;0;5,1;311
1997;12;0;0;7,7;313
1998;11;0;0;7,2;312
1999;11;9;0;3,1;314
2000;11,8;72;0;0;322
2001;12;255;201;6,2;319
2002;13;485;473;7,2;322
2003;15,8;689;702;7,2;330
2004;14;706;574;4,1;324
2005;14;598;271;4,1;324
2006;16,4;388;49;8,2;336
2007;14;343;50;8,2;326
2008;14,4;269;46;3,1;332
2009;14,4;176;24;3,1;332
2010;13;114;92;2,1;321
2011;13;15;0;2,1;318
2012;13,2;0;0;0;313
2013;11;0;0;2,1;303
2014;11;0;0;4,1;303
2015;12,2;0;0;0;309
2016;12;0;0;3,1;308
2017;12;0;0;5,1;308
2018;13,2;0;0;7,2;314
2019;12,6;0;0;6,7;311
2020;12;0;0;6,2;307
2021;13;0;0;5,1;312
2022;12;0;0;4,6;304
2023;12;14;0;4,6;304
2024;14;152;260;6,2;314
2025;14;360;565;2,6;316
2026;14;557;775;3,1;318
2027;16,4;713;854;2,6;331
2028;15;812;881;2,1;323
2029;16;845;880;2,1;329
2030;18,2;812;874;4,1;340
2031;17;696;759;3,1;334
2032;17;521;600;3,1;331
2033;17,4;314;362;3,1;333
2034;16;132;159;3,1;327
2035;15;14;0;2,1;322
2036;15,4;0;0;2,1;326
2037;14;0;0;0;318
2038;13;0;0;0;313
2039;13,4;0;0;0;317
2040;13;0;0;3,1;313
2041;13;0;0;2,6;308
2042;14,2;0;0;3,1;314
2043;13,6;0;0;2,6;312
2044;13;0;0;2,1;308
2045;13,2;0;0;3,1;310
2046;12;0;0;3,1;303
2047;13,2;16;0;3,1;311
2048;14,4;160;279;3,1;316
2049;14;370;634;4,1;312
2050;15;564;782;0;324
2051;17,4;718;853;0;335
2052;16;815;876;3,1;329
2053;16;851;883;3,1;328
2054;17,4;817;877;3,1;335
2055;17;719;857;3,1;335
2056;17;568;810;3,1;334
2057;18,2;375;676;2,1;337
2058;17;165;405;0;332
2059;15;18;0;0;323
2060;15,2;0;0;0;327
2061;14;0;0;5,1;318
2062;14;0;0;4,1;317
2063;14;0;0;0;320
2064;13;0;0;3,1;311
2065;13;0;0;1;312
2066;13,2;0;0;3,1;314
2067;12;0;0;0;311
2068;11;0;0;0;309
2069;11;0;0;0;311
2070;10;0;0;0;309
2071;11;13;0;0;317
2072;12,2;103;51;5,1;329
2073;12,1;234;104;5,6;321
2074;12;358;156;6,2;312
2075;14,8;453;159;6,2;319
2076;14;551;182;6,2;319
2077;14;610;226;6,2;318
2078;15,6;617;283;10,3;326
2079;15;487;152;7,2;331
2080;14;333;103;5,1;333
2081;14,2;182;26;9,3;342
2082;11;80;0;7,2;318
2083;10;9;0;4,1;307
2084;10;0;0;3,1;302
2085;9;0;0;5,1;296
2086;9;0;0;3,1;296
2087;10,4;0;0;0;301
2088;9;0;0;2,1;297
2089;9;0;0;0;298
2090;11,6;0;0;7,7;310
2091;11;0;0;7,2;305
2092;11;0;0;7,2;305
2093;11,4;0;0;9,3;306
2094;10;0;0;8,2;299
2095;10;18;0;9,3;298
2096;11,8;171;297;8,2;304
2097;12;381;642;6,2;308
2098;12;571;772;10,3;308
2099;13,4;712;804;9,3;315
2100;13;809;829;7,2;312
2101;13;843;835;8,2;311
2102;15;810;831;9,3;321
2103;14;715;813;9,3;316
2104;14;565;774;10,3;316
2105;15;374;642;10,3;319
2106;14;169;404;10,3;316
2107;13,5;20;0;10,3;314
2108;13;0;0;10,3;309
2109;13;0;0;7,2;307
2110;12;0;0;6,2;297
2111;12,2;0;0;8,2;300
2112;12;0;0;8,2;297
2113;12;0;0;5,1;297
2114;11,6;0;0;8,2;297
2115;10;0;0;7,2;289
2116;10;0;0;3,6;288
2117;11,8;0;0;3,1;295
2118;10;0;0;8,2;289
2119;10;21;0;6,2;289
2120;11,4;177;308;4,1;297
2121;12;393;676;7,2;297
2122;13;591;823;7,2;302
2123;15;745;888;6,2;313
2124;15;842;911;5,1;312
2125;15;874;910;4,1;318
2126;16,2;836;897;2,6;323
2127;16;732;856;4,1;322
2128;15;573;768;4,1;312
2129;15,2;375;632;6,2;313
2130;14;169;386;5,1;308
2131;13;20;0;3,1;303
2132;12,6;0;0;2,1;303
2133;12;0;0;2,1;299
2134;11;0;0;2,1;295
2135;11,4;0;0;0;300
2136;11;0;0;0;294
2137;11;0;0;0;294
2138;9,8;0;0;0;291
2139;9;0;0;0;286
2140;9;0;0;0;287
2141;9;0;0;0;288
2142;9;0;0;0;286
2143;9;22;0;0;291
2144;11,4;180;303;0;304
2145;13;393;654;0;310
2146;15;588;798;0;320
2147;16;739;858;5,1;327
2148;16;829;863;8,2;331
2149;16;853;840;7,2;331
2150;16,4;807;798;7,2;335
2151;17;703;722;7,2;337
2152;17;545;651;9,3;338
2153;16;354;486;7,2;333
2154;15;167;354;8,2;328
2155;15;21;0;5,1;324
2156;14,5;0;0;5,1;321
2157;14;0;0;4,1;318
2158;13,4;0;0;6,2;315
2159;12,5;0;0;4,1;310
2160;11,4;0;0;2,6;304
2161;10,1;0;0;4,6;315
2162;8,9;0;0;5,1;309
2163;7,9;0;0;5,1;304
2164;7,2;0;0;5,1;300
2165;6,8;0;0;5,1;299
2166;6,4;0;0;5,3;297
2167;6,4;8;0;5,5;298
2168;6,2;54;0;5,7;294
2169;7;142;0;5,5;297
2170;7,8;248;9;5,3;297
2171;8,6;354;18;5,1;299
2172;9,3;487;126;5,5;304
2173;9,9;586;226;5,8;308
2174;10,6;631;235;6,2;307
2175;10,5;608;342;6,5;303
2176;10,3;515;448;6,9;302
2177;10,2;359;401;7,2;300
2178;9,4;165;301;6,5;294
2179;8,6;20;0;5,8;291
2180;7,8;0;0;5,1;285
2181;7,3;0;0;4,8;283
2182;6,7;0;0;4,4;280
2183;6,2;0;0;4,1;275
2184;6,2;0;0;4,1;275
2185;6,2;0;0;4,1;276
2186;6,2;0;0;4,1;276
2187;5,7;0;0;4,1;274
2188;5,1;0;0;4,1;271
2189;4,6;0;0;4,1;269
2190;5,5;0;0;4,1;272
2191;6,5;21;0;4,1;275
2192;7,4;156;156;4,1;279
2193;8,8;338;331;4,6;283
2194;10,2;507;397;5,2;288
2195;11,6;638;445;5,7;294
2196;12,4;721;495;5,9;302
2197;13,2;748;490;6;306
2198;14;718;492;6,2;310
2199;14;673;518;6,4;310
2200;14;558;645;6,5;309
2201;14;383;647;6,7;310
2202;14;171;300;6,5;309
2203;14;20;0;6,4;310
2204;14;0;0;6,2;310
2205;12,7;0;0;4,1;306
2206;11,3;0;0;2,1;301
2207;10;0;0;0;293
2208;9,5;0;0;0;295
2209;9,1;0;0;0;300
2210;8,6;0;0;0;300
2211;8,7;0;0;0,7;299
2212;8,9;0;0;1,4;295
2213;9;0;0;2,1;291
2214;9,3;0;0;2,3;293
2215;9,7;20;0;2,4;295
2216;10;182;274;2,6;297
2217;12,1;377;537;2,8;309
2218;14,3;537;606;2,9;317
2219;16,4;636;486;3,1;326
2220;17,1;718;494;3,6;332
2221;17,7;745;491;4,1;338
2222;18,4;715;493;4,6;344
2223;18,3;669;577;4,1;344
2224;18,1;552;655;3,6;339
2225;18;378;611;3,1;336
2226;16,8;177;394;2,8;330
2227;15,6;22;0;2,4;318
2228;14,4;0;0;2,1;313
2229;13,9;0;0;1,4;310
2230;13,5;0;0;0,7;309
2231;13;0;0;0;306
2232;12,5;0;0;0;305
2233;12,1;0;0;0;303
2234;11,6;0;0;0;301
2235;12;0;0;4,1;302
2236;11,6;0;0;2,1;300
2237;11,2;0;0;0;298
2238;11,7;0;0;0;301
2239;12,3;26;33;0;304
2240;12,8;192;308;0;306
2241;12,8;407;657;0;306
2242;12,8;604;804;0;306
2243;12,8;758;873;0;306
2244;12,8;855;897;0;306
2245;16,3;884;893;1,5;323
2246;19,8;847;910;3,1;341
2247;19,8;748;863;3,4;340
2248;19,8;594;821;3,8;339
2249;19,8;396;684;4,1;338
2250;18,3;182;414;2,7;332
2251;16,7;23;0;1,4;326
2252;15,2;0;0;0;320
2253;15,2;0;0;0,4;319
2254;15,1;0;0;0,9;319
2255;15,1;0;0;1,3;319
2256;15,1;0;0;1,7;318
2257;15;0;0;2,2;318
2258;15;0;0;2,6;318
2259;13,7;0;0;1,7;311
2260;12,5;0;0;0,9;306
2261;11,2;0;0;0;299
2262;11,8;0;0;0;303
2263;12,4;27;38;0;306
2264;13;196;308;0;309
2265;15,5;410;652;1;320
2266;17,9;607;797;2,1;331
2267;20,4;759;864;3,1;343
2268;20,4;856;889;3,1;343
2269;20,4;888;893;3,1;342
2270;20,4;853;892;3,1;341
2271;20,3;754;868;3,1;341
2272;20,1;598;825;3,1;339
2273;20;399;686;3,1;338
2274;18,5;184;417;2,1;331
2275;17,1;23;2;1;325
2276;15,6;0;0;0;317
2277;14,6;0;0;0;313
2278;13,6;0;0;0;309
2279;12,6;0;0;0;305
2280;11,9;0;0;0;301
2281;11,3;0;0;0;298
2282;10,6;0;0;0;295
2283;10,3;0;0;0;295
2284;10,1;0;0;0;294
2285;9,8;0;0;0;293
2286;11,3;0;0;0;300
2287;12,7;28;26;0;307
2288;14,2;183;233;0;314
2289;14,9;353;350;0,5;318
2290;15,6;473;318;1;322
2291;16,3;519;171;1,5;332
2292;17;489;124;2,1;336
2293;17,7;394;18;2,6;340
2294;18,4;255;3;3,1;344
2295;17,9;270;19;3,1;342
2296;17,5;248;28;3,1;340
2297;17;188;16;3,1;337
2298;16,5;97;4;3,1;328
2299;16,1;14;0;3,1;326
2300;15,6;0;0;3,1;324
2301;14,9;0;0;2,1;320
2302;14,3;0;0;1;316
2303;13,6;0;0;0;311
2304;12,9;0;0;0;307
2305;12,3;0;0;0;303
2306;11,6;0;0;0;299
2307;12;0;0;0;302
2308;12,4;0;0;0;306
2309;12,8;0;0;0;309
2310;13,3;0;0;0;311
2311;13,7;25;0;0;313
2312;14,2;172;175;0;315
2313;15,5;332;313;0,9;321
2314;16,9;455;270;1,7;334
2315;18,2;523;160;2,6;340
2316;18,3;532;138;2,6;341
2317;18,3;488;85;2,6;341
2318;18,4;403;6;2,6;342
2319;17,9;315;33;2,6;340
2320;17,3;216;13;2,6;337
2321;16,8;120;0;2,6;335
2322;16,3;68;0;1,7;332
2323;15,9;10;0;0,9;329
2324;15,4;0;0;0;325
2325;14,7;0;0;0;322
2326;14,1;0;0;0;319
2327;13,4;0;0;0;315
2328;13,9;0;0;0;319
2329;14,3;0;0;0;321
2330;14,8;0;0;0;324
2331;14,4;0;0;0;323
2332;14;0;0;0;321
2333;13,6;0;0;0;319
2334;13,9;0;0;0;320
2335;14,3;11;0;0;321
2336;14,6;63;0;0;322
2337;15,7;153;0;0,9;327
2338;16,7;259;9;1,7;331
2339;17,8;365;17;2,6;336
2340;17,9;362;12;2,6;336
2341;18,1;324;8;2,6;337
2342;18,2;259;3;2,6;338
2343;17,7;228;1;2,8;336
2344;17,3;181;0;2,9;335
2345;16,8;122;0;3,1;333
2346;16,1;79;0;2,1;330
2347;15,3;13;0;1;327
2348;14,6;0;0;0;324
2349;14,5;0;0;1,2;322
2350;14,5;0;0;2,4;321
2351;14,4;0;0;3,6;320
2352;14,3;0;0;3,8;324
2353;14,3;0;0;3,9;324
2354;14,2;0;0;4,1;323
2355;14,1;0;0;5;323
2356;14,1;0;0;5,8;322
2357;14;0;0;6,7;322
2358;14,2;0;0;6;323
2359;14,4;29;0;5,3;324
2360;14,6;180;198;4,6;321
2361;15,7;302;170;3,9;331
2362;16,9;327;26;3,3;336
2363;18;233;4;2,6;341
2364;18;262;2;2,8;348
2365;18;271;2;2,9;354
2366;18;260;2;3,1;358
2367;17;275;6;3,8;359
2368;16;253;9;4,4;354
2369;15;192;12;5,1;357
2370;14,3;91;0;6;351
2371;13,7;12;0;6,8;346
2372;13;0;0;7,7;340
2373;11,4;0;0;6,8;319
2374;9,8;0;0;6;307
2375;8,2;0;0;5,1;297
2376;8,3;0;0;5,6;297
2377;8,3;0;0;6,2;296
2378;8,4;0;0;6,7;296
2379;7,9;0;0;6,5;290
2380;7,5;0;0;6,4;282
2381;7;0;0;6,2;275
2382;7,4;0;0;6,7;280
2383;7,8;34;22;7,2;281
2384;8,2;216;392;7,7;284
2385;9,5;428;592;8;289
2386;10,9;620;717;8,4;295
2387;12,2;767;831;8,7;301
2388;12,7;847;792;8,5;306
2389;13,1;859;741;8,4;308
2390;13,6;806;615;8,2;313
2391;13,9;722;720;7;311
2392;14,1;581;719;5,8;307
2393;14,4;396;599;4,6;304
2394;13,2;190;334;3,8;301
2395;12;26;15;2,9;299
2396;10,8;0;0;2,1;296
2397;10,7;0;0;2,3;302
2398;10,5;0;0;2,4;306
2399;10,4;0;0;2,6;309
2400;10,3;0;0;1,7;312
2401;10,3;0;0;0,9;317
2402;10,2;0;0;0;324
2403;10,3;0;0;0,9;319
2404;10,3;0;0;1,7;320
2405;10,4;0;0;2,6;316
2406;10,6;0;0;1,7;309
2407;10,8;32;0;0,9;305
2408;11;207;323;0;298
2409;12,3;385;341;0,9;302
2410;13,5;519;334;1,7;307
2411;14,8;589;227;2,6;312
2412;14,9;550;168;2,9;314
2413;14,9;433;21;3,3;315
2414;15;264;2;3,6;316
2415;14,9;233;1;3,4;316
2416;14,9;186;1;3,3;316
2417;14,8;126;0;3,1;315
2418;14;84;0;2,1;313
2419;13,2;15;0;1;304
2420;12,4;0;0;0;301
2421;11,8;0;0;0;299
2422;11,2;0;0;0;303
2423;10,6;0;0;0;300
2424;10,2;0;0;0;303
2425;9,8;0;0;0;301
2426;9,4;0;0;0;299
2427;9,2;0;0;0;299
2428;9;0;0;0;298
2429;8,8;0;0;0;293
2430;9,7;0;0;0;297
2431;10,7;39;33;0;302
2432;11,6;209;274;0;306
2433;13,1;415;543;1;317
2434;14,5;607;654;2,1;323
2435;16;762;763;3,1;330
2436;16,2;807;627;4,1;337
2437;16,4;766;454;5,2;340
2438;16,6;649;308;6,2;344
2439;16;480;139;5,8;344
2440;15,4;292;17;5,5;339
2441;14,8;126;0;5,1;335
2442;13,5;73;0;4,9;336
2443;12,3;12;0;4,8;331
2444;11;0;0;4,6;333
2445;10,7;0;0;3,1;320
2446;10,3;0;0;1,5;314
2447;10;0;0;0;310
2448;10,1;0;0;0,7;308
2449;10,3;0;0;1,4;306
2450;10,4;0;0;2,1;303
2451;10,3;0;0;2,3;303
2452;10,1;0;0;2,4;302
2453;10;0;0;2,6;301
2454;10,6;0;0;3,1;303
2455;11,2;43;43;3,6;306
2456;11,8;214;349;4,1;305
2457;12,5;390;441;3,8;312
2458;13,2;522;381;3,4;321
2459;13,9;590;279;3,1;327
2460;14,6;589;175;2,8;333
2461;15,3;526;98;2,4;341
2462;16;416;20;2,1;357
2463;16;516;181;2,9;343
2464;16;503;359;3,8;336
2465;16;385;489;4,6;333
2466;14,7;159;176;4,8;327
2467;13,5;17;0;4,9;323
2468;12,2;0;0;5,1;317
2469;12,2;0;0;4,3;320
2470;12,1;0;0;3,4;320
2471;12,1;0;0;2,6;323
2472;12,1;0;0;1,7;327
2473;12;0;0;0,8;332
2474;12;0;0;0;340
2475;12;0;0;0;333
2476;12;0;0;0;327
2477;12;0;0;0;324
2478;12,2;0;0;1,7;328
2479;12,4;23;0;3,4;328
2480;12,6;113;5;5,1;328
2481;13,1;215;14;5,1;335
2482;13,7;307;46;5,1;338
2483;14,2;378;15;5,1;348
2484;15;422;15;4,8;352
2485;15,8;435;15;4,4;356
2486;16,6;417;15;4,1;360
2487;16,6;369;48;4,1;360
2488;16,6;294;45;4,1;360
2489;16,6;200;25;4,1;360
2490;15,3;98;1;5;340
2491;13,9;14;0;5,8;330
2492;12,6;0;0;6,7;321
2493;12,5;0;0;6,2;318
2494;12,3;0;0;5,6;311
2495;12,2;0;0;5,1;307
2496;12;0;0;4,6;310
2497;11,8;0;0;4,1;312
2498;11,6;0;0;3,6;314
2499;11,3;0;0;3,4;310
2500;10,9;0;0;3,3;309
2501;10,6;0;0;3,1;304
2502;11,3;0;0;2,9;308
2503;12,1;49;60;2,8;312
2504;12,8;240;367;2,6;311
2505;14,1;448;631;2,8;320
2506;15,3;620;715;2,9;329
2507;16,6;734;632;3,1;337
2508;17,1;797;558;2,9;341
2509;17,7;798;475;2,8;347
2510;18,2;740;441;2,6;350
2511;17,7;677;489;3,4;347
2512;17,1;557;586;4,3;340
2513;16,6;389;440;5,1;336
2514;15,3;195;352;5,6;327
2515;14,1;29;16;6,2;319
2516;12,8;0;0;6,7;308
2517;12,7;0;0;5,8;307
2518;12,7;0;0;5;307
2519;12,6;0;0;4,1;305
2520;12,4;0;0;2,7;313
2521;12,2;0;0;1,4;319
2522;12;0;0;0;322
2523;11,9;0;0;0;326
2524;11,7;0;0;0;326
2525;11,6;0;0;0;327
2526;11,5;0;0;0;326
2527;11,3;16;0;0;325
2528;11,2;74;0;0;324
2529;11,5;139;0;0;326
2530;11,7;197;1;0;327
2531;12;241;1;0;329
2532;12;269;2;1,4;329
2533;12;278;2;2,7;328
2534;12;266;2;4,1;327
2535;12,4;235;1;2,7;330
2536;12,8;188;1;1,4;333
2537;13,2;128;0;0;332
2538;13;63;0;0,9;331
2539;12,8;10;0;1,7;330
2540;12,6;0;0;2,6;329
2541;12,5;0;0;1,7;329
2542;12,5;0;0;0,9;329
2543;12,4;0;0;0;329
2544;12,1;0;0;0;331
2545;11,7;0;0;0;335
2546;11,4;0;0;0;340
2547;11,7;0;0;1,4;328
2548;12,1;0;0;2,7;322
2549;12,4;0;0;4,1;314
2550;12,9;1;0;4,4;316
2551;13,5;55;70;4,8;319
2552;14;241;337;5,1;316
2553;14,8;446;592;4,3;324
2554;15,6;627;687;3,4;328
2555;16,4;761;718;2,6;332
2556;17,2;840;694;1,7;339
2557;18;857;665;0,8;343
2558;18,8;812;639;0;349
2559;18,1;636;422;2,6;349
2560;17,3;416;171;5,1;352
2561;16,6;202;50;7,7;362
2562;15,9;111;10;7,4;351
2563;15,3;19;0;7;347
2564;14,6;0;0;6,7;338
2565;14,3;0;0;6,9;337
2566;14,1;0;0;7;336
2567;13,8;0;0;7,2;331
2568;13,5;0;0;6,8;329
2569;13,3;0;0;6,3;326
2570;13;0;0;5,9;322
2571;12,7;0;0;5,5;319
2572;12,3;0;0;5;313
2573;12;0;0;4,6;307
2574;12,5;1;0;5,3;309
2575;13,1;59;81;6;311
2576;13,6;246;431;6,7;309
2577;14,9;457;621;6,7;314
2578;16,1;646;696;6,7;319
2579;17,4;791;800;6,7;324
2580;18,3;863;762;6,2;336
2581;19,1;870;699;5,6;346
2582;20;814;619;5,1;355
2583;19,7;720;641;4,4;354
2584;19,5;576;625;3,8;353
2585;19,2;393;497;3,1;351
2586;17,7;200;347;2,1;341
2587;16,1;33;24;1;330
2588;14,6;0;0;0;318
2589;14,1;0;0;0;316
2590;13,7;0;0;0;315
2591;13,2;0;0;0;313
2592;12,6;0;0;0,9;311
2593;12;0;0;1,7;308
2594;11,4;0;0;2,6;306
2595;10,9;0;0;1,7;304
2596;10,3;0;0;0,9;301
2597;9,8;0;0;0;298
2598;11;1;0;0;304
2599;12,2;63;97;0;304
2600;13,4;257;378;0;309
2601;14,9;471;664;0,7;316
2602;16,5;655;762;1,4;330
2603;18;783;768;2,1;337
2604;18,2;871;776;2,3;338
2605;18,4;897;778;2,4;338
2606;18,6;860;779;2,6;339
2607;18,5;778;826;3,3;339
2608;18,3;630;803;3,9;332
2609;18,2;432;678;4,6;332
2610;17,2;216;428;4,1;328
2611;16,2;36;46;3,6;324
2612;15,2;0;0;3,1;320
2613;14,7;0;0;2,1;317
2614;14,3;0;0;1;315
2615;13,8;0;0;0;312
2616;12,7;0;0;0;307
2617;11,7;0;0;0;302
2618;10,6;0;0;0;296
2619;10,5;0;0;0;296
2620;10,5;0;0;0;297
2621;10,4;0;0;0;296
2622;11,8;1;0;0;302
2623;13,2;66;102;0;308
2624;14,6;259;464;0;313
2625;15,9;452;604;0,7;320
2626;17,3;578;485;1,4;328
2627;18,6;603;295;2,1;335
2628;18,9;636;209;2,4;335
2629;19,3;618;167;2,8;342
2630;19,6;554;128;3,1;342
2631;19;491;101;2,6;340
2632;18,3;392;143;2,1;337
2633;17,7;269;81;1,5;335
2634;17,1;135;41;1;326
2635;16,4;23;0;0,5;324
2636;15,8;0;0;0;321
2637;14,3;0;0;0;313
2638;12,7;0;0;0;304
2639;11,2;0;0;0;296
2640;12,7;0;0;0;304
2641;14,3;0;0;0;313
2642;15,8;0;0;0;321
2643;9;0;0;2,6;291
2644;9,1;0;0;2,3;292
2645;9,2;0;0;2,1;287
2646;11;2;0;1,4;295
2647;12,8;69;107;0,7;303
2648;14,6;263;448;0;312
2649;16,4;477;658;0,9;321
2650;18,2;667;778;1,7;331
2651;20;812;841;2,6;341
2652;19,8;894;830;2,8;340
2653;19,6;911;803;2,9;346
2654;19,4;861;765;3,1;345
2655;19,5;762;756;3,6;346
2656;19,7;610;713;4,1;347
2657;19,8;419;608;4,6;348
2658;18,7;216;404;3,1;342
2659;17,7;39;54;1,5;330
2660;16,6;0;0;0;325
2661;16,1;0;0;0,7;322
2662;15,5;0;0;1,4;318
2663;15;0;0;2,1;315
2664;13,8;0;0;1,4;309
2665;12,6;0;0;0,7;304
2666;11,4;0;0;0;298
2667;10,9;0;0;0;296
2668;10,5;0;0;0;294
2669;10;0;0;0;292
2670;11,9;2;0;0;301
2671;13,9;72;112;0;311
2672;15,8;268;455;0;320
2673;17,7;483;668;1;330
2674;19,5;675;791;2,1;339
2675;21,4;821;883;3,1;349
2676;21,5;908;860;2,8;349
2677;21,7;922;829;2,4;356
2678;21,8;864;744;2,1;356
2679;21,6;765;757;2,1;356
2680;21,4;613;715;2,1;355
2681;21,2;421;594;2,1;354
2682;20,3;216;392;1,4;349
2683;19,3;40;53;0,7;338
2684;18,4;0;0;0;334
2685;17,3;0;0;0,7;330
2686;16,1;0;0;1,4;325
2687;15;0;0;2,1;320
2688;14,6;0;0;1,4;317
2689;14,2;0;0;0,7;315
2690;13,8;0;0;0;312
2691;14,4;0;0;0;315
2692;15;0;0;0;317
2693;15,6;0;0;0;320
2694;16,2;2;0;0;323
2695;16,8;73;103;0;326
2696;17,4;261;402;0;329
2697;18,8;420;423;1,2;336
2698;20,2;474;203;2,4;344
2699;21,6;387;77;3,6;351
2700;22,1;429;33;3,4;354
2701;22,5;441;33;3,3;363
2702;23;423;33;3,1;365
2703;23,1;375;33;3,1;365
2704;23,1;301;22;3,1;364
2705;23,2;207;23;3,1;364
2706;22;117;10;2,1;358
2707;20,8;24;0;1;346
2708;19,6;0;0;0;341
2709;19,2;0;0;0;339
2710;18,8;0;0;0;336
2711;18,4;0;0;0;334
2712;18,1;0;0;0;334
2713;17,7;0;0;0;333
2714;17,4;0;0;0;332
2715;17,2;0;0;0;331
2716;17;0;0;0;330
2717;16,8;0;0;0;329
2718;16,8;1;0;0;336
2719;16,8;36;0;0;342
2720;16,8;128;5;0;348
2721;18,3;254;28;0;352
2722;19,9;388;79;0;358
2723;21,4;510;133;0;361
2724;22,6;565;142;0,9;367
2725;23,8;580;142;1,7;374
2726;25;555;142;2,6;380
2727;24,3;510;163;3,3;375
2728;23,7;423;181;3,9;371
2729;23;301;98;4,6;366
2730;21,9;158;111;3,9;361
2731;20,7;32;0;3,3;356
2732;19,6;0;0;2,6;351
2733;18,5;0;0;1,7;345
2734;17,5;0;0;0,9;341
2735;16,4;0;0;0;335
2736;15,9;0;0;0;334
2737;15,5;0;0;0;334
2738;15;0;0;0;332
2739;14,7;0;0;0;336
2740;14,3;0;0;0;339
2741;14;0;0;0;341
2742;14;2;0;0;326
2743;15,4;42;0;0;346
2744;16,8;130;5;0;371
2745;17,7;231;17;1,4;368
2746;18,5;320;22;2,7;366
2747;19,4;389;32;4,1;367
2748;19,8;381;4;4,1;365
2749;20,2;338;2;4,1;364
2750;20,6;270;4;4,1;360
2751;20,7;239;4;4,6;359
2752;20,9;192;2;5,2;359
2753;21;133;0;5,7;353
2754;20,5;82;0;5,5;355
2755;20,1;19;0;5,3;359
2756;19,6;0;0;5,1;359
2757;18,9;0;0;4,1;357
2758;18,3;0;0;3,1;353
2759;17,6;0;0;2,1;351
2760;17,7;0;0;3,3;348
2761;17,9;0;0;4,5;349
2762;18;0;0;5,7;346
2763;17,9;0;0;5,8;345
2764;17,9;0;0;5,9;344
2765;17,8;0;0;5,9;343
2766;17,7;3;0;6;341
2767;17,7;80;107;6,1;336
2768;17,6;271;407;6,2;334
2769;18,7;484;619;5;340
2770;19,7;677;754;3,8;339
2771;20,8;826;812;2,6;344
2772;21,3;908;827;2,8;347
2773;21,9;924;838;2,9;356
2774;22,4;874;765;3,1;358
2775;22,5;763;696;3,4;363
2776;22,7;602;623;3,8;364
2777;22,8;407;465;4,1;364
2778;22,5;210;318;4,1;362
2779;22,3;43;39;4,1;361
2780;22;0;0;4,1;359
2781;20,1;0;0;4,4;350
2782;18,1;0;0;4,8;336
2783;16,2;0;0;5,1;321
2784;15,9;0;0;4,6;320
2785;15,5;0;0;4,1;318
2786;15,2;0;0;3,6;317
2787;14,9;0;0;3,4;316
2788;14,7;0;0;3,3;315
2789;14,4;0;0;3,1;314
2790;15,1;4;0;3,4;317
2791;15,7;84;116;3,8;320
2792;16,4;274;406;4,1;324
2793;17,5;481;594;3,6;329
2794;18,7;665;700;3,1;334
2795;19,8;805;757;2,6;339
2796;20,1;774;483;2,8;348
2797;20,5;586;161;2,9;355
2798;20,8;272;2;3,1;357
2799;20,3;242;1;2,8;354
2800;19,9;194;1;2,4;351
2801;19,4;135;0;2,1;343
2802;18,9;70;0;1,4;341
2803;18,3;15;0;0,7;339
2804;17,8;0;0;0;337
2805;17,3;0;0;1,7;334
2806;16,9;0;0;3,4;332
2807;16,4;0;0;5,1;329
2808;16,1;0;0;4,8;328
2809;15,9;0;0;4,4;327
2810;15,6;0;0;4,1;325
2811;15,2;0;0;3,9;324
2812;14,8;0;0;3,8;323
2813;14,4;0;0;3,6;322
2814;15;4;0;3,8;324
2815;15,6;89;131;3,9;321
2816;16,2;287;457;4,1;323
2817;17,5;501;657;4,4;329
2818;18,9;682;749;4,8;342
2819;20,2;807;753;5,1;348
2820;20,9;891;757;4,8;352
2821;21,7;914;789;4,4;357
2822;22,4;874;774;4,1;361
2823;21,4;774;763;3,8;356
2824;20,4;622;697;3,4;352
2825;19,4;431;596;3,1;347
2826;18,7;207;263;2,1;343
2827;17,9;39;0;1;338
2828;17,2;0;0;0;334
2829;16,9;0;0;0,9;333
2830;16,5;0;0;1,7;332
2831;16,2;0;0;2,6;331
2832;16,1;0;0;2,4;330
2833;15,9;0;0;2,3;329
2834;15,8;0;0;2,1;328
2835;15,3;0;0;1,4;326
2836;14,7;0;0;0,7;323
2837;14,2;0;0;0;321
2838;15,2;3;0;0;326
2839;16,2;60;4;0;324
2840;17,2;179;65;0;329
2841;18,7;373;221;0,7;336
2842;20,1;581;398;1,4;349
2843;21,6;764;581;2,1;357
2844;21,5;822;457;3,3;357
2845;21,5;819;520;4,5;359
2846;21,4;758;448;5,7;359
2847;21,3;673;387;5;358
2848;21,3;542;397;4,3;356
2849;21,2;377;365;3,6;355
2850;20,5;197;203;3,4;352
2851;19,7;43;14;3,3;341
2852;19;0;0;3,1;338
2853;18,1;0;0;2,1;335
2854;17,3;0;0;1;331
2855;16,4;0;0;0;328
2856;15,5;0;0;0;323
2857;14,7;0;0;0;319
2858;13,8;0;0;0;315
2859;14,5;0;0;0,5;317
2860;15,3;0;0;1;320
2861;16;0;0;1,5;322
2862;16,7;5;0;2,1;325
2863;17,5;87;100;2,6;327
2864;18,2;268;345;3,1;330
2865;19,8;464;498;3,4;338
2866;21,4;637;568;3,8;354
2867;23;768;611;4,1;362
2868;23,3;826;524;3,4;370
2869;23,5;824;522;2,8;371
2870;23,8;763;452;2,1;373
2871;23,5;700;466;3,5;370
2872;23,3;581;558;4,8;367
2873;23;415;417;6,2;359
2874;21,9;218;319;4,8;353
2875;20,7;49;51;3,5;346
2876;20,1;1;0;2,1;343
2877;19,5;0;0;2,8;340
2878;18,8;0;0;3,4;337
2879;17,9;0;0;4,1;333
2880;16,8;0;0;4,3;332
2881;15,6;0;0;5,1;327
2882;14,6;0;0;5,1;322
2883;13,8;0;0;5,7;318
2884;13,3;0;0;0;316
2885;13;0;0;4,1;314
2886;12,7;2;0;6,2;316
2887;13;30;0;5,1;319
2888;13;91;0;5,1;323
2889;13;156;0;4,1;323
2890;13;213;1;6,2;324
2891;14,2;256;2;6,2;329
2892;14;444;19;6,2;323
2893;16,4;597;151;8,2;325
2894;16,4;572;101;8,2;325
2895;16,2;608;299;6,6;323
2896;16;555;418;5,1;322
2897;16;423;501;6,2;321
2898;16;233;380;7,7;321
2899;14;57;59;6,2;311
2900;13;1;0;7,2;306
2901;12;0;0;6,2;301
2902;12;0;0;5,1;295
2903;11,2;0;0;2,1;294
2904;10;0;0;3,1;287
2905;10;0;0;2,6;288
2906;10,6;0;0;2,1;292
2907;9;0;0;7,2;284
2908;9;0;0;2,1;285
2909;9;0;0;0;290
2910;9;7;0;0;290
2911;11;103;154;0;302
2912;13,2;303;465;2,1;311
2913;14,6;518;668;1;316
2914;16;708;789;0;321
2915;17,4;855;773;4,1;325
2916;17;945;882;2,6;325
2917;18;973;916;5,1;322
2918;20;933;884;5,1;330
2919;19;825;871;2,6;329
2920;19;669;837;5,1;325
2921;19,2;465;649;4,1;330
2922;18;247;446;4,6;325
2923;17;60;69;5,1;312
2924;16;1;0;4,1;310
2925;14;0;0;3,1;302
2926;13;0;0;3,1;298
2927;12;0;0;0;299
2928;12;0;0;2,1;293
2929;11;0;0;4,1;286
2930;11;0;0;0;290
2931;11;0;0;0;288
2932;10;0;0;3,6;284
2933;8,8;0;0;2,1;282
2934;10;7;0;0;283
2935;12;107;173;2,1;293
2936;14,6;310;483;4,1;309
2937;15;528;649;3,1;308
2938;16;721;769;3,1;311
2939;18,2;856;861;4,1;330
2940;17;941;905;4,1;325
2941;17;962;900;4,1;325
2942;19,2;916;844;4,1;335
2943;18;783;675;4,1;324
2944;19;576;458;3,1;330
2945;19,6;345;209;3,1;333
2946;17;208;160;5,1;324
2947;16;56;41;5,1;320
2948;15,2;1;0;3,1;316
2949;14,6;0;0;2;313
2950;14;0;0;1;309
2951;14;0;0;0;310
2952;13;0;0;0;303
2953;13;0;0;0;303
2954;12,2;0;0;0;305
2955;12,1;0;0;0;304
2956;12;0;0;0;299
2957;12;0;0;2,1;303
2958;13;7;0;0;305
2959;15,1;83;53;0;324
2960;17,2;191;47;0;334
2961;16;387;215;0;328
2962;17;596;398;0;326
2963;19,4;781;568;2,1;336
2964;18;786;456;3,1;333
2965;18;713;338;2,6;338
2966;19,6;571;149;3,6;345
2967;19;541;238;4,1;344
2968;19;464;186;5,1;338
2969;19,2;341;136;5,1;341
2970;18;214;264;4,1;335
2971;17;59;69;2,6;329
2972;16,8;1;0;3,1;328
2973;16;0;0;3,1;325
2974;15;0;0;0;322
2975;15,6;0;0;0;325
2976;14;0;0;0;317
2977;14;0;0;0;317
2978;14,2;0;0;0;318
2979;13;0;0;0;312
2980;13;0;0;0;312
2981;13;0;0;0;311
2982;13;5;0;0;309
2983;14;57;0;0;315
2984;17,2;146;8;0;332
2985;17;298;77;2,1;332
2986;19;469;156;0;340
2987;20,8;629;272;2,1;349
2988;21;621;186;2,1;348
2989;22;550;104;3,1;353
2990;21,8;434;22;3,1;353
2991;21;428;66;2,6;348
2992;21;378;82;0;348
2993;21,2;288;77;0;347
2994;21;143;17;0;354
2995;19;33;0;0;349
2996;18,8;1;0;0;356
2997;17;0;0;0;340
2998;18;0;0;0;340
2999;17,8;0;0;0;333
3000;19;0;0;0;335
3001;21;0;0;2,6;342
3002;21,2;0;0;0;343
3003;18;0;0;0;331
3004;18;0;0;0;329
3005;18,2;0;0;0;333
3006;17;4;0;0;325
3007;17;53;0;0;329
3008;19,2;147;7;0;343
3009;22;247;14;0;356
3010;26;338;12;2,1;369
3011;27,2;404;14;3,1;376
3012;24;728;272;2,1;364
3013;24;915;666;2,6;361
3014;27;923;806;4,1;378
3015;26;826;850;3,1;367
3016;27;664;781;2,6;377
3017;27;467;686;2,6;376
3018;26;251;435;0;371
3019;23;64;82;0;363
3020;23;2;0;0;363
3021;21;0;0;0;359
3022;21;0;0;3,1;357
3023;23;0;0;5,1;363
3024;19;0;0;0;349
3025;19;0;0;0;344
3026;19,2;0;0;0;340
3027;19;0;0;0;338
3028;19;0;0;0;343
3029;19,4;0;0;2,1;346
3030;19;6;0;0;342
3031;22;92;70;0;347
3032;24,6;288;302;0;364
3033;27;510;573;3,6;374
3034;27;709;760;3,1;377
3035;29;862;827;7,2;383
3036;29;946;897;6,2;385
3037;29;967;885;5,1;387
3038;27;928;856;9,3;375
3039;27;824;840;5,1;375
3040;27;666;783;9,3;376
3041;25,6;469;685;8,2;369
3042;24;254;413;8,2;360
3043;23;67;119;9,3;355
3044;22,4;2;0;7,2;351
3045;22;0;0;6,2;349
3046;21;0;0;8,2;345
3047;21,2;0;0;6,2;346
3048;20;0;0;6,2;340
3049;18;0;0;2,1;333
3050;18,4;0;0;0;334
3051;18;0;0;2,1;331
3052;17;0;0;0;327
3053;16,6;0;0;0;329
3054;17;8;0;0;328
3055;17;89;67;0;329
3056;19,8;196;49;0;343
3057;19;391;216;0;340
3058;19;599;390;3,1;340
3059;21,2;780;573;4,1;351
3060;21;790;451;3,1;348
3061;21;715;274;2,1;355
3062;23,2;572;160;3,6;365
3063;22;611;286;4,1;356
3064;23;559;391;4,1;355
3065;21,8;426;473;4,1;354
3066;21;242;366;3,1;348
3067;20;67;88;3,1;342
3068;19,6;2;0;0;341
3069;19;0;0;0;336
3070;18;0;0;0;335
3071;17,6;0;0;0;334
3072;16,8;0;0;0;330
3073;16;0;0;0;325
3074;15,6;0;0;0;324
3075;15,8;0;0;0;325
3076;16;0;0;0;323
3077;14,6;0;0;0;319
3078;14;8;0;0;315
3079;16;107;148;0;327
3080;18,4;307;403;0;337
3081;18;494;553;0;335
3082;18;640;517;0;339
3083;21;719;443;3,1;356
3084;21;764;429;5,1;354
3085;21;751;351;5,1;354
3086;22,8;687;254;5,1;361
3087;22;547;161;6,2;361
3088;21;383;89;4,1;361
3089;21;222;22;6,2;365
3090;20;122;2;5,1;355
3091;19;33;0;3,1;345
3092;19,4;1;0;3,1;345
3093;18;0;0;3,1;337
3094;18;0;0;2,6;337
3095;18,6;0;0;3,1;342
3096;18;0;0;3,1;337
3097;17;0;0;4,1;334
3098;18,2;0;0;3,1;340
3099;17;0;0;3,1;334
3100;17;0;0;3,1;331
3101;18;0;0;5,1;338
3102;17;8;0;3,1;332
3103;17;114;145;4,1;327
3104;20,4;322;459;3,1;344
3105;20;532;692;3,1;344
3106;20;716;779;2,1;351
3107;22,6;854;835;5,1;363
3108;21;921;798;5,1;361
3109;21;918;676;5,1;361
3110;23,4;844;587;5,1;373
3111;23,2;766;653;5,1;373
3112;23;633;655;5,1;371
3113;23,4;453;584;5,1;369
3114;21;248;381;3,1;362
3115;20;69;84;2,1;357
3116;19,8;3;0;4,1;357
3117;17;0;0;3,1;343
3118;17;0;0;0;338
3119;18;0;0;0;337
3120;16;0;0;0;326
3121;16;0;0;0;326
3122;16,2;0;0;0;327
3123;15;0;0;0;319
3124;15;0;0;0;320
3125;15;0;0;0;321
3126;15;11;0;0;320
3127;16;121;217;0;326
3128;18,8;322;451;0;340
3129;18;534;691;0;335
3130;18,8;719;781;0;340
3131;20,8;853;828;2,1;356
3132;20;933;830;3,1;350
3133;21;945;797;4,1;356
3134;21,4;893;750;5,1;358
3135;22;784;687;6,2;360
3136;22;624;602;6,2;353
3137;22;432;474;6,2;353
3138;21;237;320;5,1;348
3139;20;67;65;4,1;342
3140;19,6;3;0;4,1;341
3141;18;0;0;4,1;334
3142;18;0;0;3,1;334
3143;19;0;0;3,1;340
3144;18;0;0;3,1;335
3145;18;0;0;2,1;335
3146;18;0;0;0;337
3147;17;0;0;0;331
3148;17;0;0;0;337
3149;17,4;0;0;0;341
3150;17;5;0;0;338
3151;17;58;0;0;338
3152;19,2;152;7;4,1;350
3153;20;251;14;4,1;354
3154;21;339;21;5,1;358
3155;20,4;405;31;4,1;356
3156;22;496;71;4,1;361
3157;22;557;103;5,1;358
3158;23,8;576;8;6,2;367
3159;23;474;94;5,1;363
3160;23;351;73;6,2;366
3161;22,2;224;15;6,2;362
3162;22;184;105;4,1;361
3163;22;65;51;5,1;352
3164;21,8;3;0;5,1;351
3165;21;0;0;4,1;359
3166;21;0;0;4,1;363
3167;21,2;0;0;3,1;371
3168;20;0;0;2,1;361
3169;19,9;0;0;1;360
3170;19,8;0;0;0;357
3171;18;0;0;0;347
3172;18;0;0;0;347
3173;19,2;0;0;0;354
3174;18;4;0;3,1;351
3175;19;37;0;3,1;358
3176;20,6;97;0;2,1;371
3177;22;161;0;2,1;373
3178;23;216;3;2,1;374
3179;23,4;258;5;2,1;371
3180;22;341;30;3,1;363
3181;22;403;45;3,1;364
3182;23;435;45;2,6;371
3183;22;344;3;4,1;364
3184;23,3;240;11;3,6;372
3185;24,6;142;0;3,1;378
3186;23;95;0;7,2;367
3187;21;32;0;7,2;356
3188;20,8;2;0;6,2;354
3189;20;0;0;4,1;350
3190;19;0;0;0;340
3191;18,8;0;0;0;341
3192;18;0;0;0;335
3193;17;0;0;0;331
3194;17;0;0;0;332
3195;17;0;0;0;331
3196;16;0;0;0;326
3197;16,2;0;0;0;328
3198;15;6;0;0;322
3199;16;59;0;0;327
3200;19,6;154;7;3,1;345
3201;18;224;10;2,1;336
3202;19;260;6;2,1;347
3203;21,2;260;3;2,1;357
3204;20;285;5;4,1;352
3205;21;291;6;3,1;358
3206;22,8;278;5;3,1;369
3207;22;297;2;3,1;369
3208;23;280;28;2,1;377
3209;23,6;225;15;0;383
3210;22;124;3;3,1;372
3211;21;36;0;2,1;364
3212;21;2;0;2,6;359
3213;20;0;0;4,1;352
3214;19;0;0;0;341
3215;17,8;0;0;0;337
3216;17;0;0;0;332
3217;17;0;0;0;333
3218;18,6;0;0;0;340
3219;17;0;0;0;339
3220;17;0;0;0;343
3221;17,6;0;0;0;347
3222;17;6;0;0;347
3223;17;60;0;0;350
3224;18,8;155;7;0;362
3225;18;254;14;2,1;357
3226;19;341;21;0;360
3227;21,6;406;31;2,1;374
3228;21;497;70;2,1;365
3229;22;555;100;4,1;368
3230;22,4;574;86;4,1;366
3231;21;473;91;3,1;358
3232;21;352;72;2,1;351
3233;22,6;225;33;3,6;361
3234;20;125;3;2,1;348
3235;19,9;37;0;2,1;347
3236;19,8;2;0;0;346
3237;18;0;0;0;336
3238;18;0;0;0;335
3239;18;0;0;0;337
3240;17;0;0;0;332
3241;17;0;0;0;332
3242;17,4;0;0;0;335
3243;17;0;0;0;332
3244;17;0;0;0;338
3245;17,4;0;0;0;341
3246;17;9;0;0;338
3247;18;86;51;0;343
3248;21;204;67;0;358
3249;21;401;212;3,1;356
3250;22,5;608;383;6,2;364
3251;24;790;566;7,2;371
3252;24;916;662;7,2;371
3253;24;916;644;3,6;371
3254;24,4;845;598;3,6;377
3255;22;785;665;5,1;364
3256;22,5;657;699;4,9;366
3257;23;476;645;4,6;368
3258;23;264;366;4,6;367
3259;21;79;100;4,1;357
3260;20,4;4;0;2,1;354
3261;20,4;0;0;2,1;354
3262;19;0;0;0;345
3263;20,6;0;0;6,2;355
3264;19;0;0;6,2;345
3265;19;0;0;5,1;345
3266;20;0;0;5,1;354
3267;17;0;0;0;335
3268;18;0;0;3,1;334
3269;17,2;0;0;0;331
3270;17;13;0;3,1;328
3271;19;131;223;4,1;345
3272;21,2;329;435;4,1;359
3273;21;516;584;6,2;355
3274;22;630;455;6,2;354
3275;23,2;643;260;6,2;359
3276;23;770;394;7,7;359
3277;24;844;472;5,1;371
3278;25,8;851;569;5,1;380
3279;24;697;443;4,6;371
3280;23;501;229;3,1;367
3281;21,8;297;96;5,1;363
3282;21;178;52;5,1;357
3283;21;58;0;4,1;355
3284;21,2;3;0;2,1;355
3285;20;0;0;2,1;348
3286;19;0;0;0;336
3287;19,6;0;0;0;341
3288;19;0;0;5,1;336
3289;19;0;0;6,2;338
3290;19,4;0;0;4,1;342
3291;19;0;0;6,2;339
3292;18;0;0;3,1;334
3293;18,2;0;0;3,1;338
3294;18;14;0;3,1;335
3295;18;133;226;0;335
3296;20,8;333;447;0;351
3297;21;545;683;4,1;349
3298;22;727;769;5,1;361
3299;23,8;860;815;5,1;372
3300;23,9;944;833;4,1;372
3301;24;967;838;3,1;372
3302;24,2;926;833;5,1;373
3303;24;827;817;5,1;371
3304;23;673;736;5,1;367
3305;23;481;650;5,1;365
3306;23;270;420;5,1;366
3307;22;83;106;4,1;361
3308;21;5;0;3,6;354
3309;20;0;0;2,6;349
3310;20;0;0;0;342
3311;13,3;0;0;0;314
3312;18;0;0;0;332
3313;18;0;0;3,1;333
3314;19,8;0;0;3,1;344
3315;19;0;0;0;340
3316;17;0;0;0;329
3317;16;0;0;7,2;325
3318;17;14;0;0;329
3319;19;133;223;0;341
3320;21,2;332;436;0;351
3321;20;543;673;2,1;346
3322;21;728;768;3,1;351
3323;23,4;867;833;4,1;364
3324;22;952;854;3,1;356
3325;22;971;847;3,1;363
3326;25,4;923;885;3,1;383
3327;25,2;822;852;4,1;382
3328;25;675;748;5,1;376
3329;24;478;603;5,1;377
3330;23;272;425;5,1;367
3331;23;85;111;4,1;359
3332;22;5;0;2,1;358
3333;20,5;0;0;1;351
3334;19;0;0;0;343
3335;19,4;0;0;0;346
3336;18;0;0;0;337
3337;18,1;0;0;0;339
3338;18,2;0;0;0;339
3339;18;0;0;0;336
3340;18;0;0;0;336
3341;17,8;0;0;0;336
3342;17;14;0;0;331
3343;19;135;224;0;340
3344;21,2;333;434;0;352
3345;21;542;664;0;349
3346;21;724;750;3,1;357
3347;23,8;860;808;3,1;373
3348;23;887;565;3,1;368
3349;24,4;787;388;3,1;376
3350;25,8;577;182;3,1;383
3351;26;675;356;3,1;381
3352;25,9;634;547;3,1;381
3353;25,8;484;643;3,1;380
3354;23;270;362;3,1;369
3355;22,9;84;99;0;368
3356;22,8;5;0;0;369
3357;21;0;0;0;355
3358;21;0;0;0;355
3359;22;0;0;6,2;361
3360;21;0;0;6,2;355
3361;21;0;0;0;355
3362;20,6;0;0;3,1;355
3363;19;0;0;2,1;345
3364;19;0;0;2,1;346
3365;19;0;0;4,1;346
3366;19;15;0;0;345
3367;20;136;228;3,1;344
3368;22;338;447;4,1;356
3369;22;547;677;6,2;355
3370;22;728;759;3,1;363
3371;24,2;862;810;2,1;374
3372;24;947;834;3,1;372
3373;24;970;836;3,1;372
3374;25,2;927;825;5,1;380
3375;24;828;806;4,1;373
3376;24;675;726;5,1;374
3377;25,2;484;641;4,1;379
3378;24;272;365;3,1;373
3379;23;86;103;3,6;366
3380;22;5;0;2,1;362
3381;21;0;0;0;355
3382;21;0;0;3,1;354
3383;21,8;0;0;5,1;359
3384;21;0;0;5,1;354
3385;21;0;0;6,2;355
3386;21,2;0;0;2,1;356
3387;20;0;0;4,1;351
3388;19;0;0;3,1;340
3389;19,2;0;0;5,7;343
3390;19;15;0;3,1;341
3391;19;138;229;3,1;340
3392;21,4;338;443;3,1;354
3393;21;547;673;3,1;351
3394;22;728;758;4,6;356
3395;22;862;808;5,1;364
3396;22;945;823;5,1;364
3397;23;967;825;4,1;369
3398;24,6;928;825;4,1;376
3399;24;829;805;4,1;373
3400;24;677;729;7,2;373
3401;23,2;484;604;6,2;371
3402;22,6;276;416;5,6;366
3403;22;89;113;5,1;360
3404;21,6;6;0;4,1;358
3405;20;0;0;4,1;350
3406;19;0;0;0;345
3407;19,8;0;0;0;350
3408;19,9;0;0;5,1;350
3409;20;0;0;5,1;349
3410;20;0;0;4,1;350
3411;19;0;0;4,1;345
3412;18;0;0;0;333
3413;19;0;0;2,1;340
3414;17;15;0;0;329
3415;19;133;199;3,6;346
3416;21,2;310;330;2,1;357
3417;22;503;480;2,1;363
3418;22;668;555;3,1;367
3419;23,2;793;473;3,1;374
3420;22;827;500;3,1;370
3421;23;790;391;3,1;375
3422;25;695;266;4,1;388
3423;24;727;473;3,1;378
3424;26;653;593;3,6;382
3425;26;490;634;3,1;377
3426;22;269;337;5,1;369
3427;21;83;91;3,1;363
3428;20,4;5;0;3,1;360
3429;19;0;0;3,1;357
3430;20;0;0;5,1;366
3431;19,2;0;0;11,3;365
3432;20;0;0;5,1;366
3433;20;0;0;5,1;360
3434;17,4;0;0;0;344
3435;20;0;0;5,1;353
3436;16;0;0;0;335
3437;16,4;0;0;0;332
3438;16;15;0;3,1;328
3439;18;113;77;4,1;338
3440;20;211;66;4,1;348
3441;21;342;119;4,1;357
3442;21;454;109;4,1;359
3443;21,8;540;133;4,1;365
3444;20;549;64;3,1;358
3445;21;514;70;3,1;366
3446;22;444;69;6,2;374
3447;21;397;31;8,2;366
3448;21;324;20;7,2;359
3449;21,2;233;16;7,2;355
3450;21;176;54;6,2;355
3451;21;69;6;6,2;357
3452;19,8;5;0;5,1;352
3453;19;0;0;5,1;349
3454;19;0;0;5,1;346
3455;20,2;0;0;4,1;355
3456;19;0;0;0;355
3457;18;0;0;3,1;348
3458;19,2;0;0;7,2;353
3459;18;0;0;6,2;344
3460;18;0;0;6,2;342
3461;18;0;0;3,1;340
3462;17;8;0;6,2;339
3463;17;66;0;5,1;345
3464;18,6;161;8;5,1;357
3465;17;230;10;5,1;352
3466;17;265;6;6,2;356
3467;18,8;263;3;8,2;365
3468;17;288;5;6,2;356
3469;17;295;6;8,2;356
3470;16,4;282;5;6,2;351
3471;16;252;4;7,2;348
3472;16;206;3;7,2;348
3473;15,6;148;0;5,1;348
3474;15;85;0;5,1;344
3475;15;28;0;4,1;344
3476;15,8;2;0;2,1;349
3477;15;0;0;2,1;344
3478;14;0;0;2,1;339
3479;15,6;0;0;0;348
3480;14;0;0;2,1;336
3481;14;0;0;0;333
3482;15,8;0;0;2,1;337
3483;14;0;0;3,1;328
3484;14;0;0;0;328
3485;15,8;0;0;0;333
3486;16,9;9;0;0,7;338
3487;18,1;93;57;1,4;337
3488;19,2;253;152;2,1;341
3489;19;427;258;7,2;351
3490;20;594;334;8,2;359
3491;22,6;731;431;8,2;379
3492;22;803;463;8,2;375
3493;23;824;462;7,2;376
3494;24,6;791;467;8,2;383
3495;24;795;594;7,2;372
3496;22,2;685;739;2,1;359
3497;25;495;629;6,2;372
3498;24;284;401;6,2;366
3499;23;95;100;5,1;361
3500;22,2;7;0;2,1;359
3501;20;0;0;0;348
3502;20;0;0;0;342
3503;18,6;0;0;2,1;337
3504;18;0;0;0;333
3505;17;0;0;0;329
3506;17,8;0;0;0;334
3507;17;0;0;0;328
3508;17;0;0;0;335
3509;16,2;0;0;0;333
3510;16;16;0;0;330
3511;17;141;222;0;336
3512;19;341;433;0;345
3513;20;546;650;1,8;353
3514;21;727;739;3,6;358
3515;22,4;864;800;3,1;366
3516;21;942;801;3,1;358
3517;22;955;771;3,1;363
3518;24,6;908;740;6,2;374
3519;24;785;621;6,2;371
3520;24;613;481;6,2;372
3521;23,6;416;343;5,1;370
3522;23;261;308;4,1;366
3523;22;93;104;4,1;361
3524;20,8;7;0;4,1;356
3525;19;0;0;3,1;346
3526;19;0;0;3,1;340
3527;20;0;0;2,1;344
3528;18;0;0;0;334
3529;18;0;0;0;333
3530;17,2;0;0;0;332
3531;17,2;0;0;0;332
3532;17,7;0;0;0;333
3533;18,2;0;0;0;335
3534;16;17;0;0;325
3535;18;142;225;0;336
3536;20,2;343;438;0;348
3537;21;552;669;2,1;350
3538;21;733;755;2,1;357
3539;22,8;864;797;3,1;369
3540;22;948;818;4,1;364
3541;23;969;880;5,1;370
3542;22,8;932;819;6,2;368
3543;23;783;582;7,2;368
3544;23;557;316;7,7;361
3545;22,4;306;111;7,2;361
3546;22;190;52;5,1;357
3547;21;69;4;5,1;353
3548;20;6;0;4,1;349
3549;19;0;0;2,1;342
3550;19;0;0;2,1;341
3551;18,4;0;0;0;340
3552;18;0;0;0;336
3553;19;0;0;2,1;341
3554;17,8;0;0;0;338
3555;17;0;0;0;333
3556;16;0;0;0;328
3557;17,2;0;0;0;333
3558;18;14;0;0;335
3559;19;124;126;3,1;341
3560;21,2;313;322;3,6;353
3561;21;491;412;5,1;350
3562;22;635;447;2,6;363
3563;23,8;731;372;2,6;372
3564;23;708;263;3,1;368
3565;23;606;181;3,1;368
3566;22,6;443;37;4,1;367
3567;23;519;149;5,1;369
3568;23;510;222;5,1;369
3569;23;417;338;5,1;369
3570;23;242;195;3,1;366
3571;22;83;51;2,1;362
3572;21,4;7;0;2,1;361
3573;20;0;0;0;352
3574;20,5;0;0;3,6;356
3575;21;0;0;7,2;355
3576;21;0;0;4,1;349
3577;21;0;0;5,1;350
3578;20,8;0;0;5,1;349
3579;20;0;0;3,1;344
3580;19;0;0;2,6;339
3581;19;0;0;2,6;341
3582;19;16;0;4,1;340
3583;19;136;185;4,1;341
3584;21,8;331;386;4,1;355
3585;22;539;616;5,1;355
3586;23;724;707;5,1;367
3587;23,8;865;778;5,1;374
3588;23;950;821;6,2;368
3589;24;973;823;5,1;373
3590;26;935;821;5,1;383
3591;24;839;805;4,1;371
3592;25;689;733;3,1;374
3593;25,8;497;606;5,1;381
3594;24;288;416;5,1;373
3595;23;100;123;5,1;366
3596;22,2;8;0;5,1;362
3597;21;0;0;2,1;355
3598;20;0;0;0;342
3599;21,4;0;0;0;353
3600;21;0;0;3,1;348
3601;21;0;0;3,1;348
3602;20,8;0;0;2,6;350
3603;19;0;0;5,1;339
3604;19;0;0;3,1;339
3605;19,7;0;0;2,6;344
3606;19,8;17;0;1,3;345
3607;20;144;227;0;344
3608;22,4;344;434;4,1;359
3609;23;553;668;3,1;359
3610;23;731;743;3,1;369
3611;24,6;866;800;3,1;376
3612;24,3;951;821;4,1;374
3613;24;974;822;3,1;373
3614;27;937;825;3,1;387
3615;26;824;733;5,1;382
3616;26;658;614;5,1;381
3617;26,8;457;426;6,2;387
3618;23;276;360;6,2;367
3619;21,8;99;114;5,1;354
3620;21,5;9;0;3,1;352
3621;21,1;0;0;4,1;350
3622;20,8;0;0;2,1;348
3623;20,5;0;0;0;347
3624;20,1;0;0;0;345
3625;19,8;0;0;6,9;372
3626;19,6;0;0;7,2;371
3627;19,4;0;0;6,9;365
3628;19,2;0;0;6,5;361
3629;19,1;0;0;6,2;357
3630;19,1;15;0;6,9;354
3631;20,3;131;126;7,5;357
3632;21,2;329;379;8,2;357
3633;22,2;523;538;8;365
3634;23,2;686;566;7,9;371
3635;24,2;800;542;7,7;379
3636;24,6;879;597;7,7;381
3637;25;901;597;7,7;382
3638;25,4;866;602;7,7;383
3639;24,9;775;548;8;380
3640;24,3;635;529;8,4;377
3641;23,8;458;430;8,7;374
3642;22,9;272;318;7,5;367
3643;22;96;80;6,3;360
3644;21,4;8;0;5,1;352
3645;20,9;0;0;4,8;350
3646;20,5;0;0;4,4;348
3647;20;0;0;4,1;346
3648;19,6;0;0;3,8;344
3649;19,2;0;0;3,4;342
3650;18,8;0;0;3,1;341
3651;18,5;0;0;2,8;340
3652;18,1;0;0;2,4;332
3653;17,8;0;0;2,1;331
3654;18,9;17;0;3,1;335
3655;20,1;132;127;4,1;346
3656;21,2;287;210;5,1;350
3657;22,5;479;360;6,1;362
3658;23,9;657;494;7,2;368
3659;25,2;803;562;8,2;375
3660;26,1;917;659;7,2;379
3661;26,9;967;795;6,1;377
3662;27,8;946;855;5,1;373
3663;27,9;850;813;5,5;374
3664;27,9;699;738;5,8;374
3665;28;505;602;6,2;374
3666;26,9;291;379;5,2;369
3667;25,8;100;93;4,1;364
3668;24,7;8;0;3,1;359
3669;23,6;0;0;2,1;354
3670;22,5;0;0;1;349
3671;21,4;0;0;0;344
3672;21,3;0;0;0,4;345
3673;21,1;0;0;0,7;344
3674;21;0;0;1;345
3675;19,8;0;0;1,4;340
3676;18,6;0;0;1,7;335
3677;17,4;0;0;2,1;330
3678;19,3;13;0;2,1;338
3679;21,3;100;48;2,1;346
3680;23,2;212;50;2,1;354
3681;24,1;428;246;1,4;360
3682;25,1;654;473;0,7;367
3683;26;842;663;0;373
3684;26,7;925;734;0,7;376
3685;27,5;949;738;1,4;379
3686;28,2;912;742;2,1;382
3687;27,5;824;746;2,4;380
3688;26,7;681;700;2,8;378
3689;26;495;597;3,1;376
3690;24,8;287;353;2,8;370
3691;23,6;100;109;2,4;364
3692;22,4;9;0;2,1;358
3693;21,5;0;0;1,4;354
3694;20,7;0;0;0,7;351
3695;19,8;0;0;0;347
3696;19,4;0;0;0;345
3697;19;0;0;0;343
3698;18,6;0;0;0;341
3699;18,4;0;0;0;339
3700;18,2;0;0;0;338
3701;18;0;0;0;337
3702;19,9;17;0;0;346
3703;21,7;141;198;0;354
3704;23,6;337;402;0;363
3705;24,6;546;637;0;369
3706;25,6;731;739;0;374
3707;26,6;871;794;0;380
3708;26,9;955;831;1;382
3709;27,3;978;895;2,1;385
3710;27,6;938;886;3,1;388
3711;27,7;842;802;3,1;386
3712;27,7;692;728;3,1;384
3713;27,8;502;632;3,1;382
3714;26,8;291;367;2,6;377
3715;25,9;102;115;2,1;374
3716;24,9;9;0;1,5;369
3717;23,9;0;0;1;365
3718;23;0;0;0,5;361
3719;22;0;0;0;357
3720;23;0;0;1,5;360
3721;24;0;0;3,1;364
3722;25;0;0;4,6;368
3723;24,3;0;0;3,9;365
3724;23,5;0;0;3,3;361
3725;22,8;0;0;2,6;358
3726;23,8;17;0;2,4;364
3727;24,8;141;196;2,3;370
3728;25,8;339;409;2,1;376
3729;26,5;526;567;2,4;380
3730;27,3;611;359;2,8;391
3731;28;537;179;3,1;395
3732;28,3;546;61;2,1;396
3733;28,7;513;68;1;398
3734;29;444;67;0;399
3735;29,1;592;296;1;400
3736;29,1;598;401;2,1;401
3737;29,2;481;561;3,1;402
3738;28,1;276;301;4,3;395
3739;27,1;96;82;5,5;382
3740;26;9;0;6,7;375
3741;25,2;0;0;6,9;371
3742;24,4;0;0;7;373
3743;23,6;0;0;7,2;369
3744;23,1;0;0;5,8;367
3745;22,7;0;0;4,5;358
3746;22,2;0;0;3,1;356
3747;21,9;0;0;3,6;355
3748;21,7;0;0;4,1;354
3749;21,4;0;0;4,6;353
3750;22,1;17;0;5,1;356
3751;22,9;141;198;5,7;360
3752;23,6;340;409;6,2;364
3753;23,6;547;636;6,2;364
3754;23,6;725;717;6,2;364
3755;23,6;854;753;6,2;364
3756;25,3;922;722;5,2;378
3757;26,9;925;656;4,1;390
3758;28,6;864;553;3,1;404
3759;27,9;754;501;4;402
3760;27,3;601;419;4,8;399
3761;26,6;421;307;5,7;397
3762;25,4;237;171;5,9;393
3763;24,2;81;11;6;386
3764;23;7;0;6,2;383
3765;22,4;0;0;5,5;384
3766;21,8;0;0;4,8;381
3767;21,2;0;0;4,1;378
3768;21,1;0;0;4,8;382
3769;20,9;0;0;5,5;380
3770;20,8;0;0;6,2;386
3771;20;0;0;5,3;375
3772;19,2;0;0;4,5;371
3773;18,4;0;0;3,6;362
3774;18,5;8;0;3,8;369
3775;18,7;67;0;3,9;370
3776;18,8;161;7;4,1;379
3777;19,5;259;13;2,7;382
3778;20,1;347;9;1,4;384
3779;20,8;414;13;0;387
3780;20,1;402;10;1,4;383
3781;19,3;356;7;2,7;389
3782;18,6;285;3;4,1;385
3783;17,3;306;7;3,4;380
3784;16,1;291;10;2,8;365
3785;14,8;238;12;2,1;360
3786;15,3;182;28;1,4;345
3787;15,7;78;7;0,7;341
3788;16,2;8;0;0;332
3789;15,7;0;0;0;329
3790;15,1;0;0;0;326
3791;14,6;0;0;0;324
3792;14,8;0;0;0;324
3793;15;0;0;0;325
3794;15,2;0;0;0;325
3795;15,1;0;0;0,9;328
3796;14,9;0;0;1,7;326
3797;14,8;0;0;2,6;325
3798;15,9;15;0;3,4;339
3799;16,9;100;46;4,3;352
3800;18;161;3;5,1;372
3801;19,1;365;157;5,3;363
3802;20,3;596;360;5,5;360
3803;21,4;803;523;5,7;362
3804;22,1;836;453;4,8;366
3805;22,9;800;345;4;371
3806;23,6;704;232;3,1;376
3807;22,9;598;191;2,9;376
3808;22,1;462;118;2,8;376
3809;21,4;313;81;2,6;378
3810;20,7;208;61;3,6;369
3811;20,1;83;14;4,7;362
3812;19,4;8;0;5,7;355
3813;18,7;0;0;3,8;349
3814;17,9;0;0;1,9;345
3815;17,2;0;0;0;338
3816;16,3;0;0;0;335
3817;15,5;0;0;0;333
3818;14,6;0;0;0;329
3819;15,3;0;0;0;333
3820;16,1;0;0;0;332
3821;16,8;0;0;0;329
3822;17,7;18;0;0,7;333
3823;18,7;141;195;1,4;343
3824;19,6;338;399;2,1;347
3825;20,8;540;611;2,4;359
3826;22;713;687;2,8;367
3827;23,2;838;698;3,1;374
3828;23,5;908;672;3,1;378
3829;23,9;916;624;3,1;379
3830;24,2;863;548;3,1;383
3831;23,9;790;618;3,4;379
3832;23,7;661;613;3,8;375
3833;23,4;487;537;4,1;369
3834;22,5;289;371;3,9;364
3835;21,7;106;110;3,8;360
3836;20,8;10;0;3,6;356
3837;20,4;0;0;2,4;354
3838;20;0;0;1,2;346
3839;19,6;0;0;0;344
3840;19,1;0;0;0;342
3841;18,5;0;0;0;339
3842;18;0;0;0;337
3843;17,7;0;0;0;336
3844;17,5;0;0;0;334
3845;17,2;0;0;0;333
3846;18,7;18;0;1;339
3847;20,1;141;194;2,1;345
3848;21,6;340;407;3,1;351
3849;22,5;545;630;3,1;364
3850;23,3;718;705;3,1;375
3851;24,2;836;691;3,1;381
3852;24,6;919;708;3,6;382
3853;25;944;712;4,1;384
3854;25,4;908;711;4,6;385
3855;24,8;814;689;5,4;383
3856;24,2;668;674;6,2;376
3857;24,2;485;556;6,2;377
3858;23,5;285;352;5,5;372
3859;22,7;104;99;4,8;367
3860;22;10;0;4,1;362
3861;21,5;0;0;2,7;360
3862;20,9;0;0;1,4;351
3863;20,4;0;0;0;349
3864;19,6;0;0;0;345
3865;18,8;0;0;0;341
3866;18;0;0;0;337
3867;17,9;0;0;0;337
3868;17,9;0;0;0;338
3869;17,8;0;0;0;338
3870;19,3;18;0;1;344
3871;20,7;141;191;2,1;349
3872;22,2;339;403;3,1;355
3873;23;547;636;2,9;360
3874;23,8;730;748;2,8;364
3875;24,6;871;789;2,6;369
3876;23,8;954;822;2,8;364
3877;23;968;789;2,9;360
3878;22,2;911;681;3,1;355
3879;23,3;817;698;3,8;361
3880;24,5;672;634;4,4;374
3881;25,6;488;510;5,1;380
3882;25;293;381;3,4;378
3883;24,4;108;116;1,7;369
3884;23,8;11;0;0;366
3885;23,3;0;0;1;363
3886;22,9;0;0;2,1;360
3887;22,4;0;0;3,1;357
3888;21,9;0;0;2,8;355
3889;21,5;0;0;2,4;353
3890;21;0;0;2,1;351
3891;21;0;0;2,1;351
3892;21;0;0;2,1;351
3893;21;0;0;2,1;351
3894;21,4;18;0;1,4;353
3895;21,8;141;191;0,7;355
3896;22,2;338;401;0;356
3897;23,1;545;631;1;362
3898;23,9;728;742;2,1;367
3899;24,8;868;823;3,1;372
3900;25,6;953;818;3,3;381
3901;26,4;968;791;3,4;389
3902;27,2;914;688;3,6;391
3903;26,5;836;762;4,1;389
3904;25,9;696;719;4,6;383
3905;25,2;507;576;5,1;374
3906;24,5;299;359;4,3;371
3907;23,7;110;127;3,4;367
3908;23;11;0;2,6;364
3909;23;0;0;2,6;364
3910;23;0;0;2,6;364
3911;23;0;0;2,6;364
3912;21,6;0;0;1,7;356
3913;20,2;0;0;0,9;348
3914;18,8;0;0;0;340
3915;18,8;0;0;0;340
3916;18,2;0;0;0;338
3917;17,6;0;0;0;335
3918;19,4;18;0;0;343
3919;21,2;141;190;0;351
3920;23;338;401;0;360
3921;24,1;546;632;0,9;366
3922;25,3;729;744;1,7;373
3923;26,4;869;783;2,6;379
3924;26,4;955;826;3,3;379
3925;26,4;981;829;3,9;379
3926;26,4;944;824;4,6;379
3927;26,4;847;796;5;380
3928;26,4;698;714;5,3;380
3929;26,4;508;638;5,7;380
3930;25,6;300;360;4,8;376
3931;24,8;111;120;4;372
3932;24;11;0;3,1;367
3933;23,7;0;0;2,1;366
3934;23,5;0;0;1;365
3935;23,2;0;0;0;363
3936;22,5;0;0;0;359
3937;21,7;0;0;0;354
3938;21;0;0;0;350
3939;20,3;0;0;0;346
3940;19,5;0;0;0;341
3941;18,8;0;0;0;337
3942;20,6;18;0;0,9;347
3943;22,4;141;191;1,7;356
3944;24,2;338;401;2,6;365
3945;24,9;545;632;3,1;370
3946;25,7;728;743;3,6;375
3947;26,4;868;782;4,1;380
3948;26,4;953;885;3,9;381
3949;26,4;978;884;3,8;382
3950;26,4;940;874;3,6;383
3951;26,7;846;845;3,3;383
3952;27,1;699;714;2,9;383
3953;27,4;511;621;2,6;383
3954;26,7;302;409;4,5;377
3955;26,1;112;125;6,3;372
3956;25,4;12;0;8,2;366
3957;24,5;0;0;8,6;362
3958;23,7;0;0;8,9;358
3959;22,8;0;0;9,3;354
3960;22,3;0;0;8,9;353
3961;21,7;0;0;8,6;351
3962;21,2;0;0;8,2;349
3963;21;0;0;8;348
3964;20,8;0;0;7,9;347
3965;20,6;0;0;7,7;346
3966;21,1;18;0;7,9;348
3967;21,7;138;179;8;358
3968;22,2;325;355;8,2;360
3969;23,3;526;539;8,6;366
3970;24,3;704;659;8,9;371
3971;25,4;840;689;9,3;377
3972;25,9;923;721;8,8;385
3973;26,3;948;722;8,2;387
3974;26,8;913;718;7,7;390
3975;24;818;693;5,4;377
3976;21,2;674;628;3,1;365
3977;25,8;495;547;9,3;382
3978;24,7;288;309;7,1;381
3979;23,7;105;91;4,8;377
3980;22,6;11;0;2,6;375
3981;23,7;0;0;4,8;377
3982;24,7;0;0;7,1;381
3983;25,8;0;0;9,3;382
3984;24;0;0;7,9;377
3985;22,2;0;0;6,5;371
3986;20,4;0;0;5,1;365
3987;20,1;0;0;4,8;362
3988;19,9;0;0;4,4;360
3989;19,6;0;0;4,1;352
3990;20,5;18;0;3,9;356
3991;21,3;140;187;3,8;353
3992;22,2;336;397;3,6;357
3993;23,3;542;622;4,1;370
3994;24,3;716;688;4,6;380
3995;25,4;836;692;5,1;386
3996;25,3;912;685;5,3;389
3997;25,2;930;661;5,5;389
3998;25,1;887;635;5,7;389
3999;25;790;589;5,8;389
4000;24,9;645;538;6;391
4001;24,8;465;448;6,2;391
4002;23,8;276;294;5,5;383
4003;22,8;103;81;4,8;373
4004;21,8;11;0;4,1;363
4005;21,4;0;0;2,7;361
4006;21;0;0;1,4;359
4007;20,6;0;0;0;358
4008;19,9;0;0;0;354
4009;19,1;0;0;0;349
4010;18,4;0;0;0;345
4011;18,7;0;0;0;347
4012;19,1;0;0;0;349
4013;19,4;0;0;0;351
4014;20,5;17;0;1,4;356
4015;21,7;138;179;2,7;356
4016;22,8;335;394;4,1;361
4017;23,8;542;624;3,9;367
4018;24,8;725;776;3,8;372
4019;25,8;864;812;3,6;385
4020;26,2;950;873;3,4;387
4021;26,6;974;870;3,3;389
4022;27;936;856;3,1;390
4023;26,3;841;820;3,8;387
4024;25,7;694;742;4,4;384
4025;25;507;618;5,1;381
4026;24,5;303;399;4,6;377
4027;23,9;114;125;4,1;365
4028;23,4;12;0;3,6;361
4029;22,6;0;0;2,4;358
4030;21,8;0;0;1,2;355
4031;21;0;0;0;353
4032;21,3;0;0;0,9;353
4033;21,7;0;0;1,7;355
4034;22;0;0;2,6;356
4035;21,9;0;0;3,4;355
4036;21,9;0;0;4,3;355
4037;21,8;0;0;5,1;360
4038;22,9;17;0;4,4;367
4039;23,9;138;181;3,8;373
4040;25;332;382;3,1;379
4041;25,5;535;634;3,1;383
4042;26,1;712;731;3,1;387
4043;26,6;846;780;3,1;390
4044;27,2;927;792;3,3;393
4045;27,8;948;777;3,4;396
4046;28,4;908;754;3,6;399
4047;27,9;816;727;4,1;396
4048;27,5;673;668;4,6;395
4049;27;492;555;5,1;393
4050;26,9;293;381;4,6;391
4051;26,9;111;113;4,1;391
4052;26,8;12;0;3,6;389
4053;25,5;0;0;3,1;383
4054;24,3;0;0;2,6;371
4055;23;0;0;2,1;365
4056;22,2;0;0;1,4;361
4057;21,4;0;0;0,7;356
4058;20,6;0;0;0;351
4059;20,2;0;0;0;349
4060;19,8;0;0;0;347
4061;19,4;0;0;0;345
4062;21,1;17;0;0;354
4063;22,9;138;182;0;363
4064;24,6;333;429;0;371
4065;25,5;538;631;1;376
4066;26,3;711;729;2,1;388
4067;27,2;831;726;3,1;394
4068;27,5;916;752;3,6;394
4069;27,7;943;758;4,1;394
4070;28;910;704;4,6;395
4071;28,1;818;686;4,8;395
4072;28,3;676;627;4,9;396
4073;28,4;495;534;5,1;397
4074;27,2;300;413;4,1;392
4075;26;115;132;3,1;379
4076;24,8;12;0;2,1;374
4077;24,1;0;0;1,4;370
4078;23,3;0;0;0,7;366
4079;22,6;0;0;0;361
4080;22;0;0;0;358
4081;21,4;0;0;0;354
4082;20,8;0;0;0;351
4083;20,1;0;0;0;348
4084;19,5;0;0;0;345
4085;18,8;0;0;0;342
4086;20,9;17;0;0,7;352
4087;23,1;138;183;1,4;362
4088;25,2;334;393;2,1;372
4089;26,2;540;623;2,1;379
4090;27,2;723;774;2,1;385
4091;28,2;863;813;2,1;391
4092;28,9;952;883;2,3;394
4093;29,7;980;825;2,4;397
4094;30,4;947;825;2,6;399
4095;30;851;795;3,4;398
4096;29,6;701;707;4,3;396
4097;29,2;510;563;5,1;394
4098;28,7;291;307;4,1;389
4099;28,1;101;79;3,1;384
4100;27,6;9;0;2,1;379
4101;26,6;0;0;1,4;375
4102;25,6;0;0;0,7;371
4103;24,6;0;0;0;367
4104;24,8;0;0;0;370
4105;25;0;0;0;373
4106;25,2;0;0;0;376
4107;24,4;0;0;0,7;373
4108;23,6;0;0;1,4;369
4109;22,8;0;0;2,1;366
4110;24,1;16;0;2,6;378
4111;25,5;127;120;3,1;389
4112;26,8;302;284;3,6;394
4113;27,6;451;313;3,4;398
4114;28,4;535;190;3,3;397
4115;29,2;534;144;3,1;394
4116;30,4;798;354;3,8;399
4117;31,6;946;652;4,4;405
4118;32,8;949;789;5,1;410
4119;32,7;856;811;6,5;408
4120;32,7;709;733;7,9;406
4121;32,6;520;619;9,3;403
4122;31,1;309;373;9,6;398
4123;29,5;117;130;10;392
4124;28;13;0;10,3;386
4125;27,2;0;0;7,9;383
4126;26,4;0;0;5,5;380
4127;25,6;0;0;3,1;377
4128;25,7;0;0;3,4;376
4129;25,9;0;0;3,8;376
4130;26;0;0;4,1;375
4131;25,5;0;0;4,4;373
4132;25,1;0;0;4,8;371
4133;24,6;0;0;5,1;369
4134;25,3;17;0;5,1;373
4135;26,1;136;180;5,1;377
4136;26,8;332;389;5,1;381
4137;27,9;537;617;5,8;386
4138;28,9;713;687;6,5;398
4139;30;834;695;7,2;403
4140;30,1;920;713;7;403
4141;30,3;947;717;6,9;404
4142;30,4;914;716;6,7;404
4143;30,5;823;698;6,5;404
4144;30,7;681;637;6,4;405
4145;30,8;499;545;6,2;405
4146;29,5;294;312;5,8;397
4147;28,1;110;96;5,5;389
4148;26,8;12;0;5,1;382
4149;26,3;0;0;4,8;379
4150;25,7;0;0;4,4;376
4151;25,2;0;0;4,1;374
4152;24,7;0;0;4,1;378
4153;24,1;0;0;4,1;376
4154;23,6;0;0;4,1;375
4155;23,4;0;0;3,6;374
4156;23,2;0;0;3,1;373
4157;23;0;0;2,6;368
4158;23,7;15;0;3,4;377
4159;24,3;123;120;4,3;380
4160;25;301;283;5,1;384
4161;26,2;491;418;6;389
4162;27,4;660;529;6,8;394
4163;28,6;792;530;7,7;393
4164;28,7;801;429;7,5;403
4165;28,9;728;259;7,4;411
4166;29;587;178;7,2;420
4167;29,2;633;246;7,9;416
4168;29,4;593;359;8,6;413
4169;29,6;473;435;9,3;410
4170;28,9;289;326;8,3;404
4171;28,3;112;104;7,2;396
4172;27,6;12;0;6,2;387
4173;26,7;0;0;4,1;384
4174;25,9;0;0;2,1;381
4175;25;0;0;0;377
4176;24,3;0;0;0,7;383
4177;23,7;0;0;1,4;387
4178;23;0;0;2,1;388
4179;23;0;0;2,6;380
4180;23;0;0;3,1;372
4181;23;0;0;3,6;359
4182;24,5;17;0;3,8;367
4183;26,1;135;178;3,9;375
4184;27,6;330;390;4,1;383
4185;28,9;536;619;5;397
4186;30,3;712;689;5,8;410
4187;31,6;834;696;6,7;417
4188;32,3;919;714;5,8;421
4189;32,9;947;716;5;424
4190;33,6;914;714;4,1;428
4191;33,6;823;695;4,1;428
4192;33,6;681;633;4,1;428
4193;33,6;499;541;4,1;428
4194;32,5;305;393;3,8;420
4195;31,3;119;131;3,4;407
4196;30,2;13;0;3,1;392
4197;29;0;0;3,1;387
4198;27,9;0;0;3,1;382
4199;26,7;0;0;3,1;376
4200;25,5;0;0;3,1;371
4201;24,4;0;0;3,1;366
4202;23,2;0;0;3,1;361
4203;23,6;0;0;2,1;363
4204;24;0;0;1;365
4205;24,4;0;0;0;368
4206;25,7;16;0;1,7;374
4207;26,9;134;175;3,4;380
4208;28,2;329;387;5,1;387
4209;29,3;535;615;5,5;392
4210;30,5;710;686;5,8;406
4211;31,6;832;693;6,2;412
4212;32;919;713;6,5;413
4213;32,4;947;717;6,9;415
4214;32,8;915;717;7,2;416
4215;32,3;824;699;7,4;413
4216;31,7;682;638;7,5;409
4217;31,2;501;547;7,7;406
4218;30,1;306;394;7,5;400
4219;28,9;119;131;7,4;387
4220;27,8;13;0;7,2;381
4221;26,9;0;0;4,8;378
4222;25,9;0;0;2,4;373
4223;25;0;0;0;370
4224;24,6;0;0;0,7;367
4225;24,2;0;0;1,4;365
4226;23,8;0;0;2,1;363
4227;23,9;0;0;2,3;363
4228;24,1;0;0;2,4;364
4229;24,2;0;0;2,6;364
4230;25,2;16;0;2,8;368
4231;26,2;134;176;2,9;372
4232;27,2;330;396;3,1;377
4233;28,1;539;595;4,5;381
4234;29,1;726;720;5,8;386
4235;30;870;775;7,2;390
4236;30,1;961;856;7,5;389
4237;30,1;989;858;7,9;394
4238;30,2;953;845;8,2;392
4239;30,1;852;771;8,2;391
4240;30,1;699;671;8,2;383
4241;30;507;542;8,2;382
4242;28,8;309;381;7;378
4243;27,6;120;112;5,8;373
4244;26,4;13;0;4,6;369
4245;25,7;0;0;5;366
4246;25,1;0;0;5,3;364
4247;24,4;0;0;5,7;361
4248;24;0;0;5,7;359
4249;23,6;0;0;5,7;357
4250;23,2;0;0;5,7;355
4251;23,1;0;0;5,7;354
4252;23,1;0;0;5,7;354
4253;23;0;0;5,7;353
4254;24;16;0;6,2;357
4255;25;133;143;6,7;362
4256;26;330;400;7,2;366
4257;27,7;540;600;7,4;376
4258;29,3;727;725;7,5;384
4259;31;871;779;7,7;394
4260;31,1;962;861;7,9;393
4261;31,3;993;870;8;392
4262;31,4;961;871;8,2;391
4263;31,6;865;811;7,2;392
4264;31,8;716;728;6,1;394
4265;32;525;594;5,1;396
4266;30,5;314;383;4,4;389
4267;29,1;120;111;3,8;382
4268;27,6;13;0;3,1;375
4269;26,8;0;0;3,4;370
4270;26;0;0;3,8;365
4271;25,2;0;0;4,1;360
4272;25,1;0;0;3,9;360
4273;24,9;0;0;3,8;359
4274;24,8;0;0;3,6;358
4275;24,3;0;0;3,6;356
4276;23,9;0;0;3,6;354
4277;23,4;0;0;3,6;352
4278;24,7;16;0;4,5;360
4279;25,9;132;142;5,3;367
4280;27,2;328;396;6,2;374
4281;28,6;539;599;7;381
4282;30;727;691;7,9;387
4283;31,4;872;786;8,7;393
4284;32,1;965;870;8,2;395
4285;32,9;997;881;7,7;397
4286;33,6;965;882;7,2;398
4287;33,7;868;819;6,2;400
4288;33,9;717;732;5,1;404
4289;34;526;595;4,1;406
4290;32,7;314;384;2,7;400
4291;31,3;120;111;1,4;401
4292;30;13;0;0;395
4293;28,5;0;0;0;389
4294;27,1;0;0;0;376
4295;25,6;0;0;0;369
4296;24,3;0;0;0;363
4297;23,1;0;0;0;356
4298;21,8;0;0;0;350
4299;21,3;0;0;0,7;347
4300;20,7;0;0;1,4;344
4301;20,2;0;0;2,1;341
4302;22,6;16;0;2,1;352
4303;25;131;139;2,1;363
4304;27,4;327;395;2,1;374
4305;29,7;537;597;3,1;387
4306;31,9;724;722;4,1;399
4307;34,2;868;775;5,1;412
4308;34,7;959;855;6;414
4309;35,3;989;861;6,8;417
4310;35,8;956;857;7,7;419
4311;32,2;855;784;2,6;407
4312;33,9;712;712;4,4;412
4313;35,6;525;625;6,2;415
4314;34,5;313;379;5;413
4315;33,3;120;133;3,8;410
4316;32,2;13;0;2,6;407
4317;30,8;0;0;1,7;401
4318;29,4;0;0;0,9;395
4319;28;0;0;0;388
4320;28,3;0;0;1;389
4321;28,5;0;0;2,1;389
4322;28,8;0;0;3,1;389
4323;28,3;0;0;3,4;385
4324;27,7;0;0;3,8;381
4325;27,2;0;0;4,1;377
4326;30,2;15;0;7,7;384
4327;30,2;125;119;7,7;386
4328;30,2;314;349;7,7;386
4329;31,1;528;550;7,5;392
4330;32,1;722;681;7,4;398
4331;33;869;781;7,2;403
4332;33,3;963;868;7,9;402
4333;33,7;997;882;8,6;400
4334;34;967;870;9,3;398
4335;33,8;871;826;8,6;398
4336;33,6;720;741;7,9;398
4337;33,4;528;603;7,2;398
4338;32,2;316;389;6,5;394
4339;30,7;121;114;5,8;388
4340;29,9;13;0;5,1;385
4341;29,1;0;0;3,6;382
4342;28,2;0;0;2,1;379
4343;27,3;0;0;5,1;377
4344;26,3;0;0;4,4;374
4345;25,4;0;0;6,2;372
4346;24,5;0;0;6,2;369
4347;23,9;0;0;4,1;368
4348;23,4;0;0;2,1;366
4349;23;0;0;0;372
4350;22,6;14;0;3,1;370
4351;23;123;125;0;370
4352;24,6;311;372;0;380
4353;26;503;547;2,6;386
4354;27;664;599;4,1;393
4355;27,6;780;576;2,1;396
4356;28;883;619;2,6;396
4357;28;925;704;3,1;397
4358;27,2;908;751;5,1;393
4359;22;830;765;5,1;366
4360;28;697;690;6,2;395
4361;27,8;517;600;2,1;394
4362;26,9;306;347;3,1;389
4363;26;115;119;4,1;386
4364;25,2;12;0;4,1;379
4365;26;0;0;2,6;384
4366;24;0;0;0;371
4367;23;0;0;0;367
4368;23;0;0;0;364
4369;23;0;0;0;373
4370;22,2;0;0;2,6;367
4371;23;0;0;0;370
4372;22;0;0;0;358
4373;21,2;0;0;2,1;355
4374;22;15;0;0;357
4375;22;129;154;0;358
4376;23,8;322;385;2,6;367
4377;25;528;630;3,1;380
4378;26;704;684;5,1;390
4379;27,8;827;690;5,1;399
4380;27;912;757;5,1;396
4381;28;944;713;3,1;399
4382;29,6;915;718;3,1;405
4383;28;808;663;3,1;401
4384;28;658;603;4,1;401
4385;26,4;475;412;4,1;392
4386;26;291;353;2,6;392
4387;26;115;112;3,6;390
4388;24,6;13;0;3,1;380
4389;24;0;0;2,1;375
4390;24;0;0;0;369
4391;23;0;0;0;365
4392;23;0;0;0;364
4393;23;0;0;0;363
4394;22,2;0;0;0;360
4395;22;0;0;0;358
4396;22;0;0;0;357
4397;21;0;0;0;353
4398;22;15;0;0;357
4399;23;127;152;0;363
4400;24,4;321;421;0;370
4401;25;527;613;3,6;379
4402;27;703;683;3,1;395
4403;26,8;822;724;3,1;398
4404;27;896;703;3,1;401
4405;27;909;654;4,1;400
4406;27,2;858;613;6,2;406
4407;27;777;580;6,2;400
4408;27;643;564;6,2;401
4409;26,6;474;468;6,2;394
4410;27;270;237;5,1;401
4411;26;98;51;5,1;399
4412;24,6;10;0;2,1;395
4413;26;0;0;0;399
4414;25;0;0;0;387
4415;23,2;0;0;0;374
4416;24;0;0;0;377
4417;23;0;0;0;371
4418;23,2;0;0;0;374
4419;23;0;0;0;369
4420;22;0;0;0;357
4421;20,4;0;0;0;351
4422;22;14;0;0;356
4423;23;126;168;0;361
4424;24,8;320;383;2,1;371
4425;26;519;561;3,1;390
4426;27;664;539;3,1;399
4427;27;716;439;4,1;407
4428;27;792;497;3,1;406
4429;28;820;448;4,1;409
4430;28,4;792;448;5,1;412
4431;28;757;542;6,2;410
4432;28;656;583;5,1;408
4433;27,8;500;566;5,1;403
4434;29;306;389;5,1;403
4435;27;119;138;3,6;397
4436;25,4;13;0;4,1;382
4437;26;0;0;4,1;388
4438;25;0;0;2,6;374
4439;23,4;0;0;0;366
4440;24;0;0;0;367
4441;24;0;0;0;367
4442;22,2;0;0;0;359
4443;23;0;0;0;362
4444;23;0;0;0;363
4445;21;0;0;0;354
4446;23;14;0;0;362
4447;24;125;164;0;367
4448;25,2;319;385;3,1;370
4449;26;527;622;3,1;375
4450;26;711;719;3,1;382
4451;28,8;849;775;5,1;398
4452;28,9;910;714;4,6;400
4453;29;888;592;4,1;403
4454;28,8;788;481;4,1;403
4455;29;712;451;4,1;403
4456;29;593;360;6,2;400
4457;27,4;434;342;3,1;396
4458;27;283;310;6,2;396
4459;26;116;124;5,1;388
4460;25,2;13;0;2,6;384
4461;26;0;0;1,5;386
4462;26;0;0;0;378
4463;24;0;0;0;369
4464;24;0;0;0;369
4465;24;0;0;0;369
4466;22,4;0;0;0;361
4467;24;0;0;0;368
4468;23;0;0;0;362
4469;21,4;0;0;0;355
4470;23;14;0;0;361
4471;23;123;144;0;363
4472;25,2;316;413;0;374
4473;26;522;627;2,1;379
4474;27;706;758;3,1;392
4475;27,6;844;811;3,1;397
4476;28;934;845;3,1;398
4477;29;966;854;3,1;403
4478;28,8;935;852;3,1;401
4479;30;850;785;5,1;401
4480;29;699;743;5,1;403
4481;28,2;514;642;5,1;399
4482;28;306;385;5,1;398
4483;27,3;117;123;3,9;384
4484;26,6;13;0;2,6;379
4485;27;0;0;0;380
4486;27;0;0;0;380
4487;25;0;0;0;372
4488;26;0;0;0;375
4489;26;0;0;0;378
4490;24,4;0;0;0;371
4491;25;0;0;4,1;372
4492;25;0;0;0;373
4493;23;0;0;1,5;363
4494;24;13;0;3,1;368
4495;25;122;142;0;373
4496;26,2;314;409;3,1;381
4497;27;521;626;5,1;385
4498;28;702;749;4,1;400
4499;28;842;809;3,1;399
4500;29;923;809;3,1;408
4501;29,6;934;743;3,1;414
4502;29,6;904;741;3,1;414
4503;29,3;826;754;4,1;412
4504;29;691;706;5,1;412
4505;28,8;512;635;6,2;404
4506;29;308;430;4,1;404
4507;29;119;139;3,6;403
4508;26,8;13;0;4,1;391
4509;27;0;0;2,6;392
4510;27;0;0;0;383
4511;25,2;0;0;0;374
4512;26;0;0;0;376
4513;26;0;0;2,1;377
4514;25,2;0;0;0;374
4515;25;0;0;0;370
4516;25;0;0;2,1;369
4517;24,4;0;0;4,1;369
4518;25;12;0;3,1;372
4519;26;112;113;2,6;377
4520;26,4;285;273;2,1;379
4521;26;500;530;2,1;379
4522;28;701;700;2,1;389
4523;28,4;849;806;2,1;393
4524;28;944;820;4,1;387
4525;28;965;855;6,2;401
4526;29;931;841;6,2;405
4527;31;848;781;6,2;408
4528;30;697;735;6,2;410
4529;29,2;511;614;5,1;408
4530;29;302;369;2,1;411
4531;30;113;114;0;412
4532;28,4;12;0;4,1;405
4533;29;0;0;4,1;408
4534;28;0;0;4,1;397
4535;26,8;0;0;0;384
4536;27;0;0;0;385
4537;26;0;0;0;379
4538;25,4;0;0;0;377
4539;25;0;0;0;374
4540;25;0;0;0;372
4541;23,2;0;0;0;366
4542;24;13;0;2,1;368
4543;24;119;137;0;368
4544;25,6;311;407;0;377
4545;27;518;626;3,1;383
4546;27;703;759;3,1;391
4547;28,4;843;821;3,1;398
4548;28;936;796;3,1;395
4549;29;967;800;4,1;400
4550;29,2;932;845;6,2;404
4551;29;842;816;5,1;403
4552;29;699;746;5,1;401
4553;30,4;517;604;4,1;404
4554;29;310;440;3,1;401
4555;28;119;141;6,2;390
4556;26;13;0;4,1;377
4557;27;0;0;3,1;381
4558;27;0;0;2,1;378
4559;25,4;0;0;0;370
4560;26;0;0;0;372
4561;25;0;0;0;369
4562;23,8;0;0;2,6;366
4563;25;0;0;2,6;370
4564;24;0;0;0;366
4565;22,2;0;0;0;357
4566;23;12;0;0;361
4567;24;118;149;0;366
4568;25,8;308;403;0;378
4569;26;517;625;2,6;378
4570;27;702;760;3,1;386
4571;27,8;846;801;3,1;391
4572;28;939;874;2,6;390
4573;29;968;870;4,1;403
4574;29,4;931;845;6,7;405
4575;31;842;816;6,2;413
4576;32;702;711;5,1;413
4577;30,2;516;602;7,2;403
4578;30;310;412;7,2;403
4579;28;118;133;10,3;386
4580;26,8;13;0;9,3;377
4581;27;0;0;5,1;378
4582;26;0;0;9,3;373
4583;25,4;0;0;8,2;371
4584;26;0;0;5,1;375
4585;26;0;0;3,1;373
4586;24,8;0;0;3,6;367
4587;24;0;0;0;362
4588;24;0;0;0;371
4589;23,8;0;0;5,1;372
4590;24;11;0;6,2;371
4591;24;110;117;4,1;364
4592;25,6;297;329;4,1;371
4593;28;473;437;6,2;390
4594;29;592;379;4,1;400
4595;28,4;631;254;3,1;398
4596;29;695;296;3,6;407
4597;30;719;298;5,1;412
4598;29,8;692;291;4,1;410
4599;29;736;451;3,1;399
4600;30;673;600;7,2;399
4601;29,4;514;575;7,2;401
4602;29;311;417;9,3;394
4603;28;118;134;8,2;381
4604;26,6;12;0;5,1;373
4605;27;0;0;5,1;374
4606;26;0;0;4,1;369
4607;25;0;0;5,1;362
4608;26;0;0;5,1;365
4609;23;0;0;0;352
4610;21,8;0;0;0;346
4611;22;0;0;0;347
4612;22;0;0;2,1;346
4613;20,6;0;0;3,1;343
4614;22;12;0;4,1;349
4615;23;115;119;3,1;355
4616;24,6;308;373;3,1;364
4617;26;518;580;5,1;371
4618;28;708;679;6,2;380
4619;28,8;854;794;6,2;386
4620;31;947;838;5,1;398
4621;32;980;847;6,2;402
4622;31,6;950;850;6,2;399
4623;33;862;808;6,2;402
4624;33;713;724;6,2;403
4625;31,6;524;629;5,1;394
4626;32;312;386;5,1;396
4627;31;118;111;4,1;399
4628;28,4;12;0;5,1;385
4629;28;0;0;4,1;382
4630;27;0;0;5,1;370
4631;26,4;0;0;4,1;371
4632;26;0;0;2,1;369
4633;25,2;0;0;2,3;368
4634;24,4;0;0;2,6;365
4635;25;0;0;2,1;362
4636;24;0;0;3,1;359
4637;22,4;0;0;0;354
4638;24;11;0;2,1;359
4639;25;114;143;3,1;366
4640;26,2;305;369;4,1;374
4641;29;519;569;8,2;382
4642;31;707;715;9,3;396
4643;30,4;856;776;8,2;391
4644;33;949;852;5,1;406
4645;29;984;864;8,2;382
4646;32,2;952;858;6,1;399
4647;34;859;801;5,1;410
4648;34;712;721;5,1;410
4649;32,6;522;592;7,2;402
4650;33;311;398;6,2;403
4651;32;117;111;4,1;398
4652;29,8;12;0;4,1;386
4653;29;0;0;3,1;381
4654;28;0;0;5,1;373
4655;27,8;0;0;3,6;374
4656;28;0;0;4,1;375
4657;26;0;0;1,5;367
4658;25,4;0;0;2,1;368
4659;24;0;0;0;359
4660;24;0;0;0;361
4661;22,8;0;0;3,1;358
4662;25;11;0;0;366
4663;27;112;140;7,2;376
4664;27,2;303;366;6,2;379
4665;28;514;574;7,2;382
4666;28;703;714;4,1;382
4667;32;854;774;7,7;400
4668;34;946;842;7,7;412
4669;31;969;881;5,1;406
4670;31,4;938;875;5,1;408
4671;32;849;795;3,1;408
4672;31;702;766;3,1;404
4673;32;517;624;2,1;406
4674;33;310;394;6,2;404
4675;32;116;129;6,2;402
4676;29,4;12;0;7,2;388
4677;30;0;0;4,1;389
4678;29;0;0;0;386
4679;28,6;0;0;0;385
4680;26;0;0;0;372
4681;27;0;0;0;374
4682;24,4;0;0;0;366
4683;26;0;0;3,1;373
4684;25;0;0;2,1;366
4685;26;0;0;3,1;372
4686;25;11;0;3,1;366
4687;25;110;137;3,1;366
4688;27,8;301;362;5,1;384
4689;28;511;571;3,1;384
4690;31;699;717;2,1;402
4691;30,4;840;832;3,1;405
4692;30;931;861;3,1;404
4693;32;969;886;3,1;410
4694;32,2;941;823;2,6;409
4695;32;850;799;3,1;407
4696;35;707;730;3,1;419
4697;34,6;517;615;5,1;419
4698;34;306;367;5,1;418
4699;34;114;126;4,1;416
4700;31,4;12;0;5,1;400
4701;29;0;0;0;397
4702;28;0;0;0;393
4703;26,6;0;0;0;380
4704;26;0;0;0;381
4705;26;0;0;0;381
4706;25;0;0;0;376
4707;25;0;0;0;374
4708;26;0;0;0;377
4709;23,4;0;0;0;366
4710;25;10;0;0;370
4711;28;108;133;2,1;381
4712;30;300;363;2,1;392
4713;33;512;560;3,1;406
4714;32;698;719;2,1;406
4715;31;838;827;3,1;409
4716;31;931;865;4,1;408
4717;33;973;834;3,1;411
4718;34;942;830;7,2;416
4719;35;849;799;5,1;423
4720;35;702;714;5,1;425
4721;33,6;516;625;8,2;413
4722;33;305;366;4,6;411
4723;33;113;124;4,6;411
4724;30,6;11;0;5,1;400
4725;30;0;0;4,1;394
4726;30;0;0;4,1;394
4727;27,6;0;0;0;387
4728;27;0;0;0;386
4729;26;0;0;0;378
4730;24,4;0;0;0;371
4731;26;0;0;0;375
4732;25;0;0;0;378
4733;23,8;0;0;0;377
4734;26;10;0;0;383
4735;26;104;105;0;386
4736;26,6;292;375;0;389
4737;28;503;551;3,1;395
4738;29;693;712;3,1;394
4739;30,2;839;804;4,1;402
4740;31;933;875;4,1;406
4741;32;964;875;2,6;412
4742;33,8;937;880;6,7;419
4743;35;844;840;6,2;427
4744;35;700;764;6,2;426
4745;33,4;513;617;6,2;415
4746;33;303;361;5,1;414
4747;32;112;128;6,2;410
4748;30,2;11;0;3,1;400
4749;29;0;0;2,6;394
4750;28;0;0;0;390
4751;26,2;0;0;0;383
4752;26;0;0;0;378
4753;26;0;0;2,1;382
4754;25;0;0;0;378
4755;25;0;0;0;376
4756;25;0;0;2,1;376
4757;24;0;0;0;370
4758;25;10;0;0;373
4759;25;104;111;0;373
4760;26,4;293;383;3,1;381
4761;27;501;586;4,1;385
4762;28;686;739;4,1;400
4763;29,8;827;795;5,1;411
4764;29;913;806;5,1;412
4765;30;936;776;5,1;417
4766;30,2;895;733;5,1;418
4767;29;806;706;7,7;413
4768;28;668;656;6,7;406
4769;27,6;487;538;6,2;406
4770;27,3;292;385;5,6;403
4771;27;108;116;5,1;400
4772;25,6;11;0;3,1;387
4773;26;0;0;3,1;388
4774;27;0;0;0;383
4775;25,6;0;0;0;378
4776;26;0;0;0;378
4777;26;0;0;2,1;381
4778;25;0;0;0;375
4779;25;0;0;0;374
4780;25;0;0;3,6;376
4781;24;0;0;2,1;369
4782;24,5;9;0;2,1;371
4783;25;103;121;2,1;372
4784;26,2;292;350;3,1;378
4785;27;499;621;3,1;391
4786;28;679;719;4,1;401
4787;28;804;716;4,1;404
4788;28;847;612;5,1;408
4789;30;807;482;4,1;421
4790;30;781;494;4,1;421
4791;29;704;443;6,2;417
4792;29;582;394;6,7;417
4793;28,4;425;337;4,1;413
4794;28;273;301;4,1;407
4795;28;106;99;6,2;400
4796;27;10;0;3,1;390
4797;27;0;0;0;391
4798;27;0;0;5,1;383
4799;25;0;0;2,1;375
4800;26;0;0;2,1;379
4801;26;0;0;2,1;378
4802;24,6;0;0;2,1;371
4803;24;0;0;0;365
4804;25;0;0;0;373
4805;22,6;0;0;0;361
4806;24;9;0;2,1;364
4807;26;102;120;2,1;373
4808;25;291;351;0;370
4809;28;502;562;3,1;384
4810;31;690;698;5,1;407
4811;28,6;825;799;5,1;404
4812;28;917;830;5,1;401
4813;29;953;845;4,1;404
4814;29,6;922;838;4,1;408
4815;31;841;783;4,1;411
4816;33;699;727;6,2;411
4817;31,4;510;607;7,2;403
4818;31;300;360;8,2;402
4819;30;109;116;7,2;396
4820;28,2;10;0;6,2;386
4821;28;0;0;8,2;382
4822;28;0;0;3,1;380
4823;27;0;0;0;376
4824;27;0;0;3,1;375
4825;26;0;0;0;373
4826;24,6;0;0;0;371
4827;24;0;0;0;367
4828;24;0;0;2,6;362
4829;24;0;0;2,6;365
4830;25;9;0;2,6;367
4831;25;100;118;3,1;367
4832;26,6;288;348;2,1;380
4833;28;500;561;4,1;385
4834;28;689;699;2,1;386
4835;28,8;836;810;6,2;393
4836;29;903;783;3,1;409
4837;30;856;553;4,1;419
4838;31,6;690;281;8,2;435
4839;32;748;513;5,1;431
4840;32;679;639;6,2;422
4841;30,2;509;620;9,8;396
4842;30;299;363;8,2;394
4843;29;108;116;6,2;389
4844;27,8;10;0;8,7;380
4845;28;0;0;7,7;382
4846;28;0;0;5,1;382
4847;26,8;0;0;0;378
4848;26;0;0;0;372
4849;25;0;0;0;369
4850;23,8;0;0;0;367
4851;24;0;0;0;367
4852;24;0;0;0;365
4853;21,8;0;0;0;356
4854;23;8;0;0;359
4855;24;99;115;0;365
4856;26;286;346;0;377
4857;27;498;558;3,1;380
4858;28;684;700;3,1;395
4859;28,2;824;803;3,6;400
4860;29;911;816;3,1;409
4861;29;935;787;2,6;409
4862;29,2;894;743;3,1;410
4863;32;819;765;3,6;423
4864;30;680;704;5,1;416
4865;28,6;499;624;6,2;403
4866;28;293;410;8,2;398
4867;28;105;114;5,1;398
4868;26,4;10;0;5,1;390
4869;27;0;0;3,1;393
4870;27;0;0;2,1;385
4871;24,6;0;0;0;374
4872;26;0;0;0;378
4873;26;0;0;0;379
4874;23,8;0;0;0;370
4875;25;0;0;2,1;372
4876;26;0;0;4,1;375
4877;25,6;0;0;5,7;373
4878;26;8;0;4,1;375
4879;26;96;109;4,1;383
4880;27,8;282;333;6,2;394
4881;29;493;549;6,2;399
4882;31;686;697;5,1;402
4883;31,2;838;784;7,2;401
4884;33;935;837;5,1;408
4885;34;967;838;8,2;415
4886;33,2;937;833;8,2;411
4887;35;843;800;7,2;422
4888;34,1;695;715;7,2;423
4889;33,2;503;566;7,2;418
4890;34;294;350;7,2;423
4891;33;104;108;6,2;418
4892;30,6;9;0;5,1;404
4893;31;0;0;3,1;405
4894;29;0;0;2,6;389
4895;28;0;0;2,6;383
4896;28;0;0;2,6;384
4897;27;0;0;0;378
4898;25;0;0;0;373
4899;26;0;0;0;373
4900;26;0;0;2,1;377
4901;24,4;0;0;0;367
4902;25,2;8;0;0,7;373
4903;26;95;109;1,5;375
4904;27,4;281;372;3,1;387
4905;28;489;572;3,1;393
4906;31;680;703;4,1;412
4907;30,8;819;797;6,2;416
4908;31;899;779;3,1;422
4909;30;907;658;3,1;419
4910;32,2;846;617;4,1;433
4911;33;793;656;5,1;434
4912;33;671;681;4,1;433
4913;32,2;496;624;2,1;422
4914;32;292;416;2,1;419
4915;30;103;113;2,6;403
4916;29,2;9;0;2,1;399
4917;29;0;0;2,1;399
4918;28;0;0;0;393
4919;27;0;0;0;388
4920;27;0;0;0;388
4921;26;0;0;0;383
4922;24,8;0;0;0;377
4923;26;0;0;0;378
4924;26;0;0;0;378
4925;24;0;0;0;372
4926;25;7;0;0;374
4927;25;93;93;0;377
4928;26,8;279;369;2,1;385
4929;29;490;582;2,1;395
4930;29;678;701;2,1;397
4931;29,6;824;789;3,1;403
4932;31;921;866;3,1;408
4933;32;953;866;4,1;415
4934;32,2;929;882;5,1;411
4935;33;835;838;6,2;416
4936;34;688;754;5,1;428
4937;31,6;496;610;6,2;417
4938;32;290;417;4,1;417
4939;32;102;113;4,1;410
4940;30,8;9;0;0;402
4941;30;0;0;0;399
4942;31;0;0;2,6;402
4943;30,4;0;0;3,1;399
4944;28;0;0;0;392
4945;28;0;0;0;390
4946;26,4;0;0;2,1;382
4947;28;0;0;5,1;386
4948;27;0;0;4,1;382
4949;26,2;0;0;3,1;379
4950;27;7;0;7,2;382
4951;27;92;104;6,2;381
4952;27,4;279;340;7,2;384
4953;28;490;543;7,7;386
4954;30;682;699;7,7;396
4955;30,6;832;777;8,2;400
4956;32;927;825;6,2;407
4957;33;961;830;5,1;412
4958;31,8;934;834;8,2;403
4959;32;841;807;7,2;404
4960;32;694;727;6,2;403
4961;30;505;613;8,7;389
4962;30;292;360;6,2;391
4963;29;101;106;5,1;389
4964;26,4;8;0;7,7;376
4965;26;0;0;5,1;375
4966;26;0;0;4,1;373
4967;25,6;0;0;5,1;369
4968;26;0;0;3,1;371
4969;26;0;0;4,1;367
4970;24,8;0;0;3,1;365
4971;25;0;0;0;366
4972;24;0;0;0;361
4973;23,2;0;0;0;359
4974;24;7;0;2,1;361
4975;25;91;102;2,6;366
4976;27;278;345;2,6;377
4977;28;489;544;3,1;385
4978;28;681;701;3,1;385
4979;29;831;780;3,1;390
4980;29;927;828;4,1;390
4981;29,2;959;827;4,1;393
4982;29,4;928;820;4,1;395
4983;30;834;845;5,1;399
4984;29;687;763;7,2;394
4985;28,2;495;619;7,2;394
4986;28;287;379;5,1;391
4987;27;98;107;6,2;386
4988;26;8;0;5,1;380
4989;26;0;0;5,1;378
4990;26;0;0;2,6;379
4991;25;0;0;0;373
4992;26;0;0;0;375
4993;25;0;0;0;372
4994;24;0;0;0;366
4995;25;0;0;0;369
4996;25;0;0;0;369
4997;22,6;0;0;0;361
4998;24;6;0;0;367
4999;25;88;87;0;375
5000;26;273;364;0;381
5001;28;484;586;2,6;390
5002;28;675;708;3,1;390
5003;29;822;797;2,6;397
5004;29;919;870;3,1;396
5005;29;952;876;5,1;396
5006;29,4;925;880;6,2;396
5007;30;804;637;6,2;404
5008;30;573;361;6,2;413
5009;28,2;306;98;5,1;411
5010;28;176;57;3,1;409
5011;27;60;0;6,2;398
5012;25,8;5;0;8,2;393
5013;26;0;0;8,8;397
5014;26;0;0;3,1;400
5015;25,2;0;0;6,2;403
5016;24;0;0;3,1;393
5017;24;0;0;2,6;384
5018;24,6;0;0;3,6;377
5019;25;0;0;4,1;386
5020;25;0;0;2,6;383
5021;24,6;0;0;4,1;380
5022;26;5;0;4,1;385
5023;26,5;81;66;5,6;387
5024;27;264;264;7,2;384
5025;29;461;501;8,2;394
5026;31;634;546;7,7;403
5027;29,4;759;534;7,7;394
5028;31;880;600;6,7;404
5029;32;938;728;8,2;409
5030;30,6;924;816;7,2;402
5031;33;825;769;8,2;420
5032;32;671;664;7,2;416
5033;31,4;480;515;5,1;411
5034;30;265;274;5,1;408
5035;29;85;64;6,2;402
5036;27;6;0;6,2;389
5037;27;0;0;3,1;388
5038;27;0;0;2,1;383
5039;24,8;0;0;0;371
5040;25;0;0;0;371
5041;24;0;0;0;368
5042;23,4;0;0;0;366
5043;24;0;0;0;366
5044;23;0;0;0;362
5045;22;0;0;0;357
5046;23;6;0;0;360
5047;24;85;84;3,6;369
5048;25,4;270;329;4,1;376
5049;27;476;514;3,1;391
5050;27;659;657;3,1;391
5051;29;795;691;4,1;403
5052;31;879;689;5,1;412
5053;32;900;654;5,1;412
5054;31,8;854;594;5,1;414
5055;27;781;609;6,2;390
5056;30;650;572;6,2;411
5057;29,2;476;528;8,2;403
5058;29;278;367;8,2;403
5059;28;93;94;6,2;390
5060;26,8;7;0;4,1;376
5061;27;0;0;5,1;378
5062;26;0;0;3,1;372
5063;24;0;0;0;365
5064;25;0;0;0;369
5065;25;0;0;0;369
5066;22,6;0;0;0;360
5067;23;0;0;0;362
5068;23;0;0;0;361
5069;21,6;0;0;0;355
5070;23;5;0;0;361
5071;24;83;76;0;368
5072;25;268;326;0;374
5073;26;478;528;3,1;384
5074;27;659;713;3,1;397
5075;27,8;790;726;3,1;401
5076;28;882;754;3,1;401
5077;29;915;757;4,1;407
5078;29,2;889;711;3,1;404
5079;30;784;661;4,1;416
5080;30;636;559;5,1;412
5081;29;447;427;5,1;411
5082;29;255;279;5,1;411
5083;28,8;90;85;6,2;397
5084;28,3;7;0;5,1;382
5085;27,8;0;0;3,1;379
5086;27,1;0;0;3,1;376
5087;26,4;0;0;2,1;374
5088;25,5;0;0;0;371
5089;24,7;0;0;0;370
5090;23,9;0;0;0;367
5091;23,4;0;0;0;366
5092;23,2;0;0;0;366
5093;23,1;0;0;0;366
5094;23,1;5;0;0;366
5095;24,9;80;69;0;383
5096;26;261;344;0;389
5097;27,7;466;543;1,4;403
5098;29,5;648;686;2,7;412
5099;31,2;785;721;4,1;421
5100;31,4;863;699;4,3;427
5101;31,6;879;649;4,4;428
5102;31,8;833;617;4,6;433
5103;30,6;748;576;4,8;423
5104;29,4;613;552;4,9;417
5105;28,2;440;464;5,1;407
5106;27,7;255;314;4,3;403
5107;27,3;83;69;3,4;399
5108;26,8;6;0;2,6;389
5109;26,3;0;0;1,7;388
5110;25,7;0;0;0,9;386
5111;25,2;0;0;0;385
5112;24,7;0;0;0;382
5113;24,1;0;0;0;378
5114;23,6;0;0;0;376
5115;23,7;0;0;0;375
5116;23,7;0;0;0;375
5117;23,8;0;0;0;374
5118;24,9;5;0;0,7;380
5119;26,1;78;69;1,4;379
5120;27,2;262;321;2,1;385
5121;28,9;472;525;3,3;392
5122;30,5;657;674;4,5;406
5123;32,2;790;697;5,7;413
5124;33,1;885;723;5,9;416
5125;33,9;919;737;6;419
5126;34,8;892;740;6,2;422
5127;34,7;800;690;6;423
5128;34,7;655;623;5,9;424
5129;34,6;469;537;5,7;424
5130;33,4;270;363;5;419
5131;32,2;86;83;4,3;405
5132;31;6;0;3,6;400
5133;30,2;0;0;3,1;396
5134;29,4;0;0;2,6;393
5135;28,6;0;0;2,1;389
5136;28,3;0;0;2,1;387
5137;27,9;0;0;2,1;385
5138;27,6;0;0;2,1;384
5139;27,3;0;0;2,4;381
5140;27,1;0;0;2,8;380
5141;26,8;0;0;3,1;377
5142;28,1;4;0;3,4;384
5143;29,3;77;73;3,8;390
5144;30,6;261;290;4,1;397
5145;30,6;474;540;4,1;397
5146;30,6;668;704;4,1;397
5147;30,6;820;786;4,1;397
5148;32,5;917;836;5,3;406
5149;34,3;952;844;6,5;415
5150;36,2;922;841;7,7;425
5151;36,1;828;815;7,7;424
5152;36,1;679;710;7,7;423
5153;36;486;571;7,7;421
5154;34,7;272;346;6,8;415
5155;33,5;84;98;6;410
5156;32,2;5;0;5,1;404
5157;31,5;0;0;4,8;401
5158;30,7;0;0;4,4;397
5159;30;0;0;4,1;393
5160;29,5;0;0;3,8;391
5161;28,9;0;0;3,4;388
5162;28,4;0;0;3,1;385
5163;28,3;0;0;3,4;385
5164;28,1;0;0;3,8;383
5165;28;0;0;4,1;382
5166;28,9;4;0;3,9;387
5167;29,7;76;70;3,8;391
5168;30,6;260;290;3,6;395
5169;32,1;473;549;4,5;402
5170;33,5;669;672;5,3;408
5171;35;823;775;6,2;415
5172;35,5;921;859;6,5;417
5173;35,9;956;867;6,9;418
5174;36,4;926;864;7,2;420
5175;36,1;830;803;6,7;420
5176;35,9;678;715;6,2;420
5177;35,6;484;571;5,7;419
5178;34,5;270;345;5,3;413
5179;33,3;82;80;5;407
5180;32,2;5;0;4,6;401
5181;31,5;0;0;4,3;397
5182;30,9;0;0;3,9;394
5183;30,2;0;0;3,6;391
5184;29,6;0;0;3,3;389
5185;29;0;0;2,9;386
5186;28,4;0;0;2,6;384
5187;28,3;0;0;3,1;384
5188;28,3;0;0;3,6;384
5189;28,2;0;0;4,1;384
5190;29,1;4;0;4,8;388
5191;29,9;74;67;5,5;392
5192;30,8;257;287;6,2;396
5193;30,8;470;540;6,2;396
5194;32,7;666;667;6,4;405
5195;34,6;820;771;6,7;414
5196;35,1;917;852;6;417
5197;35,7;951;857;5,3;421
5198;36,2;919;851;4,6;424
5199;36,1;825;795;4,6;422
5200;35,9;675;711;4,6;421
5201;35,8;481;569;4,6;420
5202;34,5;267;342;4,1;413
5203;33,3;80;76;3,6;406
5204;32;5;0;3,1;399
5205;31,1;0;0;3,3;394
5206;30,3;0;0;3,4;389
5207;29,4;0;0;3,6;384
5208;28,3;0;0;2,4;380
5209;27,3;0;0;1,2;376
5210;26,2;0;0;0;371
5211;26,7;0;0;1,4;374
5212;27,3;0;0;2,7;377
5213;27,8;0;0;4,1;379
5214;28,3;3;0;4,1;383
5215;28,7;72;60;4,1;386
5216;29,2;255;284;4,1;390
5217;31,1;468;538;4,8;399
5218;33,1;664;709;5,5;408
5219;35;818;771;6,2;416
5220;35,7;916;815;5,5;420
5221;36,5;950;858;4,8;425
5222;37,2;918;853;4,1;429
5223;36,6;823;794;4,4;425
5224;36;672;709;4,8;422
5225;35,4;478;574;5,1;419
5226;34,2;262;331;4,3;422
5227;33;76;79;3,4;422
5228;31,8;4;0;2,6;416
5229;30,3;0;0;1,7;412
5230;28,7;0;0;0,9;407
5231;27,2;0;0;0;402
5232;27,2;0;0;0;402
5233;26,2;0;0;0;389
5234;25,2;0;0;0;374
5235;25;0;0;0;374
5236;24,8;0;0;0;374
5237;24,6;0;0;0;374
5238;25,7;3;0;0;379
5239;26,7;70;58;0;384
5240;27,8;251;311;0;389
5241;29,3;461;570;0,7;398
5242;30,7;654;700;1,4;406
5243;32,2;804;798;2,1;414
5244;32,9;900;852;2,6;418
5245;33,5;933;872;3,1;422
5246;34,2;902;851;3,6;426
5247;33,1;808;828;3,9;420
5248;31,9;658;743;4,3;414
5249;30,8;467;622;4,6;409
5250;29,6;257;348;4,1;402
5251;28,4;75;72;3,6;396
5252;27,2;4;0;3,1;389
5253;26,9;0;0;2,6;387
5254;26,5;0;0;2,1;385
5255;26,2;0;0;1,5;384
5256;25,9;0;0;1;382
5257;25,5;0;0;0,5;380
5258;25,2;0;0;0;378
5259;25,1;0;0;0;377
5260;25,1;0;0;0;376
5261;25;0;0;0;375
5262;26,1;3;0;0;379
5263;27,1;68;53;0;383
5264;28,2;249;277;0;388
5265;29,4;460;571;0,9;397
5266;30,6;651;696;1,7;406
5267;31,8;799;787;2,6;415
5268;32,3;897;849;3,3;416
5269;32,7;933;878;3,9;416
5270;33,2;904;867;4,6;416
5271;33,1;810;844;4,6;416
5272;33,1;659;757;4,6;416
5273;33;467;634;4,6;415
5274;31,9;255;321;3,9;407
5275;30,7;72;60;3,3;399
5276;29,6;4;0;2,6;392
5277;28,7;0;0;1,7;389
5278;27,9;0;0;0,9;386
5279;27;0;0;0;383
5280;26,5;0;0;0;379
5281;26,1;0;0;0;376
5282;25,6;0;0;0;372
5283;25,3;0;0;0;371
5284;25,1;0;0;0;371
5285;24,8;0;0;0;371
5286;25,8;2;0;0;384
5287;26,8;35;0;0;395
5288;27,8;74;0;0;401
5289;28,7;216;30;0,9;406
5290;29,7;402;110;1,9;412
5291;30,6;593;279;2,8;417
5292;31,5;751;435;3,8;423
5293;32,5;848;599;4,7;429
5294;33,4;865;661;5,7;434
5295;31,9;740;578;5,4;430
5296;30,4;564;416;5,2;426
5297;28,9;364;230;4,9;418
5298;27,4;176;80;4,6;414
5299;25,9;42;0;4,4;410
5300;24,4;2;0;4,1;403
5301;24,3;0;0;4,4;397
5302;24,3;0;0;4,8;392
5303;24,2;0;0;5,1;383
5304;23,9;0;0;4,8;380
5305;23,7;0;0;4,4;378
5306;23,4;0;0;4,1;376
5307;23,3;0;0;3,4;374
5308;23,1;0;0;2,8;372
5309;23;0;0;2,1;370
5310;23,3;2;0;3,6;372
5311;23,7;55;13;5,2;374
5312;24;206;166;6,7;375
5313;25,1;408;345;6,4;381
5314;26,1;608;529;6;387
5315;27,2;775;640;5,7;388
5316;28;870;713;5,7;391
5317;28,8;904;730;5,7;393
5318;29,6;875;707;5,7;395
5319;29,5;782;690;5,7;395
5320;29,5;635;621;5,7;395
5321;29,4;447;488;5,7;395
5322;28;238;272;5,5;387
5323;26,6;64;46;5,3;379
5324;25,2;3;0;5,1;371
5325;24,7;0;0;4,8;369
5326;24,3;0;0;4,4;369
5327;23,8;0;0;4,1;367
5328;23,4;0;0;3,8;366
5329;23;0;0;3,4;364
5330;22,6;0;0;3,1;363
5331;22,5;0;0;3,6;363
5332;22,3;0;0;4,1;362
5333;22,2;0;0;4,6;361
5334;22,7;2;0;4,6;363
5335;23,1;61;36;4,6;365
5336;23,6;235;242;4,6;367
5337;25,1;440;457;5,3;380
5338;26,5;628;619;6;387
5339;28;775;683;6,7;395
5340;28,6;870;701;6,9;397
5341;29,2;905;744;7;398
5342;29,8;875;715;7,2;393
5343;29,7;781;695;7;394
5344;29,7;633;623;6,9;395
5345;29,6;444;487;6,7;395
5346;28,3;244;316;6;389
5347;26,9;66;50;5,3;376
5348;25,6;3;0;4,6;370
5349;25,1;0;0;4,3;368
5350;24,5;0;0;3,9;366
5351;24;0;0;3,6;365
5352;23,8;0;0;3,9;364
5353;23,6;0;0;4,3;363
5354;23,4;0;0;4,6;362
5355;23,1;0;0;4,3;361
5356;22,9;0;0;3,9;360
5357;22,6;0;0;3,6;359
5358;23,1;2;0;3,9;361
5359;23,7;61;39;4,3;371
5360;24,2;232;237;4,6;374
5361;25,7;436;449;5,1;381
5362;27,3;625;616;5,7;388
5363;28,8;773;682;6,2;395
5364;30,1;865;710;5,3;408
5365;31,3;896;716;4,5;416
5366;32,6;863;703;3,6;424
5367;31,6;776;707;3,9;418
5368;30,6;633;650;4,3;412
5369;29,6;446;543;4,6;401
5370;28,7;239;294;4,4;396
5371;27,7;63;43;4,3;392
5372;26,8;2;0;4,1;387
5373;26,2;0;0;3,9;383
5374;25,6;0;0;3,8;372
5375;25;0;0;3,6;369
5376;24,5;0;0;3,6;366
5377;24,1;0;0;3,6;364
5378;23,6;0;0;3,6;362
5379;23,5;0;0;4,3;362
5380;23,5;0;0;5;362
5381;23,4;0;0;5,7;362
5382;24,3;2;0;5,5;366
5383;25,1;59;37;5,3;377
5384;26;230;237;5,1;382
5385;26;434;449;5,1;382
5386;26;622;614;5,1;382
5387;26;769;677;5,1;382
5388;28,1;863;710;4,3;392
5389;30,3;895;722;3,4;403
5390;32,4;864;714;2,6;414
5391;31,9;770;696;2,8;412
5392;31,3;623;625;2,9;410
5393;30,8;435;498;3,1;408
5394;29,5;236;323;2,9;401
5395;28,3;61;41;2,8;388
5396;27;2;0;2,6;381
5397;26,7;0;0;2,8;379
5398;26,3;0;0;2,9;376
5399;26;0;0;3,1;374
5400;25,3;0;0;3,1;370
5401;24,7;0;0;3,1;367
5402;24;0;0;3,1;364
5403;23,9;0;0;3,6;364
5404;23,7;0;0;4,1;363
5405;23,6;0;0;4,6;362
5406;24,1;2;0;4,8;365
5407;24,7;59;38;4,9;368
5408;25,2;236;267;5,1;371
5409;26,9;448;517;4,4;381
5410;28,5;642;687;3,8;390
5411;30,2;794;809;3,1;400
5412;30,5;890;865;3,3;402
5413;30,7;923;886;3,4;403
5414;31;889;864;3,6;405
5415;31,4;794;843;3,9;406
5416;31,8;642;702;4,3;407
5417;32,2;448;577;4,6;408
5418;30,7;236;302;3,8;400
5419;29,3;58;38;2,9;393
5420;27,8;2;0;2,1;386
5421;27,2;0;0;1,4;383
5422;26,6;0;0;0,7;380
5423;26;0;0;0;377
5424;25,9;0;0;1,4;376
5425;25,9;0;0;2,7;374
5426;25,8;0;0;4,1;372
5427;25,3;0;0;3,4;370
5428;24,9;0;0;2,8;368
5429;24,4;0;0;2,1;366
5430;25,3;2;0;2,9;371
5431;26,1;57;36;3,8;376
5432;27;234;265;4,6;381
5433;28,5;446;518;4,8;388
5434;29,9;642;692;4,9;396
5435;31,4;794;777;5,1;404
5436;31,4;888;867;4,6;406
5437;31,4;918;880;4,1;409
5438;31,4;883;850;3,6;411
5439;32,2;788;831;3,4;413
5440;33;637;748;3,3;416
5441;33,8;444;570;3,1;419
5442;32,3;232;297;2,9;410
5443;30,9;56;34;2,8;402
5444;29,4;1;0;2,6;393
5445;28,5;0;0;1,7;387
5446;27,5;0;0;0,9;381
5447;26,6;0;0;0;375
5448;26,1;0;0;0;377
5449;25,5;0;0;0;378
5450;25;0;0;0;378
5451;24,9;0;0;0;378
5452;24,7;0;0;0;377
5453;24,5;0;0;0;376
5454;25,1;1;0;0;379
5455;25,6;55;33;0;382
5456;26,1;230;288;0;384
5457;27,7;440;550;0;392
5458;29,4;635;695;0;399
5459;31;788;801;0;407
5460;30,7;883;857;1,2;405
5461;30,5;915;877;2,4;405
5462;30,2;881;854;3,6;403
5463;29,9;786;833;3,4;401
5464;29,6;634;747;3,3;398
5465;29,3;440;610;3,1;396
5466;29;229;294;2,9;393
5467;28,7;54;30;2,8;390
5468;28,4;1;0;2,6;388
5469;27,9;0;0;1,7;387
5470;27,5;0;0;0,9;386
5471;27;0;0;0;384
5472;27,1;0;0;1,5;385
5473;27,3;0;0;3,1;386
5474;27,4;0;0;4,6;387
5475;27,4;0;0;4,4;387
5476;27,5;0;0;4,3;387
5477;27,5;0;0;4,1;387
5478;27,5;1;0;3,9;387
5479;27,6;54;32;3,8;388
5480;27,6;229;291;3,6;388
5481;29,3;441;513;4,1;394
5482;30,9;639;697;4,6;399
5483;32,6;795;767;5,1;404
5484;33,3;888;823;4,3;409
5485;34,1;908;796;3,4;423
5486;34,8;854;697;2,6;428
5487;33,9;760;699;3,8;422
5488;32,9;612;629;5;416
5489;32;423;496;6,2;411
5490;30,8;214;246;5,5;411
5491;29,6;48;9;4,8;407
5492;28,4;1;0;4,1;401
5493;27,7;0;0;3,8;400
5494;26,9;0;0;3,4;397
5495;26,2;0;0;3,1;390
5496;25,9;0;0;2,8;389
5497;25,5;0;0;2,4;388
5498;25,2;0;0;2,1;387
5499;24,6;0;0;1,4;383
5500;24;0;0;0,7;379
5501;23,4;0;0;0;375
5502;24,3;1;0;0;379
5503;25,1;50;20;0;382
5504;26;218;243;0;386
5505;27,8;422;435;1,5;395
5506;29,6;610;609;3,1;403
5507;31,4;758;675;4,6;412
5508;31,3;851;707;4,8;416
5509;31,1;882;718;4,9;415
5510;31;850;709;5,1;414
5511;30,1;753;684;5,3;412
5512;29,1;603;652;5,5;409
5513;28,2;414;510;5,7;407
5514;27,5;201;222;4,5;401
5515;26,9;41;0;3,3;397
5516;26,2;1;0;2,1;391
5517;25,5;0;0;1,4;388
5518;24,9;0;0;0,7;384
5519;24,2;0;0;0;376
5520;23,9;0;0;0;374
5521;23,7;0;0;0;374
5522;23,4;0;0;0;373
5523;23,3;0;0;0;373
5524;23,3;0;0;0;374
5525;23,2;0;0;0;374
5526;25;1;0;0;381
5527;25;49;18;0;381
5528;25;216;242;0;381
5529;26,3;420;476;0;387
5530;27,7;608;607;0;394
5531;29;755;672;0;400
5532;29;846;700;1,2;406
5533;29;876;749;2,4;407
5534;29;842;742;3,6;408
5535;28,4;737;663;4,1;405
5536;27,8;581;590;4,6;401
5537;27,2;390;430;5,1;398
5538;26,8;169;131;4,9;402
5539;26,4;26;0;4,8;405
5540;26;0;0;4,6;406
5541;24,2;0;0;4,4;397
5542;22,4;0;0;4,3;388
5543;20,6;0;0;4,1;379
5544;20,6;0;0;3,6;371
5545;20,6;0;0;3,1;366
5546;20,6;0;0;2,6;357
5547;20,3;0;0;1,7;356
5548;20,1;0;0;0,9;355
5549;19,8;0;0;0;353
5550;20,7;1;0;0,7;357
5551;21,7;48;34;1,4;361
5552;22,6;216;252;2,1;364
5553;23,9;420;441;2,4;376
5554;25,3;608;614;2,8;384
5555;26,6;755;678;3,1;391
5556;27,5;833;664;3,3;401
5557;28,3;846;615;3,4;406
5558;29,2;796;590;3,6;415
5559;28,5;707;591;3,8;411
5560;27,7;566;507;3,9;406
5561;27;388;400;4,1;402
5562;26,2;199;221;3,6;395
5563;25,4;41;4;3,1;392
5564;24,6;0;0;2,6;385
5565;24,3;0;0;1,7;382
5566;23,9;0;0;0,9;379
5567;23,6;0;0;0;376
5568;23,6;0;0;0;376
5569;23,2;0;0;0;375
5570;22,8;0;0;0;369
5571;22,2;0;0;0;366
5572;21,6;0;0;0;363
5573;21;0;0;0;360
5574;22;1;0;0;366
5575;23;47;19;0;372
5576;24;219;264;0;377
5577;25,7;424;515;1,2;387
5578;27,3;608;683;2,4;396
5579;29;746;720;3,6;405
5580;28,9;825;691;3,8;410
5581;28,9;839;647;3,9;414
5582;28,8;790;585;4,1;416
5583;28,3;716;622;4,8;410
5584;27,9;582;602;5,5;408
5585;27,4;403;525;6,2;402
5586;26,7;204;286;5,2;398
5587;26,1;41;11;4,1;395
5588;25,4;0;0;3,1;386
5589;25,1;0;0;2,1;384
5590;24,7;0;0;1;375
5591;24,4;0;0;0;374
5592;23,8;0;0;0;370
5593;23,2;0;0;0;367
5594;22,6;0;0;0;363
5595;22,6;0;0;0,7;363
5596;22,6;0;0;1,4;364
5597;22,6;0;0;2,1;364
5598;23,3;1;0;1,4;367
5599;23,9;46;20;0,7;370
5600;24,6;218;270;0;374
5601;26,2;427;540;0,7;383
5602;27,8;612;703;1,4;399
5603;29,4;743;719;2,1;408
5604;30,1;808;648;2,9;411
5605;30,7;801;546;3,8;413
5606;31,4;726;448;4,6;415
5607;30,3;682;551;4,6;410
5608;29,3;569;570;4,6;406
5609;28,2;400;525;4,6;400
5610;27,4;198;271;4,3;396
5611;26,6;37;0;3,9;392
5612;25,8;0;0;3,6;388
5613;25,5;0;0;2,4;387
5614;25,1;0;0;1,2;385
5615;24,8;0;0;0;384
5616;24,3;0;0;0;381
5617;23,9;0;0;0;378
5618;23,4;0;0;0;375
5619;23,9;0;0;0;377
5620;24,5;0;0;0;379
5621;25;0;0;0;381
5622;25,2;0;0;0,7;391
5623;25,4;38;0;1,4;398
5624;25,6;160;96;2,1;403
5625;26,4;316;162;2,1;408
5626;27,2;459;149;2,1;410
5627;28;570;171;2,1;415
5628;28,3;641;176;3,1;416
5629;28,7;664;277;4,1;418
5630;29;638;177;5,1;419
5631;28,9;579;295;4,3;414
5632;28,9;472;286;3,4;411
5633;28,8;327;189;2,6;406
5634;27,9;163;112;1,7;402
5635;27,1;30;0;0,9;398
5636;26,2;0;0;0;389
5637;25,8;0;0;0;387
5638;25,4;0;0;0;386
5639;25;0;0;0;384
5640;24,5;0;0;0;382
5641;24,1;0;0;0;379
5642;23,6;0;0;0;376
5643;23,2;0;0;0,9;374
5644;22,8;0;0;1,7;371
5645;22,4;0;0;2,6;368
5646;23,3;0;0;1,7;372
5647;24,3;43;14;0,9;369
5648;25,2;215;280;0;373
5649;25,2;427;508;0;373
5650;25,2;621;690;0;373
5651;25,2;773;775;0;373
5652;27,2;859;842;1,2;392
5653;29,2;862;720;2,4;409
5654;31,2;783;569;3,6;429
5655;30,3;708;629;3,6;419
5656;29,5;574;610;3,6;414
5657;28,6;394;475;3,6;403
5658;27,6;191;265;3,4;400
5659;26,6;33;0;3,3;397
5660;25,6;0;0;3,1;388
5661;25,3;0;0;2,1;386
5662;25,1;0;0;1;384
5663;24,8;0;0;0;382
5664;24,3;0;0;0;379
5665;23,7;0;0;0;375
5666;23,2;0;0;0;373
5667;22,9;0;0;0;371
5668;22,7;0;0;0;369
5669;22,4;0;0;0;368
5670;23,4;0;0;0;374
5671;24,4;40;3;0;380
5672;25,4;204;232;0;386
5673;26,9;406;471;0,9;394
5674;28,3;592;635;1,7;401
5675;29,8;738;698;2,6;409
5676;30;816;696;2,9;416
5677;30,2;829;650;3,3;417
5678;30,4;778;587;3,6;418
5679;29,9;703;624;3,9;415
5680;29,3;569;603;4,3;411
5681;28,8;389;522;4,6;408
5682;27,9;187;246;3,9;404
5683;26,9;31;0;3,3;399
5684;26;0;0;2,6;390
5685;25,7;0;0;1,7;387
5686;25,3;0;0;0,9;384
5687;25;0;0;0;380
5688;24,3;0;0;0;377
5689;23,5;0;0;0;373
5690;22,8;0;0;0;370
5691;22,9;0;0;0;370
5692;22,9;0;0;0;371
5693;23;0;0;0;371
5694;23,7;0;0;0;375
5695;24,3;41;27;0;371
5696;25;211;268;0;374
5697;26,7;420;543;1;384
5698;28,3;608;677;2,1;402
5699;30;747;766;3,1;412
5700;30,1;825;736;3,3;417
5701;30,3;834;675;3,4;421
5702;30,4;777;592;3,6;424
5703;29,7;650;479;3,4;418
5704;29,1;480;325;3,3;412
5705;28,4;294;168;3,1;403
5706;27,9;153;79;2,1;401
5707;27,3;26;0;1;397
5708;26,8;0;0;0;395
5709;26,1;0;0;0;391
5710;25,3;0;0;0;386
5711;24,6;0;0;0;382
5712;24,2;0;0;0;380
5713;23,8;0;0;0;377
5714;23,4;0;0;0;375
5715;23;0;0;0;372
5716;22,6;0;0;0;362
5717;22,2;0;0;0;359
5718;23,1;0;0;0;364
5719;23,9;37;0;0;375
5720;24,8;190;229;0;380
5721;26,9;381;394;1;392
5722;28,9;557;528;2,1;404
5723;31;693;587;3,1;409
5724;31,5;781;592;3,6;409
5725;32;812;467;4,1;407
5726;32,4;767;576;4,1;429
5727;32,3;679;582;4,1;426
5728;32,1;540;535;4,1;413
5729;32;362;392;4,1;407
5730;31;167;169;4,1;409
5731;30;24;0;4,1;408
5732;29;0;0;4,1;401
5733;28,5;0;0;3,6;398
5734;28,1;0;0;3,1;390
5735;27,6;0;0;2,6;380
5736;26,9;0;0;1,7;378
5737;26,1;0;0;0,9;375
5738;25,4;0;0;0;373
5739;25,3;0;0;1,5;372
5740;25,1;0;0;3,1;371
5741;25;0;0;4,6;370
5742;25,5;0;0;4,8;373
5743;26,1;37;4;4,9;384
5744;26,6;199;242;5,1;387
5745;27,9;403;439;5,8;393
5746;29,1;591;617;6,5;398
5747;30,4;738;687;7,2;404
5748;30,9;829;719;6,5;413
5749;31,5;857;723;5,8;416
5750;32;821;718;5,1;419
5751;31,4;723;700;5,5;415
5752;30,8;571;612;5,8;407
5753;30,2;379;472;6,2;396
5754;29,3;177;225;5,5;391
5755;28,3;24;0;4,8;394
5756;27,4;0;0;4,1;389
5757;26,9;0;0;3,8;387
5758;26,3;0;0;3,4;384
5759;25,8;0;0;3,1;381
5760;25,5;0;0;3,6;380
5761;25,3;0;0;4,1;372
5762;25;0;0;4,6;371
5763;24,5;0;0;3,1;368
5764;24,1;0;0;1,5;367
5765;23,6;0;0;0;364
5766;24,4;0;0;1,5;368
5767;25,2;36;0;3,1;372
5768;26;197;241;4,6;377
5769;27,2;401;438;5,1;382
5770;28,4;589;618;5,7;395
5771;29,6;735;687;6,2;400
5772;30,3;826;719;5,7;404
5773;31,1;854;722;5,1;409
5774;31,8;817;717;4,6;413
5775;31,3;719;698;4,6;410
5776;30,9;566;609;4,6;408
5777;30,4;375;469;4,6;405
5778;28,9;170;209;4,6;397
5779;27,5;22;0;4,6;390
5780;26;0;0;4,6;382
5781;25,7;0;0;3,8;379
5782;25,3;0;0;2,9;376
5783;25;0;0;2,1;372
5784;24,9;0;0;2,3;373
5785;24,9;0;0;2,4;373
5786;24,8;0;0;2,6;373
5787;24,5;0;0;2,8;373
5788;24,3;0;0;2,9;372
5789;24;0;0;3,1;372
5790;24,5;0;0;3,6;375
5791;24,9;35;0;4,1;370
5792;25,4;201;266;4,6;373
5793;26,9;408;476;4,8;380
5794;28,5;594;643;4,9;387
5795;30;733;705;5,1;394
5796;30,1;822;715;4,8;397
5797;30,1;848;712;4,4;398
5798;30,2;809;752;4,1;400
5799;30,1;711;700;4,1;400
5800;30,1;559;651;4,1;400
5801;30;368;494;4,1;399
5802;29,1;151;156;3,4;402
5803;28,1;15;0;2,8;401
5804;27,2;0;0;2,1;396
5805;26,5;0;0;1,4;392
5806;25,7;0;0;0,7;383
5807;25;0;0;0;372
5808;24,5;0;0;0;370
5809;23,9;0;0;0;366
5810;23,4;0;0;0;364
5811;22,9;0;0;0;361
5812;22,5;0;0;0;360
5813;22;0;0;0;357
5814;23,1;0;0;0;363
5815;24,3;34;0;0;370
5816;25,4;198;253;0;376
5817;26,7;394;516;1;383
5818;28,1;549;533;2,1;399
5819;29,4;629;411;3,1;406
5820;29,5;668;357;3,3;413
5821;29,7;645;285;3,4;414
5822;29,8;568;205;3,6;416
5823;28,7;452;99;3,9;409
5824;27,7;315;57;4,3;403
5825;26,6;178;22;4,6;391
5826;26,2;89;0;3,9;389
5827;25,7;12;0;3,3;387
5828;25,4;0;0;2,6;384
5829;25,1;0;0;2,4;382
5830;24,8;0;0;2,3;380
5831;24,3;0;0;2,1;377
5832;23,7;0;0;1,4;374
5833;23,1;0;0;0;372
5834;22,7;0;0;0;370
5835;22,5;0;0;0,9;369
5836;22,5;0;0;1,7;369
5837;22,6;0;0;2,6;369
5838;22,7;0;0;2,2;369
5839;23,5;31;0;1,9;366
5840;24;191;221;1,5;369
5841;25,2;399;447;1,9;381
5842;26,4;587;628;2,2;391
5843;27,6;722;676;2,6;396
5844;28;800;654;3,3;403
5845;28,4;812;613;3,9;406
5846;28,8;759;529;4,6;412
5847;28,1;664;511;5,1;405
5848;27,3;517;497;5,7;398
5849;26,6;335;372;6,2;390
5850;25,8;147;146;5,2;390
5851;25;18;0;4,1;385
5852;24,2;0;0;3,1;380
5853;23,8;0;0;2,6;378
5854;23,5;0;0;2,1;377
5855;23,1;0;0;1,5;375
5856;22,7;0;0;1;374
5857;22,4;0;0;0,5;367
5858;22;0;0;0;366
5859;21,7;0;0;0;364
5860;21,5;0;0;0;364
5861;21,2;0;0;0;362
5862;22;0;0;0,7;365
5863;22,8;29;0;1,4;368
5864;23,6;182;251;2,1;371
5865;25,1;363;371;2,4;384
5866;26,7;497;335;2,8;393
5867;28,2;552;232;3,1;401
5868;27,5;652;301;4,8;400
5869;26,7;703;344;6,5;395
5870;26;697;413;8,2;393
5871;24,9;539;222;7,5;389
5872;23,9;351;98;6,9;387
5873;22,8;173;11;6,2;384
5874;22,2;111;15;5,7;377
5875;21,6;16;0;5,1;368
5876;21;0;0;4,6;358
5877;20,5;0;0;3,8;356
5878;20,1;0;0;2,9;353
5879;19,6;0;0;2,1;346
5880;19,5;0;0;1,4;345
5881;19,3;0;0;0,7;344
5882;19,2;0;0;0;343
5883;18,8;0;0;0,5;341
5884;18,4;0;0;1;338
5885;18;0;0;1,5;336
5886;18,9;0;0;2,4;342
5887;19,9;28;0;3,2;348
5888;20,8;181;254;4,1;354
5889;22,2;378;388;4,1;360
5890;23,6;554;515;4,1;366
5891;25;683;535;4,1;372
5892;25,2;785;593;4,3;379
5893;25,4;826;636;4,4;380
5894;25,6;800;709;4,6;382
5895;25,2;688;622;4,6;380
5896;24,8;524;493;4,6;378
5897;24,4;329;352;4,6;371
5898;23,7;141;134;3,8;367
5899;22,9;16;0;2,9;363
5900;22,2;0;0;2,1;359
5901;22,1;0;0;1,4;360
5902;21,9;0;0;0,7;360
5903;21,8;0;0;0;361
5904;21,3;0;0;0;359
5905;20,9;0;0;0;357
5906;20,4;0;0;0;354
5907;20;0;0;0;353
5908;19,6;0;0;0;351
5909;19,2;0;0;0;349
5910;20,1;0;0;0,5;353
5911;20,9;28;0;1;349
5912;21,8;186;229;1,5;353
5913;23,4;394;454;1,9;361
5914;25;582;636;2,2;376
5915;26,6;715;682;2,6;384
5916;26,9;807;706;2,9;385
5917;27,3;835;714;3,3;386
5918;27,6;797;690;3,6;386
5919;26,9;694;660;4,3;384
5920;26,3;536;577;5;382
5921;25,6;342;415;5,7;380
5922;24,9;146;168;4,8;377
5923;24,3;16;0;4;374
5924;23,6;0;0;3,1;371
5925;23,4;0;0;2,8;371
5926;23,2;0;0;2,4;364
5927;23;0;0;2,1;363
5928;24,5;0;0;2,6;369
5929;26,1;0;0;3,1;381
5930;27,6;0;0;3,6;386
5931;25,4;0;0;2,4;377
5932;23,2;0;0;1,2;362
5933;21;0;0;0;353
5934;22,3;0;0;0,7;360
5935;23,5;26;0;1,4;374
5936;24,8;175;222;2,1;381
5937;25,7;359;374;3,1;385
5938;26,5;505;409;4,1;388
5939;27,4;583;311;5,1;392
5940;26,8;582;230;5,5;399
5941;26,2;510;121;5,8;402
5942;25,6;385;41;6,2;403
5943;26;406;70;6,2;406
5944;26,4;362;111;6,2;409
5945;26,8;257;90;6,2;413
5946;26,6;95;16;5,2;408
5947;26,4;9;0;4,1;407
5948;26,2;0;0;3,1;403
5949;25,4;0;0;2,1;395
5950;24,6;0;0;1;387
5951;23,8;0;0;0;377
5952;23,7;0;0;1,4;376
5953;23,7;0;0;2,7;376
5954;23,6;0;0;4,1;375
5955;23,4;0;0;3,8;374
5956;23,2;0;0;3,4;373
5957;23;0;0;3,1;371
5958;23,6;0;0;3,4;379
5959;24,2;16;0;3,8;383
5960;24,8;54;0;4,1;386
5961;26;239;85;4,4;392
5962;27,2;487;328;4,8;397
5963;28,4;706;621;5,1;398
5964;28,7;770;493;4,8;405
5965;28,9;760;498;4,4;405
5966;29,2;681;411;4,1;406
5967;28,8;548;270;4,8;409
5968;28,4;382;170;5,5;410
5969;28;213;66;6,2;412
5970;26,4;104;13;6,9;398
5971;24,8;12;0;7,5;385
5972;23,2;0;0;8,2;371
5973;22,8;0;0;8,2;368
5974;22,4;0;0;8,2;366
5975;22;0;0;8,2;363
5976;22,1;0;0;7,2;363
5977;22,1;0;0;6,1;362
5978;22,2;0;0;5,1;362
5979;21,7;0;0;4,1;359
5980;21,1;0;0;3,1;356
5981;20,6;0;0;2,1;349
5982;21,1;0;0;2,9;353
5983;21,5;21;0;3,8;356
5984;22;150;141;4,6;360
5985;22,9;287;94;4,4;369
5986;23,9;361;89;4,3;381
5987;24,8;347;23;4,1;388
5988;25,3;513;149;4,1;390
5989;25,9;634;252;4,1;390
5990;26,4;683;412;4,1;392
5991;26,2;630;485;4,1;388
5992;26;507;529;4,1;383
5993;25,8;330;403;4,1;377
5994;24,5;132;123;4,6;370
5995;23,1;13;0;5,2;363
5996;21,8;0;0;5,7;357
5997;21,1;0;0;3,8;354
5998;20,3;0;0;1,9;351
5999;19,6;0;0;0;349
6000;19,2;0;0;0;346
6001;18,8;0;0;0;344
6002;18,4;0;0;0;342
6003;18,4;0;0;0;342
6004;18;0;0;0;341
6005;17,6;0;0;0;340
6006;18,9;0;0;0;346
6007;20,3;23;0;0;346
6008;21,6;177;222;0;352
6009;22,5;385;455;0,7;356
6010;23,5;578;661;1,4;361
6011;24,4;726;728;2,1;373
6012;25,3;811;768;2,7;377
6013;26,3;829;745;3,4;383
6014;27,2;778;702;4,1;387
6015;27;675;656;4,4;386
6016;26,8;518;572;4,8;384
6017;26,6;324;407;5,1;383
6018;25,5;131;155;4,3;378
6019;24,3;13;0;3,4;365
6020;23,2;0;0;2,6;360
6021;22,5;0;0;1,7;358
6022;21,9;0;0;0,9;355
6023;21,2;0;0;0;353
6024;20,7;0;0;0;350
6025;20,1;0;0;0;347
6026;19,6;0;0;0;344
6027;19,4;0;0;0;343
6028;19,2;0;0;0;342
6029;19;0;0;0;341
6030;20,4;0;0;0;347
6031;21,8;22;0;0;352
6032;23,2;176;177;0;356
6033;24,7;384;460;1;365
6034;26,1;579;673;2,1;373
6035;27,6;730;753;3,1;381
6036;28;821;812;3,8;385
6037;28,4;845;814;4,4;388
6038;28,8;802;799;5,1;391
6039;29,1;695;741;4,8;392
6040;29,3;533;654;4,4;391
6041;29,6;332;458;4,1;391
6042;28,3;129;160;2,7;385
6043;27,1;12;0;1,4;380
6044;25,8;0;0;0;374
6045;24,9;0;0;0;370
6046;24,1;0;0;0;366
6047;23,2;0;0;0;362
6048;22,6;0;0;0;359
6049;22;0;0;0;355
6050;21,4;0;0;0;352
6051;20,8;0;0;0;349
6052;20,2;0;0;0;345
6053;19,6;0;0;0;342
6054;20,9;0;0;0;349
6055;22,1;22;0;0;356
6056;23,4;172;256;0;363
6057;25;379;449;0,7;371
6058;26,6;572;659;1,4;380
6059;28,2;722;793;2,1;390
6060;28,9;812;850;2,3;394
6061;29,5;836;853;2,4;399
6062;30,2;793;837;2,6;403
6063;30,3;686;762;2,4;404
6064;30,5;523;684;2,3;404
6065;30,6;323;473;2,1;405
6066;29;124;159;1,4;396
6067;27,4;11;0;0,7;388
6068;25,8;0;0;0;379
6069;25,1;0;0;0;377
6070;24,3;0;0;0;374
6071;23,6;0;0;0;371
6072;23,2;0;0;0;368
6073;22,8;0;0;0;364
6074;22,4;0;0;0;360
6075;22;0;0;0;358
6076;21,6;0;0;0;356
6077;21,2;0;0;0;354
6078;22,4;0;0;0;360
6079;23,6;21;0;0;367
6080;24,8;170;227;0;373
6081;24,8;375;488;0;373
6082;24,8;568;674;0;373
6083;24,8;718;791;0;373
6084;26,9;803;830;1;386
6085;28,9;815;789;2,1;407
6086;31;754;682;3,1;420
6087;30,4;652;644;3,1;416
6088;29,9;497;585;3,1;417
6089;29,3;306;410;3,1;412
6090;28,7;115;130;3,1;407
6091;28,2;10;0;3,1;403
6092;27,6;0;0;3,1;397
6093;26,9;0;0;2,6;394
6094;26,2;0;0;2,1;390
6095;25,5;0;0;1,5;381
6096;24,8;0;0;1;377
6097;24,1;0;0;0,5;366
6098;23,4;0;0;0;363
6099;22,8;0;0;0,9;360
6100;22,2;0;0;1,7;357
6101;21,6;0;0;2,6;354
6102;22,8;0;0;2,2;361
6103;24,1;20;0;1,7;376
6104;25,3;166;217;1,3;384
6105;26,5;365;458;0,9;397
6106;27,8;548;629;0,4;405
6107;29;683;672;0;413
6108;29,1;770;722;1,4;413
6109;29,1;794;726;2,7;413
6110;29,2;752;719;4,1;408
6111;29;657;692;4,6;406
6112;28,9;504;635;5,1;405
6113;28,7;310;450;5,7;403
6114;28,5;115;145;6,2;394
6115;28,4;9;0;6,7;392
6116;28,2;0;0;7,2;390
6117;28,2;0;0;7,2;390
6118;28,2;0;0;7,2;390
6119;28,2;0;0;7,2;390
6120;27,1;0;0;6,9;384
6121;26,1;0;0;6,5;379
6122;25;0;0;6,2;373
6123;24;0;0;4,1;367
6124;23;0;0;2,1;361
6125;22;0;0;0;356
6126;23,1;0;0;0;362
6127;24,1;20;0;0;367
6128;25,2;166;249;0;373
6129;26,4;371;445;1,2;380
6130;27,6;563;675;2,4;387
6131;28,8;711;790;3,6;394
6132;29,1;802;854;3,1;395
6133;29,5;827;863;2,6;396
6134;29,8;784;796;2,1;397
6135;29,5;675;733;2,9;396
6136;29,1;511;638;3,8;394
6137;28,8;310;433;4,6;392
6138;28,3;112;134;4,3;389
6139;27,7;9;0;4;386
6140;27,2;0;0;3,7;384
6141;26,7;0;0;3,2;382
6142;26,2;0;0;2,7;380
6143;25,8;0;0;2,1;378
6144;24,3;0;0;1,4;370
6145;22,9;0;0;0,7;362
6146;21,4;0;0;0;353
6147;20,9;0;0;0;351
6148;20,5;0;0;0;349
6149;20;0;0;0;347
6150;21,3;0;0;0;353
6151;22,7;19;0;0;360
6152;24;164;247;0;366
6153;25,2;368;444;0,7;373
6154;26,4;560;673;1,4;381
6155;27,6;707;787;2,1;388
6156;26,8;798;850;1,7;384
6157;26,1;822;859;1,4;380
6158;25,3;778;848;1;375
6159;24,5;669;730;0,7;370
6160;23,8;505;636;0,4;366
6161;23;305;430;0;362
6162;23,1;107;127;0;363
6163;23,1;8;0;0;364
6164;23,2;0;0;0;365
6165;23,3;0;0;0;366
6166;23,3;0;0;0;367
6167;23,4;0;0;0;368
6168;22,5;0;0;0;361
6169;21,7;0;0;0;355
6170;20,8;0;0;0;347
6171;20,3;0;0;0;345
6172;19,9;0;0;0;343
6173;19,4;0;0;0;341
6174;20,9;0;0;0,5;351
6175;22,5;19;0;1;361
6176;24;161;217;1,5;370
6177;24,7;364;480;1,8;374
6178;25,4;553;661;2;378
6179;26,1;697;761;2,3;381
6180;26,8;780;797;2,6;385
6181;27,5;795;773;2,8;396
6182;28,2;742;729;3,1;400
6183;27,5;641;684;3,3;396
6184;26,8;485;639;3,4;392
6185;26,1;292;422;3,6;388
6186;25,4;101;119;3,8;385
6187;24,7;7;0;3,9;383
6188;24;0;0;4,1;380
6189;23,8;0;0;3,6;379
6190;23,6;0;0;3,2;378
6191;23,3;0;0;2,7;376
6192;22,8;0;0;2,3;373
6193;22,2;0;0;1,8;369
6194;21,6;0;0;1,4;358
6195;21,6;0;0;0,9;358
6196;21,6;0;0;0,5;358
6197;21,6;0;0;0;358
6198;22,4;0;0;0;362
6199;23,2;18;0;0;366
6200;24;159;217;0;369
6201;23,2;362;483;0;366
6202;22,4;553;671;0;362
6203;21,6;701;788;0;358
6204;22,6;790;850;0;363
6205;23,7;813;857;0;368
6206;24,7;768;844;0;373
6207;25,7;658;764;0;378
6208;26,8;494;701;0;383
6209;27,8;294;451;0;388
6210;27,1;99;123;0;386
6211;26,3;7;0;0;384
6212;25,6;0;0;0;381
6213;24,9;0;0;0;377
6214;24,3;0;0;0;373
6215;23,6;0;0;0;369
6216;23,1;0;0;0;367
6217;22,7;0;0;0;365
6218;22,2;0;0;0;363
6219;22,5;0;0;0;364
6220;22,8;0;0;0;365
6221;23,1;0;0;0;366
6222;23,4;0;0;0;367
6223;23,7;18;0;0;369
6224;24;156;215;0;370
6225;25,3;359;481;0,7;377
6226;26,5;549;669;1,4;383
6227;27,8;696;784;2,1;391
6228;29,5;785;847;2,6;399
6229;31,1;809;857;3;407
6230;32,8;764;845;3,5;415
6231;32,3;652;767;3,1;414
6232;31,8;487;689;2,7;413
6233;31,3;287;438;2,3;412
6234;29,9;95;115;1,9;405
6235;28,5;6;0;1,4;397
6236;27;0;0;0,9;390
6237;26,1;0;0;1,3;384
6238;25,1;0;0;1,7;378
6239;24,2;0;0;2,1;373
6240;23,5;0;0;1,4;369
6241;22,9;0;0;0,7;365
6242;22,2;0;0;0;360
6243;21,5;0;0;0;356
6244;20,9;0;0;0;353
6245;20,2;0;0;0;349
6246;21,5;0;0;1;354
6247;22,9;17;0;2,1;360
6248;24,2;156;243;3,1;365
6249;24,2;359;450;3,1;365
6250;24,2;552;668;3,1;365
6251;24,2;700;753;3,1;365
6252;27,3;791;824;4;378
6253;30,5;815;814;4,8;393
6254;33,6;771;808;5,7;406
6255;32,4;654;738;4,8;406
6256;31,2;485;606;4;404
6257;30;283;442;3,1;401
6258;28,7;92;112;2,1;393
6259;27,3;5;0;1;385
6260;26;0;0;0;377
6261;25,6;0;0;0,7;374
6262;25,2;0;0;1,4;369
6263;24,8;0;0;2,1;365
6264;23,9;0;0;1,4;362
6265;23,1;0;0;0,7;359
6266;22,2;0;0;0;356
6267;22,2;0;0;0;356
6268;21,8;0;0;0;352
6269;21,4;0;0;0;350
6270;23;0;0;0,9;357
6271;24,6;17;0;1,7;365
6272;26,2;154;242;2,6;373
6273;28,2;358;454;3,8;383
6274;30,2;551;636;5;392
6275;32,2;700;745;6,2;401
6276;30,2;788;805;5;392
6277;28,2;809;832;3,8;383
6278;26,2;761;815;2,6;373
6279;27,8;625;640;3,4;381
6280;29,4;405;306;4,3;388
6281;31;174;89;5,1;395
6282;29,5;68;8;4,4;389
6283;28,1;4;0;3,8;383
6284;26,6;0;0;3,1;376
6285;26,1;0;0;3,8;374
6286;25,5;0;0;4,4;372
6287;25;0;0;5,1;370
6288;24,6;0;0;5,5;368
6289;24,2;0;0;6;366
6290;23,8;0;0;6,4;364
6291;23,4;0;0;6,8;362
6292;23;0;0;7,3;360
6293;22,6;0;0;7,7;358
6294;23,2;0;0;8;360
6295;23,9;16;0;8,2;362
6296;24,5;149;223;8,5;371
6297;25,1;342;405;8,8;372
6298;25,8;516;539;9;374
6299;26,4;637;583;9,3;376
6300;26,6;758;660;8,8;377
6301;26,8;802;776;8,2;371
6302;27;761;799;7,7;372
6303;26,5;648;730;8,2;370
6304;26,1;480;631;8,8;368
6305;25,6;277;395;9,3;366
6306;24,4;84;98;9,3;361
6307;23,2;4;0;9,3;363
6308;22;0;0;9,3;359
6309;21,8;0;0;9,6;357
6310;21,6;0;0;10;356
6311;21,4;0;0;10,3;354
6312;21,1;0;0;8,6;353
6313;20,7;0;0;6,8;344
6314;20,4;0;0;5,1;343
6315;20,1;0;0;5,1;341
6316;19,7;0;0;5,1;340
6317;19,4;0;0;5,1;338
6318;19,5;0;0;5,8;338
6319;19,7;16;0;6,5;345
6320;19,8;144;171;7,2;345
6321;20,8;330;367;7,7;354
6322;21,8;486;432;8,2;362
6323;22,8;582;384;8,7;369
6324;23,3;678;455;9,2;371
6325;23,7;717;496;9,8;372
6326;24,2;691;598;10,3;374
6327;23,6;600;615;10,3;368
6328;23;452;526;10,3;365
6329;22,4;263;350;10,3;358
6330;21,7;78;64;10,3;357
6331;21,1;3;0;10,3;356
6332;20,4;0;0;10,3;349
6333;20,4;0;0;10,3;349
6334;20,4;0;0;10,3;349
6335;20,4;0;0;10,3;349
6336;19,7;0;0;10;345
6337;18,9;0;0;9,6;334
6338;18,2;0;0;9,3;330
6339;18,1;0;0;8,8;329
6340;18,1;0;0;8,2;335
6341;18;0;0;7,7;334
6342;18,3;0;0;7,9;341
6343;18,5;15;0;8;343
6344;18,8;142;169;8,2;345
6345;19,9;327;365;8,6;353
6346;21,1;483;431;8,9;361
6347;22,2;579;390;9,3;369
6348;22,5;694;506;8,9;367
6349;22,7;746;624;8,6;365
6350;23;725;685;8,2;362
6351;22,7;623;699;8,2;360
6352;22,3;463;601;8,2;358
6353;22;266;381;8,2;352
6354;21,1;77;112;7,5;349
6355;20,1;3;0;6,9;338
6356;19,2;0;0;6,2;335
6357;18,7;0;0;5,5;332
6358;18,3;0;0;4,8;331
6359;17,8;0;0;4,1;329
6360;17,9;0;0;4,4;330
6361;18,1;0;0;4,8;331
6362;18,2;0;0;5,1;332
6363;18;0;0;4,8;331
6364;17,8;0;0;4,4;330
6365;17,6;0;0;4,1;329
6366;18;0;0;4,4;330
6367;18,4;15;0;4,8;332
6368;18,8;146;193;5,1;340
6369;20,5;347;456;5,1;348
6370;22,1;537;631;5,1;356
6371;23,8;681;730;5,1;364
6372;24,7;773;785;4,4;367
6373;25,7;796;826;3,8;364
6374;26,6;749;809;3,1;367
6375;25,6;634;733;4,8;364
6376;24,6;464;626;6,5;361
6377;23,6;262;369;8,2;357
6378;22,5;73;105;6,7;352
6379;21,3;3;0;5,1;353
6380;20,2;0;0;3,6;347
6381;19,2;0;0;2,4;343
6382;18,2;0;0;1,2;332
6383;17,2;0;0;0;328
6384;16,7;0;0;0,7;324
6385;16,1;0;0;1,4;319
6386;15,6;0;0;2,1;315
6387;15,1;0;0;2,3;313
6388;14,7;0;0;2,4;311
6389;14,2;0;0;2,6;309
6390;15,4;0;0;2,4;315
6391;16,6;14;0;2,3;320
6392;17,8;144;195;2,1;326
6393;20;347;466;2,4;337
6394;22,2;538;648;2,8;348
6395;24,4;685;755;3,1;359
6396;24,7;771;816;3,3;361
6397;24,9;790;819;3,4;363
6398;25,2;740;793;3,6;366
6399;24,7;624;739;3,4;365
6400;24,3;456;635;3,3;364
6401;23,8;255;355;3,1;363
6402;22,9;69;72;2,1;359
6403;22,1;2;0;1;355
6404;21,2;0;0;0;351
6405;20,3;0;0;0;347
6406;19,5;0;0;0;343
6407;18,6;0;0;0;339
6408;18,5;0;0;0;338
6409;18,5;0;0;0;339
6410;18,4;0;0;0;338
6411;18,2;0;0;0,7;337
6412;18;0;0;1,4;336
6413;17,8;0;0;2,1;334
6414;18,4;0;0;2,1;337
6415;19;14;0;2,1;341
6416;19,6;140;230;2,1;344
6417;21,2;340;445;1,4;352
6418;22,8;528;666;0,7;360
6419;24,4;673;750;0;368
6420;25,1;760;818;1;370
6421;25,7;780;827;2,1;372
6422;26,4;732;790;3,1;375
6423;25,7;617;729;3,1;373
6424;25,1;448;615;3,1;372
6425;24,4;249;347;3,1;369
6426;23,8;66;65;2,6;366
6427;23,1;2;0;2,1;363
6428;22,5;0;0;1,5;360
6429;21,9;0;0;1;357
6430;21,2;0;0;0,5;354
6431;20,6;0;0;0;351
6432;19,9;0;0;0;346
6433;19,1;0;0;0;341
6434;18,4;0;0;0;337
6435;18,7;0;0;0;338
6436;18,9;0;0;0;340
6437;19,2;0;0;0;341
6438;20;0;0;0,7;346
6439;20,8;13;0;1,4;350
6440;21,6;138;226;2,1;355
6441;23,5;336;442;2,3;364
6442;25,3;524;661;2,4;374
6443;27,2;668;745;2,6;384
6444;27,2;752;824;2,8;384
6445;27,2;770;866;2,9;385
6446;27,2;720;808;3,1;386
6447;26,7;607;768;3,4;383
6448;26,1;441;673;3,8;380
6449;25,6;243;373;4,1;378
6450;24,9;62;70;2,7;373
6451;24,1;1;0;1,4;368
6452;23,4;0;0;0;363
6453;23,7;0;0;1,7;366
6454;24,1;0;0;3,4;369
6455;24,4;0;0;5,1;371
6456;24,1;0;0;4,1;369
6457;23,7;0;0;3,1;366
6458;23,4;0;0;2,1;364
6459;22,5;0;0;2,4;359
6460;21,5;0;0;2,8;354
6461;20,6;0;0;3,1;349
6462;21,3;0;0;3,1;351
6463;22,1;13;0;3,1;354
6464;22,8;135;220;3,1;356
6465;24,5;333;442;3,8;366
6466;26,3;522;665;4,4;376
6467;28;665;749;5,1;386
6468;28,3;749;785;4,8;389
6469;28,5;766;870;4,4;391
6470;28,8;716;811;4,1;393
6471;28,1;602;767;4,1;390
6472;27,5;435;666;4,1;388
6473;26,8;237;383;4,1;385
6474;25,6;58;62;2,7;379
6475;24,4;1;0;1,4;372
6476;23,2;0;0;0;366
6477;23,4;0;0;1;366
6478;23,6;0;0;2,1;365
6479;23,8;0;0;3,1;364
6480;23,5;0;0;2,8;362
6481;23,3;0;0;2,4;361
6482;23;0;0;2,1;359
6483;22;0;0;2,3;354
6484;21;0;0;2,4;349
6485;20;0;0;2,6;344
6486;20,7;0;0;2,6;347
6487;21,5;12;0;2,6;351
6488;22,2;134;225;2,6;354
6489;24,1;332;446;2,8;365
6490;25,9;519;654;2,9;375
6491;27,8;662;751;3,1;385
6492;27,8;744;784;3,3;387
6493;27,8;760;865;3,4;388
6494;27,8;708;802;3,6;397
6495;27,9;595;760;3,3;396
6496;27,9;429;588;2,9;388
6497;28;232;328;2,6;387
6498;26,5;55;45;2,9;380
6499;24,9;1;0;3,3;373
6500;23,4;0;0;3,6;366
6501;23,1;0;0;2,4;364
6502;22,7;0;0;1,2;362
6503;22,4;0;0;0;360
6504;21,7;0;0;0;356
6505;21,1;0;0;0;352
6506;20,4;0;0;0;348
6507;20;0;0;0;346
6508;19,6;0;0;0;343
6509;19,2;0;0;0;341
6510;20,3;0;0;0;346
6511;21,3;12;0;0;358
6512;22,4;130;215;0;363
6513;23,1;320;408;0,7;372
6514;23,8;488;567;1,4;377
6515;24,5;598;528;2,1;385
6516;25,2;639;472;2,7;393
6517;25,9;610;374;3,4;397
6518;26,6;521;206;4,1;405
6519;26;391;126;2,7;399
6520;25,4;243;81;1,4;389
6521;24,8;107;0;0;380
6522;24,5;24;0;1;383
6523;24,3;0;0;2,1;385
6524;24;0;0;3,1;386
6525;23,9;0;0;3,1;383
6526;23,7;0;0;3,1;379
6527;23,6;0;0;3,1;374
6528;23,4;0;0;4,6;372
6529;23,2;0;0;6,2;371
6530;23;0;0;7,7;369
6531;22,7;0;0;8,2;367
6532;22,3;0;0;8,8;358
6533;22;0;0;9,3;356
6534;22,1;0;0;8,3;357
6535;22,3;12;0;7,2;357
6536;22,4;129;219;6,2;358
6537;23,6;324;438;6,2;363
6538;24,8;504;622;6,2;376
6539;26;630;675;6,2;382
6540;26,7;711;699;6;385
6541;27,5;728;705;5,9;388
6542;28,2;680;696;5,7;391
6543;27,9;570;652;6;389
6544;27,5;408;516;6,4;386
6545;27,2;217;313;6,7;383
6546;25,9;47;36;6,4;381
6547;24,1;0;0;6;370
6548;23,5;0;0;5,7;367
6549;23,1;0;0;5,2;365
6550;22,7;0;0;4,6;364
6551;22,4;0;0;4,1;358
6552;22;0;0;3,4;357
6553;21,5;0;0;2;349
6554;20,8;0;0;3,1;347
6555;20,1;0;0;2,5;344
6556;19,6;0;0;0;342
6557;19,3;0;0;2,1;341
6558;19,2;0;0;3;341
6559;22;10;0;5,1;354
6560;22,8;116;155;4,1;358
6561;24;308;384;3;365
6562;26;496;629;4,1;375
6563;26,4;638;710;4,1;380
6564;26;722;753;5,1;377
6565;26;736;788;4,1;386
6566;27;680;752;2,6;391
6567;27;567;662;7,2;388
6568;26;400;512;6,1;376
6569;25,4;206;264;6,2;372
6570;23;41;2;7,2;360
6571;23;0;0;8,2;360
6572;23,6;0;0;4,1;361
6573;23;0;0;4,1;358
6574;22;0;0;3;352
6575;23;0;0;5,1;352
6576;22;0;0;7,2;352
6577;19;0;0;0;338
6578;20,2;0;0;4,1;344
6579;21;0;0;3,6;347
6580;19;0;0;2,5;338
6581;19,6;0;0;4,1;341
6582;21;0;0;5,1;347
6583;19;9;0;3;338
6584;21,2;114;125;2,6;347
6585;23;306;388;3;356
6586;25;495;590;6,1;365
6587;25,4;640;709;4,1;367
6588;28;705;708;5,1;381
6589;27;658;494;3;376
6590;26;507;222;5,1;374
6591;25;399;148;2,5;369
6592;24;264;96;5,1;364
6593;24,6;125;12;5,1;367
6594;23;28;0;5,1;359
6595;21;0;0;8,2;349
6596;21,8;0;0;3,1;352
6597;21;0;0;3;347
6598;20;0;0;2,5;342
6599;19,4;0;0;0;341
6600;19;0;0;0;338
6601;18;0;0;0;333
6602;17,4;0;0;0;331
6603;18;0;0;0;345
6604;20;0;0;2;358
6605;20;0;0;0;367
6606;18;0;0;0;356
6607;17;6;0;0;356
6608;20,4;83;56;0;373
6609;22;200;72;0;381
6610;23;279;36;3,6;386
6611;22,6;297;42;3,1;384
6612;23;298;10;4,1;386
6613;22;263;17;5,1;381
6614;22,4;203;2;3,1;384
6615;22;168;0;4,1;385
6616;22;118;0;1,5;385
6617;19;59;0;1,5;372
6618;19;11;0;3;378
6619;18;0;0;3;372
6620;19;0;0;5,1;384
6621;18;0;0;2;367
6622;17;0;0;8,2;357
6623;18,8;0;0;6,2;361
6624;19;0;0;7,2;361
6625;19;0;0;3;361
6626;21;0;0;0;374
6627;20;0;0;0;365
6628;19,5;0;0;0;362
6629;19;0;0;2,1;355
6630;19;0;0;4,1;354
6631;17;8;0;2;345
6632;20,4;106;129;5,1;357
6633;22;289;339;5,1;367
6634;23;467;545;5,1;372
6635;23,6;605;637;6,2;374
6636;24;663;567;6,1;379
6637;24;646;512;6,6;384
6638;25,4;564;364;6,2;394
6639;26;450;295;5,1;393
6640;24;301;179;6,1;379
6641;24,6;143;76;6,2;378
6642;23,3;22;0;6,1;382
6643;22;0;0;5,1;384
6644;21,6;0;0;3,1;397
6645;21;0;0;4,1;394
6646;21;0;0;3;394
6647;21;0;0;2,6;393
6648;19;0;0;2;369
6649;20;0;0;3;366
6650;20,4;0;0;3,1;366
6651;19;0;0;2,5;353
6652;18;0;0;3;343
6653;19,4;0;0;0;343
6654;18;0;0;2,5;336
6655;18;7;0;2;343
6656;19,8;90;61;0;352
6657;22;230;153;2,5;367
6658;22;338;101;2,5;367
6659;23,2;384;93;4,1;375
6660;24;369;70;3;385
6661;24;300;14;3;389
6662;22,8;200;4;4,1;385
6663;20;197;6;2,5;370
6664;19;159;2;0;365
6665;20,6;88;0;0;369
6666;19;20;0;4,1;358
6667;19;0;0;0;354
6668;19;0;0;5,1;348
6669;18;0;0;5,1;347
6670;18;0;0;4,1;347
6671;19,4;0;0;4,1;354
6672;18;0;0;5,1;354
6673;19;0;0;3;361
6674;19;0;0;6,2;365
6675;18;0;0;6,1;359
6676;18;0;0;3;356
6677;18,2;0;0;4,1;356
6678;18;0;0;5,1;352
6679;17;5;0;4,1;341
6680;19;78;50;5,1;345
6681;21;237;181;6,1;355
6682;21;414;334;6,1;355
6683;22,2;567;509;5,1;358
6684;24;590;378;6,1;368
6685;22;532;231;6,1;358
6686;22,6;412;115;8,2;360
6687;21;313;64;8,2;363
6688;20;198;17;7,2;364
6689;20;87;0;7,7;370
6690;19;17;0;8,2;361
6691;19;0;0;7,2;358
6692;18;0;0;7,2;350
6693;18;0;0;7,7;347
6694;18,1;0;0;8,2;344
6695;18,2;0;0;6,2;340
6696;17;0;0;5,1;335
6697;17;0;0;5,1;328
6698;17,6;0;0;2,1;331
6699;17;0;0;5,1;328
6700;15;0;0;1,5;326
6701;16,4;0;0;0;333
6702;16;0;0;0;330
6703;17;5;0;0;335
6704;17;49;0;0;336
6705;19;137;3;0;350
6706;21;224;14;0;367
6707;22,2;290;18;0;377
6708;22;329;20;2,5;372
6709;23;336;20;2;371
6710;22,8;310;19;2;365
6711;23;418;224;2,5;367
6712;23;352;385;2;360
6713;21,8;178;276;2,1;355
6714;20;25;0;2;346
6715;19;0;0;2;341
6716;19,6;0;0;2,1;344
6717;19;0;0;0;341
6718;18;0;0;0;336
6719;18,8;0;0;0;340
6720;18;0;0;0;335
6721;18;0;0;0;336
6722;17,8;0;0;0;336
6723;17;0;0;0;332
6724;17;0;0;0;332
6725;17;0;0;0;331
6726;16;0;0;0;327
6727;17;7;0;0;338
6728;19;100;132;0;349
6729;22;281;355;0;369
6730;23;455;598;2,5;375
6731;23;585;616;3,1;375
6732;23;672;682;3;374
6733;23;691;753;4,6;375
6734;24;643;749;3,1;376
6735;23;527;694;4,1;370
6736;23;361;524;4,1;363
6737;22,8;171;258;4,1;364
6738;21;23;0;2;354
6739;20;0;0;0;350
6740;21;0;0;0;355
6741;20;0;0;0;350
6742;20;0;0;0;349
6743;20;0;0;0;349
6744;19;0;0;0;344
6745;19;0;0;0;350
6746;19,2;0;0;0;351
6747;21;0;0;2;364
6748;20,6;0;0;0;362
6749;20,2;0;0;2,6;360
6750;18;0;0;3;346
6751;19;6;0;3;345
6752;21;99;125;0;348
6753;22;284;378;0;354
6754;24;467;624;0;364
6755;25;606;715;4,1;370
6756;24;684;751;2,5;367
6757;25;696;749;2;372
6758;26,4;638;750;2,6;381
6759;26;491;479;2;377
6760;25;289;222;2;374
6761;25,2;105;15;4,1;371
6762;22;13;0;2,5;370
6763;22;0;0;2,5;374
6764;22;0;0;2;381
6765;22;0;0;2,5;382
6766;21;0;0;0;377
6767;21;0;0;0;377
6768;20;0;0;0;366
6769;20;0;0;0;362
6770;19,8;0;0;0;349
6771;18;0;0;0;339
6772;19;0;0;2;344
6773;20,8;0;0;4,1;353
6774;20;0;0;0;348
6775;20;6;0;6,1;348
6776;21;96;120;0;352
6777;22;280;374;3;355
6778;24;460;609;6,1;373
6779;26;594;687;7,2;385
6780;26;675;736;6,1;383
6781;26;691;749;7,2;381
6782;26,7;638;730;6,2;383
6783;26;518;646;7,2;378
6784;26;347;466;6,1;379
6785;25,2;159;202;6,2;376
6786;23;21;0;6,1;364
6787;23;0;0;7,2;358
6788;22,8;0;0;5,1;356
6789;22;0;0;5,1;352
6790;20;0;0;2;341
6791;20,4;0;0;2,6;345
6792;18;0;0;3;333
6793;18;0;0;2;333
6794;18,6;0;0;3,1;336
6795;17;0;0;0;327
6796;17;0;0;0;327
6797;16,2;0;0;0;324
6798;16,1;0;0;0;324
6799;16;6;0;0;322
6800;17,8;93;115;0;332
6801;22;263;317;0;352
6802;22;397;360;2;353
6803;24,4;442;191;2,6;366
6804;25;548;330;3;367
6805;26;598;433;3;381
6806;25;581;541;3,6;375
6807;24;448;395;2,5;371
6808;24;282;213;3;373
6809;23,4;118;59;3,1;371
6810;22;13;0;3,6;368
6811;21;0;0;3;363
6812;22;0;0;3,6;368
6813;21;0;0;0;364
6814;20;0;0;0;359
6815;21;0;0;0;363
6816;20;0;0;0;358
6817;20;0;0;2;358
6818;20,2;0;0;2,6;355
6819;19;0;0;2,5;357
6820;19;0;0;3,6;362
6821;19,8;0;0;0;375
6822;17;0;0;0;361
6823;17;3;0;0;361
6824;18;43;0;2,6;361
6825;18;114;0;3;366
6826;17;163;0;5,1;367
6827;18,6;177;0;0;384
6828;18,8;241;15;2,1;375
6829;19;285;27;4,1;371
6830;19,8;297;44;3,1;368
6831;19;241;8;3;362
6832;20;162;7;2,5;362
6833;19;74;0;2;347
6834;18;12;0;0;347
6835;17;0;0;0;343
6836;17;0;0;0;343
6837;18;0;0;2;356
6838;18;0;0;0;364
6839;16;0;0;0;378
6840;15,5;0;0;0;365
6841;15;0;0;0;353
6842;16;0;0;0;354
6843;14;0;0;0;343
6844;15;0;0;0;348
6845;16,4;0;0;2,6;356
6846;15;0;0;3,6;344
6847;15;3;0;4,1;340
6848;17;66;7;7,2;346
6849;18;200;122;4,1;350
6850;19;333;173;0;354
6851;20,4;437;206;7,2;356
6852;22;540;330;5,1;364
6853;22;591;437;4,1;363
6854;23;572;543;3;363
6855;23;426;319;3;368
6856;22;252;153;2,5;370
6857;22;94;5;2;373
6858;20;14;0;0;360
6859;20;0;0;5,1;355
6860;19;0;0;2;345
6861;18;0;0;2;340
6862;17;0;0;0;329
6863;18;0;0;3,1;335
6864;16;0;0;0;325
6865;16;0;0;0;325
6866;16;0;0;0;327
6867;16;0;0;0;325
6868;16;0;0;0;325
6869;16,4;0;0;0;328
6870;16;0;0;2;325
6871;16;5;0;2;332
6872;18,2;86;104;2,1;343
6873;20;264;358;2,5;351
6874;22;442;593;3;362
6875;21,8;579;695;2,6;360
6876;23;658;742;2;366
6877;22;670;747;2,5;361
6878;23,4;614;719;3,1;369
6879;23;493;625;4,1;368
6880;23;325;444;4,1;369
6881;22;141;180;5,1;363
6882;20;16;0;2,5;353
6883;20;0;0;2;353
6884;19,9;0;0;0;353
6885;19;0;0;0;347
6886;19;0;0;0;347
6887;19,2;0;0;0;349
6888;18;0;0;0;343
6889;17;0;0;0;332
6890;18;0;0;0;338
6891;17;0;0;0;333
6892;17;0;0;0;333
6893;17;0;0;0;333
6894;17;0;0;0;333
6895;17;3;0;0;339
6896;19,2;40;0;0;351
6897;22;184;91;0;364
6898;22;380;319;0;365
6899;24;554;606;2,1;376
6900;24;637;729;0;377
6901;24;655;750;3;369
6902;24,8;606;746;4,1;373
6903;24;492;679;5,1;369
6904;23;328;515;5,1;363
6905;23,6;143;216;5,1;367
6906;22;16;0;3;360
6907;21;0;0;2;355
6908;21,6;0;0;3,1;357
6909;20;0;0;0;349
6910;20;0;0;0;348
6911;19,2;0;0;0;343
6912;18;0;0;0;337
6913;18;0;0;0;337
6914;17,8;0;0;0;338
6915;17;0;0;0;334
6916;18;0;0;0;338
6917;17;0;0;0;334
6918;17;0;0;0;340
6919;17;3;0;0;345
6920;20;38;0;0;362
6921;21,5;170;82;0;369
6922;23;349;259;0;379
6923;24;519;489;2,6;377
6924;24;542;400;2;383
6925;25;488;201;3;387
6926;24,2;374;115;5,1;382
6927;24,2;361;204;4,8;381
6928;24,2;270;139;4,4;380
6929;24,2;126;129;4,1;379
6930;23;13;0;6,1;375
6931;21;0;0;7,7;363
6932;21;0;0;6,1;367
6933;21;0;0;7,2;367
6934;20;0;0;6,6;365
6935;20,6;0;0;7,7;367
6936;19,8;0;0;8;361
6937;19;0;0;8,2;356
6938;18,4;0;0;8,7;351
6939;18;0;0;6,1;343
6940;18;0;0;5,1;343
6941;18,2;0;0;8,7;340
6942;16;0;0;2,5;327
6943;15;4;0;2,5;322
6944;17,4;79;79;4,1;333
6945;19;256;364;3;339
6946;19;434;569;3;339
6947;21;569;687;2,1;351
6948;22;648;752;3;355
6949;22;659;757;3;355
6950;22,9;603;728;3,6;360
6951;23;481;620;4,1;361
6952;23;313;423;5,1;360
6953;21,8;130;141;5,1;357
6954;21;13;0;5,1;352
6955;20;0;0;5,1;341
6956;19;0;0;4,1;336
6957;17;0;0;0;327
6958;18;0;0;2;332
6959;17,6;0;0;2,1;331
6960;17;0;0;0;335
6961;16;0;0;0;335
6962;16,4;0;0;0;336
6963;14;0;0;0;325
6964;13;0;0;0;317
6965;13,4;0;0;0;312
6966;14;0;0;0;315
6967;13;3;0;0;317
6968;16;76;83;0;331
6969;19;250;349;0;345
6970;19;426;587;2;345
6971;21,6;561;696;2,6;358
6972;21;629;706;3;354
6973;22;621;640;3;360
6974;23,4;546;505;2,1;367
6975;22;448;484;2;360
6976;22;298;403;2,5;358
6977;21,6;126;163;2,1;358
6978;18;13;0;0;340
6979;19;0;0;4,1;345
6980;19;0;0;3,1;346
6981;18;0;0;3,6;340
6982;17;0;0;0;336
6983;17,4;0;0;0;339
6984;16;0;0;0;331
6985;15;0;0;0;327
6986;15,4;0;0;0;329
6987;15;0;0;0;327
6988;14;0;0;0;316
6989;13,8;0;0;0;315
6990;14;0;0;0;315
6991;14;3;0;0;315
6992;14,2;74;83;0;317
6993;18;248;354;0;334
6994;20;424;595;0;350
6995;21;556;694;2,1;355
6996;22;633;741;2;360
6997;22;645;746;2,5;360
6998;22,6;588;717;2,1;364
6999;22;471;632;3;361
7000;22;306;457;2,5;354
7001;21;125;175;2,1;350
7002;19;12;0;2;340
7003;19;0;0;4,1;339
7004;18;0;0;4,1;334
7005;18;0;0;0;334
7006;17;0;0;0;329
7007;16,4;0;0;0;328
7008;15,8;0;0;0;325
7009;15,2;0;0;0;322
7010;14,6;0;0;0;319
7011;15;0;0;0;320
7012;15;0;0;0;320
7013;14;0;0;0;316
7014;15;0;0;0;319
7015;15;3;0;0;319
7016;15,6;72;70;0;321
7017;19;245;300;0;336
7018;21;419;592;0;355
7019;22;551;690;2,1;361
7020;22;590;591;3;360
7021;22;520;323;5,1;360
7022;23,8;363;109;3,1;369
7023;23;269;64;2;364
7024;22;159;13;6,1;358
7025;21,2;58;0;6,2;354
7026;19;8;0;6,1;344
7027;18;0;0;5,1;340
7028;19,2;0;0;3,1;346
7029;18;0;0;2;337
7030;17;0;0;2;325
7031;15,4;0;0;0;320
7032;15;0;0;0;316
7033;15,7;0;0;1,3;323
7034;16,4;0;0;2,6;326
7035;16;0;0;2,5;324
7036;16;0;0;5,1;324
7037;17,2;0;0;6,2;328
7038;16;0;0;6,1;322
7039;16;2;0;4,1;330
7040;17,2;67;60;3,1;336
7041;18;235;314;6,1;339
7042;21;410;506;6,1;354
7043;20,6;550;650;8,2;348
7044;22;626;744;8,7;356
7045;22;638;753;9,2;355
7046;21,2;584;733;8,2;348
7047;22;468;642;8,2;352
7048;21;304;454;4,1;336
7049;21;121;150;4,1;336
7050;18;11;0;7,2;323
7051;17;0;0;6,1;318
7052;17,6;0;0;5,1;324
7053;16;0;0;6,1;314
7054;16;0;0;5,1;314
7055;16,4;0;0;5,1;319
7056;15;0;0;4,1;310
7057;14;0;0;5,1;306
7058;15,2;0;0;6,2;316
7059;14;0;0;3;306
7060;14;0;0;4,1;306
7061;15,2;0;0;4,1;316
7062;14;0;0;5,1;306
7063;13;2;0;3;307
7064;15,6;66;60;4,1;325
7065;17;238;293;3;331
7066;19;413;562;6,1;335
7067;19,8;549;699;5,1;339
7068;22;626;764;5,1;349
7069;22;637;769;5,1;349
7070;22,6;583;749;4,1;349
7071;23;464;646;3;350
7072;22;296;436;5,1;349
7073;20,2;116;139;5,1;341
7074;17;10;0;6,1;326
7075;17;0;0;6,1;326
7076;17,8;0;0;5,1;330
7077;16;0;0;2;322
7078;16;0;0;0;321
7079;13;0;0;0;307
7080;13;0;0;0;308
7081;13;0;0;0;307
7082;13;0;0;0;307
7083;12;0;0;0;302
7084;13;0;0;0;308
7085;12,2;0;0;0;306
7086;14;0;0;1,5;321
7087;14;2;0;0;324
7088;14,6;30;0;0;329
7089;18;163;106;0;345
7090;19;352;281;1,5;345
7091;20;521;573;0;343
7092;20;550;474;2;342
7093;21;488;278;2;347
7094;21,8;354;109;1,5;351
7095;21;260;63;2;347
7096;21;151;12;0;347
7097;20,2;52;0;4,1;344
7098;19;6;0;4,1;343
7099;17;0;0;0;328
7100;16,8;0;0;0;329
7101;16;0;0;0;324
7102;16;0;0;0;324
7103;16;0;0;0;324
7104;15;0;0;0;319
7105;15;0;0;0;319
7106;14;0;0;0;316
7107;13;0;0;0;312
7108;15;0;0;3;320
7109;14,6;0;0;0;319
7110;14;0;0;0;315
7111;13;2;0;0;311
7112;14;62;61;0;316
7113;17;229;326;0;331
7114;19;400;571;0;340
7115;21;531;684;2,1;349
7116;21;596;693;2,5;349
7117;22;589;619;1,5;355
7118;23;514;487;2,1;360
7119;21;361;264;3;350
7120;22;188;83;5,1;353
7121;20;51;0;4,1;343
7122;19;4;0;4,1;339
7123;19;0;0;3;340
7124;19,8;0;0;1,5;344
7125;18;0;0;0;335
7126;18;0;0;0;336
7127;17,4;0;0;0;336
7128;17;0;0;0;331
7129;17;0;0;0;331
7130;16,8;0;0;0;331
7131;16;0;0;2;327
7132;16;0;0;1,5;327
7133;15,4;0;0;0;324
7134;15;0;0;0;323
7135;15;1;0;0;323
7136;15,8;57;44;0;327
7137;18;209;259;0;337
7138;19;352;383;2;348
7139;21,4;442;346;0;361
7140;21,7;468;288;1,5;362
7141;22;431;162;2,5;363
7142;22,4;345;94;3,1;365
7143;22,2;252;34;3;364
7144;22;146;10;3;363
7145;21,4;49;0;4,1;360
7146;19;6;0;0;347
7147;18;0;0;0;335
7148;17,6;0;0;0;334
7149;17;0;0;0;331
7150;17;0;0;0;331
7151;17,2;0;0;0;332
7152;16;0;0;0;326
7153;16;0;0;0;326
7154;15,2;0;0;0;323
7155;15;0;0;0;322
7156;15;0;0;0;322
7157;15,8;0;0;0;326
7158;15;0;0;0;322
7159;15;1;0;2;328
7160;16,8;56;49;2,1;336
7161;19;219;308;0;346
7162;20;386;534;0;352
7163;21,6;514;657;3,1;361
7164;21;585;688;3;357
7165;22;591;677;2,5;363
7166;23,2;533;597;3,1;369
7167;22;389;368;5,1;362
7168;21;212;158;5,1;357
7169;20,2;62;0;7,7;351
7170;19;4;0;6,1;347
7171;18;0;0;6,1;343
7172;18,6;0;0;7,2;345
7173;18;0;0;7,2;343
7174;17;0;0;6,1;336
7175;18;0;0;3,1;341
7176;17;0;0;2,5;336
7177;17;0;0;4,1;336
7178;18;0;0;4,1;340
7179;17;0;0;5,1;335
7180;17;0;0;3;335
7181;17,6;0;0;4,1;338
7182;17;0;0;6,1;335
7183;17;1;0;3;335
7184;17;34;0;6,1;335
7185;18;134;18;5,1;345
7186;21;240;78;0;366
7187;20,2;322;62;2,1;365
7188;22;341;77;3;374
7189;21;317;25;3;369
7190;21;259;41;3,1;370
7191;21;227;24;3;366
7192;20;155;10;6,1;355
7193;19,4;60;0;6,2;348
7194;18;6;0;6,1;340
7195;18;0;0;7,7;340
7196;17,6;0;0;7,2;337
7197;17;0;0;5,1;335
7198;16;0;0;2,5;324
7199;16,4;0;0;0;329
7200;16;0;0;5,1;323
7201;16;0;0;4,1;323
7202;16,8;0;0;3,1;327
7203;16,4;0;0;3;325
7204;16;0;0;5,1;324
7205;16,4;0;0;7,2;324
7206;16;0;0;9,2;323
7207;16;1;0;8,2;329
7208;17;52;36;8,2;333
7209;17;213;267;5,1;334
7210;18;383;504;6,1;337
7211;19,6;516;673;8,2;343
7212;22;580;697;5,1;356
7213;22;573;607;4,1;349
7214;20,6;501;507;9,3;340
7215;20;361;308;9,2;339
7216;19;198;127;5,1;334
7217;18,8;58;0;9,3;333
7218;17;5;0;9,2;326
7219;17;0;0;8,2;325
7220;18;0;0;7,7;330
7221;17;0;0;6,6;331
7222;16;0;0;5,1;332
7223;17,4;0;0;7,2;338
7224;17;0;0;8,2;338
7225;17;0;0;5,1;338
7226;17,2;0;0;9,3;333
7227;16;0;0;10,2;339
7228;16;0;0;9,2;344
7229;17;0;0;9,3;350
7230;15;0;0;5,1;341
7231;15;0;0;5,1;337
7232;16;37;0;7,7;337
7233;17;171;158;6,1;340
7234;17;331;324;7,2;337
7235;17,8;471;482;8,7;337
7236;19;540;576;6,1;343
7237;21;548;578;5,1;354
7238;19,4;498;548;8,7;339
7239;19;390;449;8,2;342
7240;18;241;304;10,2;338
7241;16,8;84;71;7,2;332
7242;16;5;0;7,7;335
7243;15;0;0;5,1;336
7244;16,4;0;0;9,3;347
7245;16;0;0;7,2;347
7246;15;0;0;7,2;338
7247;16;0;0;9,3;340
7248;15;0;0;8,2;333
7249;15;0;0;7,2;330
7250;15,8;0;0;12,9;329
7251;15;0;0;7,7;326
7252;15;0;0;4,1;326
7253;16;0;0;9,3;327
7254;15;0;0;5,1;330
7255;15;0;0;6,1;335
7256;15,4;29;0;8,2;345
7257;16;145;81;5,1;349
7258;17;292;204;5,1;349
7259;17,6;427;338;8,7;348
7260;18;432;189;5,1;353
7261;18;367;117;6,1;358
7262;17,6;254;13;9,3;369
7263;18;278;119;8,2;356
7264;18;209;167;7,2;348
7265;17,2;80;55;12,3;342
7266;16;5;0;6,1;335
7267;16;0;0;8,2;331
7268;16,4;0;0;10,3;328
7269;15;0;0;6,1;321
7270;15;0;0;7,2;321
7271;15,8;0;0;11,3;326
7272;15;0;0;7,2;327
7273;14;0;0;8,2;321
7274;15;0;0;7,7;326
7275;14;0;0;9,2;321
7276;14;0;0;8,2;322
7277;14,6;0;0;9,3;319
7278;14;0;0;7,7;321
7279;13;0;0;8,2;320
7280;15;41;10;7,7;331
7281;16;190;210;6,1;333
7282;17;354;435;5,1;334
7283;18;488;589;9,3;333
7284;19;567;681;6,1;338
7285;19;583;730;7,2;338
7286;19,2;531;701;9,3;338
7287;19;414;595;6,1;338
7288;18;254;412;5,1;333
7289;17,2;85;92;8,7;329
7290;17;5;0;6,1;329
7291;14,2;0;0;6,1;310
7292;14,1;0;0;5,1;310
7293;13,8;0;0;4,1;308
7294;13,4;0;0;4,1;307
7295;13;0;0;0;306
7296;12,5;0;0;5,1;304
7297;12,3;0;0;5,1;324
7298;12,2;0;0;8,7;324
7299;12,3;0;0;7,2;321
7300;12,4;0;0;3,1;319
7301;12,4;0;0;9,3;313
7302;12,3;0;0;5,1;316
7303;13;0;0;7,2;321
7304;13,6;24;0;10,3;324
7305;13;114;13;6,2;326
7306;13,1;221;70;7,7;328
7307;13,2;319;112;10,3;329
7308;15;364;147;7,7;338
7309;16;371;148;7,7;339
7310;15;337;80;12,9;333
7311;15;246;75;9,3;333
7312;14;141;17;9,3;331
7313;14,2;44;0;9,3;332
7314;13;2;0;8,8;330
7315;13;0;0;7,2;330
7316;13,4;0;0;10,3;334
7317;13;0;0;7,2;333
7318;13;0;0;10,3;333
7319;13,8;0;0;12,9;337
7320;13;0;0;9,3;333
7321;13;0;0;8,2;333
7322;13,4;0;0;12,3;337
7323;13;0;0;6,2;334
7324;13;0;0;7,7;334
7325;14,4;0;0;12,9;339
7326;13;0;0;7,2;333
7327;13;0;0;9,3;334
7328;14,2;14;0;11,3;340
7329;14;76;0;7,2;339
7330;14;159;2;6,2;339
7331;15,4;241;8;10,8;345
7332;16;243;8;7,2;353
7333;16;213;4;6,2;353
7334;15,6;161;0;9,3;359
7335;15;152;0;7,2;356
7336;13;110;0;6,2;347
7337;14,4;43;0;5,1;353
7338;13;2;0;9,3;346
7339;13;0;0;4,1;356
7340;14,2;0;0;8,2;363
7341;13;0;0;6,2;357
7342;13;0;0;7,2;347
7343;14,6;0;0;8,2;354
7344;14;0;0;9,3;351
7345;14;0;0;6,2;351
7346;14,8;0;0;8,2;356
7347;14;0;0;7,2;351
7348;14;0;0;1,5;351
7349;14,6;0;0;5,1;355
7350;14;0;0;6,2;352
7351;14;0;0;6,2;362
7352;14,8;14;0;3,1;368
7353;13;63;0;2,6;358
7354;12;113;0;4,1;353
7355;12,8;151;0;2,1;357
7356;12;173;1;3,1;344
7357;12;176;1;5,1;337
7358;13;159;0;3,6;336
7359;12;125;0;2,6;331
7360;12;78;0;4,1;331
7361;13;26;0;4,1;337
7362;12;1;0;4,1;335
7363;12;0;0;4,1;335
7364;13,6;0;0;2,6;350
7365;12;0;0;2,1;343
7366;12;0;0;3,1;343
7367;12,6;0;0;0;347
7368;12;0;0;5,1;343
7369;12;0;0;4,1;343
7370;13;0;0;3,1;347
7371;12;0;0;3,1;335
7372;12;0;0;3,6;335
7373;13;0;0;2,6;335
7374;12;0;0;0;330
7375;12;0;0;2,6;330
7376;13,8;20;0;4,1;334
7377;13;97;1;4,1;330
7378;14;176;11;4,1;334
7379;15,2;236;29;6,2;341
7380;15,4;270;43;0;342
7381;14;320;65;5,1;334
7382;16,4;326;112;4,1;347
7383;16;237;73;4,1;345
7384;16,1;134;15;3,1;344
7385;16,2;40;0;4,1;344
7386;15;2;0;2,1;340
7387;14;0;0;0;333
7388;15,4;0;0;0;339
7389;14;0;0;2,1;334
7390;14;0;0;2,6;339
7391;14,6;0;0;0;343
7392;13;0;0;0;328
7393;13;0;0;0;323
7394;13,6;0;0;0;319
7395;13;0;0;0;321
7396;13;0;0;0;327
7397;13,6;0;0;0;332
7398;13;0;0;3,6;326
7399;12;0;0;0;315
7400;13,8;30;0;0;320
7401;16;163;208;0;329
7402;17;318;376;0;334
7403;18;452;540;2,1;338
7404;19;505;529;2,1;349
7405;20;499;490;2,1;353
7406;21;437;419;2,1;358
7407;20;330;343;3,1;355
7408;19,4;195;193;1,5;352
7409;18,8;61;45;0;349
7410;16;3;0;0;335
7411;16;0;0;0;335
7412;15,4;0;0;0;333
7413;15;0;0;0;333
7414;15;0;0;0;334
7415;15,6;0;0;0;340
7416;14;0;0;0;330
7417;14;0;0;0;326
7418;13,4;0;0;0;319
7419;13;0;0;0;317
7420;13;0;0;0;312
7421;13,4;0;0;0;313
7422;13;0;0;0;311
7423;12;0;0;0;312
7424;12,6;38;53;0;316
7425;17;192;360;0;341
7426;18;343;550;0;350
7427;19,4;445;546;0;360
7428;19;521;633;0;356
7429;21;541;689;3,1;364
7430;20,8;496;697;2,1;361
7431;20;376;546;5,1;356
7432;19;220;372;3,6;351
7433;19;67;91;3,1;352
7434;18;3;0;3,1;346
7435;17;0;0;2,1;341
7436;17,4;0;0;2,1;344
7437;16;0;0;0;340
7438;16;0;0;0;340
7439;16,4;0;0;0;345
7440;17;0;0;0;345
7441;16;0;0;0;337
7442;15,4;0;0;0;330
7443;14;0;0;0;323
7444;15;0;0;0;328
7445;15,4;0;0;0;330
7446;14;0;0;0;323
7447;13;0;0;0;318
7448;14;34;36;0;323
7449;17;185;341;0;343
7450;19;343;570;0;352
7451;20;465;688;1,5;357
7452;21;535;716;2,6;362
7453;20;544;726;0;357
7454;21,6;493;699;2,1;359
7455;21;345;384;3,1;357
7456;19;171;136;2,6;347
7457;19,2;36;0;2,1;349
7458;17;1;0;2,1;343
7459;17;0;0;1,5;341
7460;18;0;0;2,1;348
7461;17;0;0;0;343
7462;17;0;0;0;341
7463;17;0;0;0;338
7464;17;0;0;0;338
7465;17;0;0;2,1;339
7466;17;0;0;0;339
7467;16;0;0;0;334
7468;15;0;0;0;328
7469;15,2;0;0;0;328
7470;17;0;0;0;343
7471;17;0;0;0;346
7472;17;25;0;0;349
7473;18;153;219;0;354
7474;20;303;358;4,1;366
7475;22;435;551;3,1;375
7476;22;512;640;2,1;372
7477;22;529;685;2,1;373
7478;22,2;486;688;2,1;370
7479;21;360;507;2,1;362
7480;20,6;201;260;3,6;360
7481;20,2;55;39;5,1;352
7482;18;2;0;7,2;346
7483;18;0;0;7,2;346
7484;18,2;0;0;5,1;347
7485;17;0;0;4,1;341
7486;17;0;0;5,1;341
7487;17,2;0;0;3,1;338
7488;16;0;0;5,1;337
7489;16;0;0;5,1;336
7490;16,2;0;0;3,1;337
7491;13;0;0;2,1;321
7492;13;0;0;0;321
7493;13,8;0;0;0;320
7494;12;0;0;0;312
7495;13;0;0;0;317
7496;12,8;33;45;0;316
7497;16;184;352;0;330
7498;19;341;578;0;345
7499;19,4;459;687;0;347
7500;21;520;691;0;359
7501;22;520;657;2,1;368
7502;20,4;461;576;3,1;361
7503;20;340;433;3,1;361
7504;20;193;237;3,1;363
7505;19,6;54;38;4,1;361
7506;18;2;0;5,1;351
7507;17;0;0;4,1;340
7508;17,4;0;0;5,1;338
7509;16;0;0;2,6;331
7510;16;0;0;2,6;325
7511;15;0;0;3,1;320
7512;15;0;0;4,1;319
7513;14;0;0;0;315
7514;14;0;0;0;315
7515;14;0;0;0;315
7516;12;0;0;0;305
7517;12,2;0;0;0;306
7518;12;0;0;2,6;304
7519;13;0;0;3,1;314
7520;14;32;46;3,1;321
7521;16;182;362;4,1;330
7522;18;346;605;4,1;332
7523;19;474;753;0;336
7524;21;545;791;3,1;351
7525;21;548;769;2,1;356
7526;21,2;484;690;2,6;358
7527;20;381;639;2,1;352
7528;19;232;486;2,6;349
7529;19;70;171;3,6;343
7530;17;2;0;4,1;333
7531;17;0;0;4,1;326
7532;16,6;0;0;2,1;326
7533;15;0;0;0;318
7534;15;0;0;0;318
7535;14;0;0;0;314
7536;14;0;0;0;314
7537;14;0;0;0;314
7538;13,8;0;0;0;314
7539;12;0;0;0;305
7540;13;0;0;0;311
7541;13,2;0;0;0;312
7542;13;0;0;0;311
7543;13;0;0;0;318
7544;14,4;30;49;0;325
7545;17;179;358;0;336
7546;18;341;620;0;335
7547;19,2;467;769;2,1;341
7548;21;540;805;2,1;348
7549;21;548;803;1,5;355
7550;21,4;491;759;0;359
7551;22;382;683;2,6;362
7552;20;230;515;0;351
7553;20,4;68;159;0;355
7554;18;2;0;4,1;340
7555;17;0;0;0;326
7556;15,6;0;0;0;320
7557;15;0;0;0;316
7558;15;0;0;0;315
7559;12,4;0;0;0;305
7560;13;0;0;0;320
7561;14;0;0;2,1;333
7562;14,6;0;0;0;355
7563;14;0;0;0;334
7564;14;0;0;3,1;329
7565;14,8;0;0;0;323
7566;15;0;0;4,1;329
7567;15;0;0;7,7;329
7568;15,4;14;0;9,3;330
7569;16;83;0;6,2;336
7570;15;160;10;5,1;334
7571;16;220;28;8,7;340
7572;17;255;32;6,2;343
7573;16;259;32;5,1;339
7574;15,6;234;30;9,3;338
7575;14;161;3;9,3;328
7576;14;83;0;7,2;331
7577;14;20;0;9,3;327
7578;13;0;0;5,1;324
7579;13;0;0;5,1;324
7580;13,6;0;0;8,2;328
7581;13;0;0;6,2;325
7582;13;0;0;6,2;325
7583;13,8;0;0;7,2;330
7584;13;0;0;6,2;325
7585;13;0;0;7,2;325
7586;13,6;0;0;7,2;328
7587;13;0;0;8,2;330
7588;12;0;0;5,1;330
7589;12,6;0;0;8,7;340
7590;12;0;0;6,2;336
7591;12;0;0;7,2;336
7592;11;9;0;9,3;332
7593;10;52;0;5,1;326
7594;9,7;101;0;6,5;318
7595;9,3;140;0;7,9;316
7596;9;161;0;9,3;316
7597;9;165;0;7,2;315
7598;10,4;149;0;8,2;315
7599;10;116;0;8,2;312
7600;9;69;0;5,1;309
7601;9,6;20;0;5,1;312
7602;8;0;0;5,1;306
7603;9;0;0;5,1;309
7604;9,8;0;0;4,1;312
7605;8;0;0;6,2;305
7606;9;0;0;6,2;308
7607;9,4;0;0;2,6;312
7608;8;0;0;2,6;306
7609;9;0;0;5,1;309
7610;9,6;0;0;3,1;312
7611;9;0;0;3,1;310
7612;8;0;0;4,1;306
7613;10,2;0;0;6,2;310
7614;9,6;0;0;5,1;308
7615;9;0;0;8,2;307
7616;11;13;0;9,3;315
7617;11;98;56;5,1;315
7618;13;221;138;7,7;324
7619;13,4;342;249;7,7;324
7620;13;375;166;6,2;327
7621;14;361;134;5,1;330
7622;13,6;305;120;9,3;329
7623;13;218;76;9,3;332
7624;12;119;15;7,2;328
7625;12;30;0;7,2;334
7626;12;1;0;7,2;321
7627;11;0;0;6,2;310
7628;11;0;0;3,6;305
7629;9;0;0;3,1;296
7630;9;0;0;2,6;292
7631;9,6;0;0;2,1;289
7632;8;0;0;0;283
7633;7;0;0;0;284
7634;9;0;0;2,1;293
7635;7;0;0;2,1;283
7636;8;0;0;0;281
7637;8,2;0;0;2,1;283
7638;7;0;0;3,6;278
7639;8;0;0;3,1;282
7640;9,2;16;0;2,1;288
7641;11;96;54;5,1;295
7642;13;172;38;4,1;303
7643;13,2;216;15;5,1;303
7644;13;221;5;5,1;313
7645;13,3;195;2;4,6;318
7646;13,6;146;0;4,1;325
7647;13,3;113;0;4,4;323
7648;13,1;67;0;4,8;320
7649;12,8;19;0;5,1;318
7650;12;0;0;4,1;317
7651;12;0;0;6,2;321
7652;11,4;0;0;6,2;324
7653;11;0;0;0;327
7654;11;0;0;5,1;327
7655;10,8;0;0;7,2;335
7656;10;0;0;2,1;331
7657;9;0;0;2,1;326
7658;10,2;0;0;0;333
7659;9;0;0;0;326
7660;10;0;0;4,1;331
7661;10,8;0;0;2,1;336
7662;10;0;0;0;331
7663;10;0;0;0;331
7664;10,8;8;0;0;337
7665;11;49;0;2,1;331
7666;11;97;0;0;331
7667;12,4;134;0;0;333
7668;12;156;0;4,1;335
7669;12;160;0;4,1;334
7670;12,2;144;0;5,1;343
7671;12;144;1;3,1;335
7672;12;103;3;5,1;329
7673;11;33;0;5,1;321
7674;11;1;0;3,6;318
7675;11;0;0;2,1;314
7676;11,4;0;0;0;311
7677;11;0;0;2,6;312
7678;11;0;0;0;314
7679;11;0;0;2,1;317
7680;10;0;0;0;310
7681;9;0;0;2,6;299
7682;10;0;0;0;300
7683;8;0;0;0;291
7684;8;0;0;0;291
7685;8,6;0;0;2,1;294
7686;8;0;0;0;290
7687;8;0;0;0;290
7688;8,8;18;0;0;294
7689;12;112;93;0;310
7690;14;211;85;0;319
7691;14,8;274;92;0;323
7692;15;295;70;0;324
7693;17;276;14;3,1;332
7694;18;226;8;0;334
7695;17;174;23;0;340
7696;16;102;2;3,1;341
7697;16;27;0;0;348
7698;15;0;0;0;343
7699;15;0;0;0;343
7700;15;0;0;2,1;344
7701;15;0;0;0;343
7702;13;0;0;0;336
7703;14,2;0;0;3,1;341
7704;14;0;0;2,1;339
7705;14;0;0;2,6;339
7706;15;0;0;3,1;342
7707;15;0;0;4,1;345
7708;15;0;0;2,1;347
7709;16,2;0;0;5,1;354
7710;15;0;0;3,1;348
7711;16;0;0;4,1;355
7712;18;11;0;5,1;361
7713;18;73;0;6,2;357
7714;19;147;12;4,1;358
7715;19,6;205;9;5,1;357
7716;21;240;10;5,1;362
7717;19;245;11;4,1;352
7718;20,2;221;10;2,6;354
7719;19;151;5;2,6;347
7720;18;76;0;0;343
7721;18;17;0;2,1;344
7722;18;0;0;2,1;343
7723;17;0;0;0;338
7724;18;0;0;0;341
7725;17;0;0;2,1;336
7726;16;0;0;2,6;330
7727;17,4;0;0;2,1;337
7728;16;0;0;0;330
7729;16;0;0;0;330
7730;14,6;0;0;0;324
7731;14;0;0;0;321
7732;14;0;0;0;321
7733;14,6;0;0;3,1;324
7734;14;0;0;2,1;322
7735;15;0;0;2,6;327
7736;16,2;20;0;2,1;333
7737;18;134;223;2,6;343
7738;20;266;391;4,1;353
7739;22,2;362;398;3,1;364
7740;22;420;444;4,1;370
7741;22;430;447;6,7;370
7742;22;388;432;8,7;371
7743;22;309;434;8,8;370
7744;20;186;332;7,2;359
7745;20;50;89;6,2;360
7746;19;0;0;7,2;354
7747;19;0;0;5,1;354
7748;19,4;0;0;5,1;352
7749;18;0;0;4,6;345
7750;19;0;0;7,7;348
7751;19,4;0;0;7,7;351
7752;19;0;0;9,3;348
7753;18;0;0;6,2;345
7754;19,4;0;0;7,2;352
7755;18;0;0;5,1;344
7756;18;0;0;7,2;344
7757;19,4;0;0;9,3;351
7758;18;0;0;7,7;345
7759;18;0;0;6,7;345
7760;18;18;0;8,8;344
7761;19;119;190;6,2;348
7762;19;219;109;6,2;349
7763;20,6;264;109;8,7;357
7764;22;285;54;4,1;364
7765;22;268;32;6,2;363
7766;21,8;218;18;8,2;362
7767;21;168;7;5,1;358
7768;20,4;98;2;6,6;356
7769;19,8;25;0;8,2;353
7770;19;0;0;5,1;354
7771;19;0;0;5,1;361
7772;19,8;0;0;7,7;368
7773;18;0;0;9,3;362
7774;17;0;0;8,2;360
7775;17,8;0;0;0;378
7776;16;0;0;0;359
7777;15,9;0;0;0;354
7778;15,8;0;0;0;349
7779;14;0;0;0;339
7780;14;0;0;0;339
7781;15;0;0;5,1;344
7782;13;0;0;0;330
7783;14;0;0;0;329
7784;14,2;9;0;0;322
7785;15;68;0;0;331
7786;16;142;11;0;336
7787;17,2;201;9;4,1;341
7788;17;261;33;5,1;344
7789;19;292;86;4,1;353
7790;19,2;286;95;7,2;354
7791;18;237;113;7,7;343
7792;18;146;96;5,1;343
7793;18,4;39;9;5,1;342
7794;16,7;0;0;2,6;337
7795;15;0;0;0;331
7796;15,6;0;0;0;336
7797;14;0;0;2,1;327
7798;13;0;0;0;322
7799;13;0;0;0;320
7800;12;0;0;0;312
7801;11;0;0;0;308
7802;12,4;0;0;0;310
7803;10;0;0;0;299
7804;10;0;0;0;298
7805;11,2;0;0;0;305
7806;10;0;0;0;298
7807;10;0;0;0;298
7808;11,2;18;0;0;304
7809;14;134;217;0;316
7810;15;268;435;2,6;320
7811;16,8;358;419;2,1;329
7812;17;387;324;0;338
7813;17;360;198;2,6;342
7814;17,6;286;117;2,6;348
7815;17;212;73;3,1;345
7816;16;118;24;0;341
7817;16;28;0;4,1;338
7818;15;0;0;4,1;337
7819;14;0;0;3,6;332
7820;14,6;0;0;2,6;335
7821;14;0;0;3,1;325
7822;14;0;0;5,1;318
7823;13,4;0;0;5,1;309
7824;11;0;0;3,1;300
7825;10;0;0;2,1;291
7826;10,4;0;0;2,6;293
7827;10;0;0;3,1;291
7828;10;0;0;3,1;292
7829;11,2;0;0;2,6;296
7830;10;0;0;0;291
7831;9;0;0;2,6;287
7832;9;18;0;0;292
7833;9;136;241;0;292
7834;14;281;500;2,6;314
7835;15;387;484;0;319
7836;17;455;531;2,6;327
7837;17;467;540;2,6;326
7838;18;422;515;3,1;330
7839;17;287;323;0;327
7840;16;136;88;0;322
7841;15,2;24;0;0;321
7842;12;0;0;0;305
7843;12;0;0;0;299
7844;12,8;0;0;0;304
7845;12;0;0;0;300
7846;12;0;0;0;300
7847;14,8;0;0;6,2;315
7848;15;0;0;6,2;316
7849;15;0;0;6,2;316
7850;14;0;0;0;312
7851;10;0;0;2,1;294
7852;10;0;0;0;294
7853;10,6;0;0;2,1;295
7854;11;0;0;2,1;305
7855;11;0;0;2,1;311
7856;10,4;8;0;0;317
7857;14;85;41;0;327
7858;16;218;204;0;328
7859;16,6;353;393;2,1;319
7860;17,3;427;492;1;324
7861;18;449;548;0;330
7862;19,2;414;490;0;337
7863;18;328;476;0;332
7864;18;194;432;0;333
7865;17;48;113;0;328
7866;16;0;0;3,1;324
7867;16;0;0;0;324
7868;14,6;0;0;0;317
7869;14;0;0;0;314
7870;14;0;0;0;314
7871;12,6;0;0;0;308
7872;13;0;0;0;310
7873;13;0;0;0;310
7874;14;0;0;2,1;315
7875;13;0;0;0;310
7876;12;0;0;0;306
7877;13,6;0;0;0;313
7878;13;0;0;0;311
7879;11;0;0;0;300
7880;11,2;16;0;0;301
7881;15;133;304;0;319
7882;17;282;557;0;331
7883;18,4;397;667;0;335
7884;19;442;594;0;339
7885;19;416;439;2,1;340
7886;20;332;247;2,1;344
7887;19;267;284;1,5;340
7888;19;161;116;0;340
7889;18;40;45;0;336
7890;15;0;0;0;322
7891;15;0;0;0;322
7892;14,8;0;0;0;319
7893;14;0;0;0;316
7894;14;0;0;0;315
7895;13,4;0;0;0;313
7896;12;0;0;0;306
7897;12;0;0;0;305
7898;11,8;0;0;0;305
7899;13;0;0;0;310
7900;12;0;0;0;306
7901;11;0;0;0;300
7902;13;0;0;0;321
7903;14;0;0;0;332
7904;14,2;7;0;0;339
7905;16;61;0;2,1;351
7906;17;134;8;0;362
7907;18;192;9;0;376
7908;19;252;32;0;367
7909;18;283;86;2,1;358
7910;19;275;73;3,1;361
7911;18;211;71;3,1;354
7912;18;122;73;3,1;347
7913;17,8;29;0;3,1;341
7914;17;0;0;3,1;348
7915;17;0;0;4,1;353
7916;17,6;0;0;0;375
7917;16;0;0;0;359
7918;16;0;0;0;358
7919;15,8;0;0;0;353
7920;15;0;0;0;344
7921;16;0;0;0;343
7922;17;0;0;0;342
7923;15;0;0;0;340
7924;15;0;0;0;347
7925;15,2;0;0;0;362
7926;15;0;0;0;352
7927;14;0;0;0;347
7928;15;7;0;0;347
7929;17;67;0;2,1;352
7930;18;161;63;2,6;354
7931;19;251;111;2,1;356
7932;20;274;56;2,1;357
7933;20;257;33;2,1;357
7934;20,2;209;18;2,1;352
7935;18;161;7;2,1;345
7936;18;93;1;0;345
7937;18;22;0;0;345
7938;16;0;0;0;336
7939;15;0;0;0;331
7940;16;0;0;0;331
7941;15;0;0;0;326
7942;13;0;0;0;314
7943;13,2;0;0;0;316
7944;14;0;0;2,1;319
7945;13;0;0;2,1;309
7946;12,6;0;0;0;307
7947;12;0;0;0;304
7948;11;0;0;0;300
7949;10,4;0;0;0;298
7950;11;0;0;0;300
7951;13;0;0;3,1;316
7952;14,8;13;0;6,2;325
7953;14;108;183;4,1;329
7954;17;195;159;3,1;348
7955;17,2;190;53;4,1;355
7956;17;250;14;5,1;354
7957;17;282;86;5,1;353
7958;18;274;95;6,2;359
7959;16;211;70;6,2;344
7960;15;122;75;7,2;335
7961;14,6;29;0;12,9;326
7962;14;0;0;6,2;326
7963;14;0;0;10,3;320
7964;14,6;0;0;12,9;326
7965;13;0;0;9,3;314
7966;12;0;0;6,2;308
7967;13,2;0;0;9,3;306
7968;12;0;0;9,3;302
7969;11;0;0;6,2;292
7970;11,4;0;0;8,2;294
7971;11;0;0;8,2;293
7972;10;0;0;6,2;289
7973;10,6;0;0;9,3;292
7974;9;0;0;5,1;285
7975;10;0;0;5,1;294
7976;10,4;13;0;8,7;297
7977;11;123;247;5,1;299
7978;12;277;624;8,2;303
7979;13;403;738;10,3;306
7980;13;477;792;6,2;307
7981;14;492;802;6,2;310
7982;14;445;774;9,3;310
7983;13;341;679;5,1;307
7984;12;197;479;4,1;302
7985;11,8;46;103;8,2;301
7986;10;0;0;8,2;293
7987;10;0;0;7,2;293
7988;9,8;0;0;5,1;294
7989;9;0;0;2,1;290
7990;9;0;0;7,7;290
7991;9,4;0;0;0;292
7992;7;0;0;2,1;281
7993;7;0;0;3,1;281
7994;7;0;0;0;282
7995;7;0;0;2,1;281
7996;6;0;0;2,6;278
7997;8,6;0;0;2,1;289
7998;7,8;0;0;0;286
7999;7;0;0;2,1;282
8000;9,2;13;0;0;292
8001;10;119;234;3,1;300
8002;12;269;586;0;308
8003;13,4;387;671;5,1;314
8004;14;435;610;6,2;322
8005;14;411;434;5,1;326
8006;14;329;266;4,1;328
8007;14;239;175;5,1;329
8008;13;130;72;6,2;324
8009;13,2;28;0;4,1;326
8010;11;0;0;3,1;313
8011;9,8;0;0;2,1;303
8012;9,5;0;0;0;295
8013;9,2;0;0;2,1;294
8014;9,1;0;0;3,1;293
8015;9,2;0;0;2,1;295
8016;9,4;0;0;0;296
8017;9,8;0;0;0;306
8018;10;0;0;0;304
8019;10,1;0;0;0;305
8020;9,9;0;0;0;305
8021;9,6;0;0;0;299
8022;9,3;0;0;0;298
8023;10;0;0;0;299
8024;10,4;14;0;0;303
8025;12;124;269;0;312
8026;13;274;618;0;318
8027;16,2;389;686;0;335
8028;15;461;736;0;328
8029;15;476;747;0;327
8030;17,6;429;729;0;342
8031;15;315;515;0;328
8032;15;169;304;4,1;327
8033;16;36;24;4,1;327
8034;14;0;0;3,1;321
8035;15;0;0;3,1;327
8036;15,8;0;0;5,1;331
8037;13;0;0;0;320
8038;12;0;0;0;315
8039;14,8;0;0;2,1;332
8040;13;0;0;0;325
8041;13;0;0;0;325
8042;13,2;0;0;0;332
8043;12;0;0;0;323
8044;12;0;0;2,1;324
8045;12,6;0;0;0;330
8046;11;0;0;0;317
8047;11;0;0;0;314
8048;12,2;4;0;0;317
8049;11;37;0;0;314
8050;11;83;0;0;320
8051;12,6;121;0;0;333
8052;11;172;1;0;323
8053;11;205;5;0;323
8054;13;209;8;0;336
8055;13;197;85;3,1;326
8056;13;133;83;4,1;321
8057;13,6;36;16;3,1;318
8058;11;0;0;0;305
8059;11;0;0;0;305
8060;10,8;0;0;0;305
8061;9;0;0;0;295
8062;9;0;0;0;295
8063;9,8;0;0;0;300
8064;8;0;0;0;290
8065;8;0;0;0;290
8066;9,6;0;0;2,6;299
8067;7;0;0;2,6;286
8068;7;0;0;2,1;286
8069;8,8;0;0;0;295
8070;7;0;0;0;285
8071;7;0;0;3,1;285
8072;8,6;11;0;2,6;293
8073;7;111;212;2,6;285
8074;11;252;497;2,1;303
8075;13,4;366;582;3,1;314
8076;13;424;501;5,1;316
8077;13;425;523;6,2;321
8078;14,6;374;460;4,1;330
8079;13;307;511;4,1;320
8080;12;187;379;2,6;313
8081;12,6;47;145;4,1;314
8082;11;0;0;4,1;304
8083;11;0;0;5,1;304
8084;11,2;0;0;5,1;302
8085;10;0;0;6,2;295
8086;10;0;0;2,6;295
8087;10,2;0;0;3,1;298
8088;8;0;0;0;287
8089;8;0;0;0;287
8090;8,8;0;0;0;293
8091;9;0;0;2,6;295
8092;9;0;0;8,2;295
8093;9,8;0;0;0;301
8094;9;0;0;5,1;301
8095;9;0;0;4,1;303
8096;10;6;0;5,1;311
8097;9;63;14;9,3;304
8098;9;158;57;5,1;304
8099;10,6;247;124;8,2;313
8100;9;316;103;5,1;301
8101;11;347;238;7,2;309
8102;10,4;332;309;8,2;305
8103;10;243;116;7,2;305
8104;10;134;91;6,2;304
8105;9,6;30;0;7,2;306
8106;9;0;0;5,1;302
8107;9;0;0;6,2;302
8108;9,2;0;0;3,1;306
8109;8;0;0;3,6;296
8110;7;0;0;4,1;291
8111;8,8;0;0;5,1;296
8112;8;0;0;5,1;292
8113;7;0;0;4,1;288
8114;8;0;0;2,1;291
8115;8;0;0;2,1;297
8116;7;0;0;4,1;293
8117;8;0;0;3,1;303
8118;7;0;0;3,1;296
8119;7;0;0;0;295
8120;8,6;7;0;4,1;303
8121;7;73;37;2,1;295
8122;8;169;72;0;296
8123;9,6;246;85;4,1;305
8124;9;272;106;3,6;301
8125;10;257;39;5,1;303
8126;10,8;210;9;4,1;308
8127;9;181;33;3,1;296
8128;9;115;39;3,1;293
8129;9,8;30;0;3,1;294
8130;9;0;0;4,1;289
8131;9;0;0;3,6;288
8132;8,4;0;0;2,1;289
8133;8;0;0;2,1;284
8134;7;0;0;3,1;279
8135;7,2;0;0;0;284
8136;7;0;0;0;280
8137;7;0;0;2,6;280
8138;8,2;0;0;0;288
8139;7;0;0;2,1;285
8140;7;0;0;0;288
8141;8,4;0;0;0;300
8142;8;0;0;2,1;295
8143;8;0;0;2,1;297
8144;10,2;3;0;2,1;311
8145;8;34;0;0;302
8146;8;80;0;3,1;308
8147;10,8;117;0;2,1;336
8148;9;141;0;4,1;325
8149;10;145;0;2,1;331
8150;13,2;131;0;5,1;349
8151;12;102;0;5,1;341
8152;12;59;0;5,1;351
8153;13,6;14;0;5,1;362
8154;12;0;0;4,1;341
8155;12;0;0;5,1;334
8156;13,8;0;0;4,1;341
8157;12;0;0;5,1;335
8158;13;0;0;5,1;341
8159;16,4;0;0;5,1;369
8160;15;0;0;5,1;352
8161;15;0;0;5,1;352
8162;15,4;0;0;2,1;351
8163;13;0;0;0;337
8164;13;0;0;0;336
8165;14,6;0;0;0;342
8166;13;0;0;0;329
8167;12;0;0;0;320
8168;12,8;5;0;0;316
8169;12;53;0;0;311
8170;12;124;9;0;312
8171;14,8;182;10;0;327
8172;14;218;11;0;321
8173;14;226;11;0;321
8174;16;205;11;0;333
8175;16;159;9;0;341
8176;15;93;3;0;341
8177;16,2;22;0;0;367
8178;14;0;0;0;337
8179;13;0;0;0;327
8180;14;0;0;0;322
8181;14;0;0;0;320
8182;13;0;0;3,1;316
8183;14,6;0;0;2,1;324
8184;13;0;0;2,1;319
8185;13;0;0;0;322
8186;15;0;0;2,1;336
8187;13;0;0;2,1;327
8188;13;0;0;0;327
8189;13,6;0;0;0;335
8190;13;0;0;0;327
8191;13;0;0;0;322
8192;13,6;4;0;0;318
8193;14;52;0;0;319
8194;15;123;8;0;324
8195;17,4;181;10;0;339
8196;17;217;11;0;335
8197;17;226;12;4,1;335
8198;19,2;204;11;2,1;348
8199;18;159;9;4,1;339
8200;18;93;5;0;338
8201;18,2;22;0;5,1;342
8202;16;0;0;2,6;336
8203;16;0;0;2,6;339
8204;17,4;0;0;2,1;352
8205;15;0;0;3,1;337
8206;16;0;0;5,1;345
8207;17;0;0;4,1;353
8208;16;0;0;2,6;341
8209;14;0;0;2,1;328
8210;15,4;0;0;0;324
8211;13;0;0;2,1;311
8212;14;0;0;2,1;323
8213;15,2;0;0;2,1;329
8214;13;0;0;2,1;321
8215;13;0;0;0;321
8216;14;8;0;0;327
8217;13;92;210;0;321
8218;16;208;283;0;336
8219;19;281;233;4,1;354
8220;17;302;163;3,1;343
8221;18;271;92;2,1;347
8222;19,8;203;27;4,1;352
8223;18;158;8;3,1;343
8224;18;92;3;2,1;343
8225;18,8;22;0;3,1;347
8226;17;0;0;0;337
8227;16;0;0;0;332
8228;17,2;0;0;0;341
8229;15;0;0;0;328
8230;14;0;0;0;323
8231;15,2;0;0;0;329
8232;13;0;0;2,1;318
8233;13;0;0;0;318
8234;14,4;0;0;0;325
8235;13;0;0;0;317
8236;12;0;0;0;312
8237;13,6;0;0;0;320
8238;12;0;0;0;316
8239;12;0;0;0;315
8240;12,8;4;0;0;321
8241;15;55;3;0;333
8242;15;147;71;0;333
8243;16,6;235;119;0;345
8244;16;321;226;0;338
8245;16;368;363;0;335
8246;18,2;362;458;0;341
8247;16;260;324;5,1;339
8248;16;138;155;5,1;344
8249;15,8;29;0;3,1;350
8250;14;0;0;5,1;341
8251;13;0;0;5,1;347
8252;14;0;0;3,6;365
8253;13;0;0;7,2;357
8254;12;0;0;8,2;343
8255;13,6;0;0;7,2;352
8256;12;0;0;3,1;341
8257;12;0;0;3,1;341
8258;13,4;0;0;2,1;350
8259;12;0;0;3,1;341
8260;12;0;0;4,1;341
8261;13,2;0;0;5,1;348
8262;12;0;0;3,6;341
8263;12;0;0;5,1;341
8264;13;4;0;5,1;347
8265;12;54;1;6,2;329
8266;12;146;52;4,1;322
8267;14,6;234;118;5,1;334
8268;13;261;76;5,1;327
8269;13;249;63;4,1;330
8270;14,4;204;9;5,1;341
8271;13;159;25;6,2;334
8272;13,4;93;6;5,1;336
8273;13,8;23;0;5,1;338
8274;13;0;0;6,2;334
8275;12;0;0;7,2;329
8276;13,4;0;0;7,2;338
8277;12;0;0;5,1;320
8278;12;0;0;5,1;315
8279;12,4;0;0;4,1;311
8280;10;0;0;3,6;307
8281;10;0;0;3,1;311
8282;12,4;0;0;5,1;329
8283;11;0;0;7,7;317
8284;11;0;0;7,2;313
8285;11;0;0;6,2;311
8286;10;0;0;6,2;307
8287;10;0;0;5,1;306
8288;10,8;5;0;5,1;314
8289;10;64;33;5,1;308
8290;10;159;72;4,1;305
8291;11,6;237;86;4,1;314
8292;12;286;128;4,1;311
8293;12;297;129;6,2;309
8294;12,8;271;90;5,1;311
8295;12;195;52;3,1;311
8296;12;105;7;3,1;316
8297;11,8;23;0;4,1;319
8298;11;0;0;0;321
8299;11;0;0;5,1;325
8300;11;0;0;0;338
8301;11;0;0;0;336
8302;10;0;0;2,1;322
8303;10,4;0;0;2,1;327
8304;10;0;0;4,1;315
8305;10;0;0;3,1;314
8306;9,6;0;0;4,1;310
8307;9;0;0;4,1;310
8308;9;0;0;6,2;311
8309;10,4;0;0;6,2;326
8310;9;0;0;5,1;302
8311;9;0;0;5,1;297
8312;10,4;2;0;5,1;297
8313;9;36;0;6,2;295
8314;10;106;1;6,2;304
8315;11,4;180;8;6,2;315
8316;10;192;4;6,2;308
8317;10;173;1;6,2;305
8318;11;131;0;6,2;312
8319;10;102;0;5,1;306
8320;10;60;0;5,1;309
8321;10,4;15;0;6,2;312
8322;10;0;0;6,2;309
8323;10;0;0;7,2;309
8324;10;0;0;5,1;311
8325;9;0;0;6,2;304
8326;9;0;0;4,1;304
8327;9,8;0;0;5,1;311
8328;9;0;0;5,1;305
8329;9;0;0;3,1;305
8330;10;0;0;3,1;313
8331;9;0;0;0;309
8332;9;0;0;2,6;309
8333;10,4;0;0;2,1;319
8334;9;0;0;3,1;309
8335;9;0;0;2,1;305
8336;10,8;2;0;0;315
8337;9;30;0;2,1;307
8338;10;75;0;0;317
8339;11,6;113;0;0;326
8340;10;137;0;0;322
8341;10;143;0;0;322
8342;12,8;130;0;0;345
8343;12;122;0;0;331
8344;12;83;0;2,1;331
8345;13;23;0;0;334
8346;12;0;0;0;331
8347;12;0;0;0;331
8348;12;0;0;0;339
8349;12;0;0;0;339
8350;11;0;0;0;334
8351;13;0;0;0;348
8352;13;0;0;1,5;341
8353;13;0;0;0;336
8354;16;0;0;5,1;350
8355;14;0;0;3,1;334
8356;14;0;0;8,2;331
8357;16,2;0;0;6,2;338
8358;14;0;0;5,1;331
8359;14;0;0;5,1;337
8360;16,6;2;0;8,2;357
8361;15;29;0;7,2;347
8362;15;74;0;6,2;347
8363;17,2;111;0;4,1;361
8364;15;161;2;5,1;348
8365;15;197;5;9,3;343
8366;17;203;9;0;350
8367;14;159;25;2,6;334
8368;15;93;6;0;340
8369;15,8;23;0;0;346
8370;13;0;0;0;331
8371;13;0;0;0;331
8372;16;0;0;3,1;346
8373;13;0;0;0;330
8374;13;0;0;0;330
8375;14,4;0;0;0;339
8376;14;0;0;0;332
8377;12;0;0;0;316
8378;12,8;0;0;0;315
8379;12;0;0;0;309
8380;11;0;0;0;305
8381;11,8;0;0;0;310
8382;10,2;0;0;0;302
8383;10;0;0;0;299
8384;10,2;5;0;0;302
8385;9;86;230;0;294
8386;13;224;479;0;313
8387;16,2;338;490;0;331
8388;15;364;379;2,1;328
8389;15;311;177;2,1;332
8390;17,2;203;28;3,1;347
8391;15;158;25;3,1;332
8392;15;94;6;2,1;332
8393;15;24;0;3,1;329
8394;14;0;0;0;323
8395;14;0;0;0;323
8396;14,4;0;0;0;322
8397;13;0;0;0;319
8398;12;0;0;0;316
8399;12,6;0;0;0;324
8400;12;0;0;0;316
8401;11;0;0;0;309
8402;11,4;0;0;0;307
8403;9;0;0;0;294
8404;9;0;0;0;293
8405;9,4;0;0;0;297
8406;9;0;0;0;300
8407;11;0;0;0;314
8408;10,4;3;0;0;317
8409;11;58;33;0;315
8410;12;151;113;0;318
8411;14,6;229;82;0;327
8412;14;257;77;2,1;322
8413;14;246;64;0;322
8414;16,6;203;9;0;336
8415;15;168;18;0;330
8416;14;104;19;3,1;325
8417;14;28;0;3,1;328
8418;13;0;0;3,1;323
8419;13;0;0;4,1;325
8420;13,2;0;0;4,1;326
8421;12;0;0;5,1;316
8422;12;0;0;3,1;309
8423;12,6;0;0;0;309
8424;12;0;0;4,1;312
8425;11;0;0;3,1;313
8426;11,6;0;0;4,1;322
8427;11;0;0;4,1;315
8428;9;0;0;2,1;301
8429;10,6;0;0;4,1;302
8430;9;0;0;3,1;298
8431;9;0;0;3,1;297
8432;10,4;5;0;2,1;303
8433;9;85;241;2,1;300
8434;11;217;442;4,1;311
8435;12,4;311;442;4,1;321
8436;12;390;523;8,2;318
8437;13;423;604;7,7;317
8438;13,6;398;638;8,2;320
8439;13;324;639;8,2;313
8440;13;198;529;8,2;310
8441;11,8;51;193;9,3;303
8442;11;0;0;7,7;298
8443;10;0;0;6,2;291
8444;10,2;0;0;4,1;294
8445;10;0;0;4,1;291
8446;9;0;0;5,1;283
8447;9,8;0;0;6,2;287
8448;9;0;0;5,1;288
8449;7;0;0;0;284
8450;6,4;0;0;0;284
8451;6,2;0;0;0;284
8452;6;0;0;0;280
8453;7,2;0;0;0;285
8454;7;0;0;0;281
8455;7;0;0;0;281
8456;7,2;5;0;0;285
8457;7;91;300;0;282
8458;9;243;655;0;286
8459;12,2;371;762;0;301
8460;12;453;827;0;298
8461;13;475;838;0;302
8462;15;434;810;2,1;314
8463;13;338;731;2,1;303
8464;12,9;195;528;2,1;305
8465;12,8;48;144;2,1;305
8466;13;0;0;2,1;303
8467;11;0;0;2,1;302
8468;12;0;0;0;309
8469;11;0;0;3,1;303
8470;12;0;0;0;307
8471;12;0;0;0;309
8472;11;0;0;0;310
8473;12;0;0;0;319
8474;12,4;0;0;0;328
8475;12;0;0;0;320
8476;12;0;0;0;318
8477;11,4;0;0;0;312
8478;10;0;0;0;304
8479;11;0;0;0;308
8480;11,8;2;0;3,1;310
8481;11;37;0;0;308
8482;12;86;0;0;319
8483;14,2;110;0;0;334
8484;12;134;0;3,1;324
8485;12;141;0;2,1;328
8486;12,4;130;0;8,2;329
8487;11;123;0;8,2;321
8488;11;85;0;7,2;320
8489;10,6;25;0;6,2;319
8490;10;0;0;4,1;315
8491;10;0;0;5,1;315
8492;10,6;0;0;5,1;320
8493;10;0;0;6,2;315
8494;9;0;0;6,2;310
8495;9,2;0;0;6,2;312
8496;8;0;0;4,1;305
8497;8;0;0;5,1;305
8498;9;0;0;6,2;312
8499;8;0;0;6,2;305
8500;8;0;0;2,1;305
8501;8,6;0;0;0;308
8502;8;0;0;4,1;301
8503;8;0;0;4,1;301
8504;10,2;3;0;6,2;311
8505;9;55;32;3,1;308
8506;9;149;116;6,2;308
8507;11,4;229;86;7,7;319
8508;10;334;293;7,2;309
8509;11;398;451;6,2;310
8510;13,2;398;596;8,2;320
8511;12;277;364;4,1;315
8512;12;136;95;9,3;316
8513;12,2;26;0;7,2;321
8514;11;0;0;6,2;311
8515;11;0;0;5,1;307
8516;11;0;0;4,1;305
8517;10;0;0;8,8;303
8518;11;0;0;5,1;310
8519;12,4;0;0;5,1;323
8520;11;0;0;6,2;312
8521;12;0;0;7,7;314
8522;12,8;0;0;7,7;315
8523;12;0;0;5,1;310
8524;12;0;0;4,1;313
8525;12,4;0;0;6,2;317
8526;11;0;0;5,1;311
8527;11;0;0;8,2;317
8528;9,8;2;0;7,2;327
8529;10;41;0;8,2;325
8530;11;113;8;7,7;331
8531;12,4;174;29;7,7;338
8532;11;212;34;5,1;331
8533;10;223;35;2,1;326
8534;12;205;33;5,1;338
8535;9;162;27;6,2;322
8536;9;97;8;4,1;322
8537;10,4;26;0;3,1;330
8538;9;0;0;2,1;310
8539;9;0;0;0;304
8540;10,2;0;0;2,1;309
8541;9;0;0;3,1;301
8542;10;0;0;5,1;306
8543;10,4;0;0;7,7;310
8544;10;0;0;2,1;310
8545;9;0;0;2,1;311
8546;9,6;0;0;0;326
8547;8;0;0;4,1;301
8548;8;0;0;4,1;296
8549;9;0;0;2,1;295
8550;8;0;0;4,1;292
8551;8;0;0;5,1;296
8552;9;3;0;4,1;309
8553;8;73;159;4,1;296
8554;9;218;400;2,1;296
8555;11,4;354;659;4,1;302
8556;11,7;440;779;5,1;302
8557;12;469;818;6,2;302
8558;14;437;815;5,1;309
8559;13;341;719;5,1;310
8560;13;204;561;6,2;308
8561;12,6;55;172;3,6;307
8562;11;0;0;0;299
8563;11;0;0;2,6;299
8564;11,2;0;0;4,1;299
8565;10;0;0;7,7;296
8566;11;0;0;6,2;297
8567;10,4;0;0;7,2;297
8568;10;0;0;3,1;293
8569;9;0;0;6,2;289
8570;9,4;0;0;7,7;293
8571;6;0;0;4,1;280
8572;7;0;0;3,1;285
8573;7;0;0;9,3;287
8574;7;0;0;5,1;288
8575;6;0;0;5,1;286
8576;7,2;2;0;3,1;293
8577;7;60;58;0;290
8578;8;186;242;6,2;292
8579;10;310;372;7,2;302
8580;10;336;262;7,2;303
8581;10;296;121;8,2;302
8582;9,2;206;33;5,1;308
8583;9;183;36;5,1;304
8584;8;121;45;10,3;298
8585;7,8;36;4;7,2;304
8586;7;0;0;9,3;288
8587;6;0;0;2,6;280
8588;5,8;0;0;2,1;273
8589;6;0;0;0;279
8590;6;0;0;0;283
8591;6,4;0;0;5,1;292
8592;6,2;0;0;4,1;295
8593;6;0;0;3,1;293
8594;5,8;0;0;5,1;300
8595;4,9;0;0;4,4;281
8596;4;0;0;3,6;272
8597;4,6;0;0;5,1;267
8598;4;0;0;7,2;266
8599;4;0;0;5,1;271
8600;4;3;0;5,1;275
8601;4;74;182;4,1;273
8602;4;214;412;5,1;271
8603;6;340;609;5,1;280
8604;6;383;408;6,2;279
8605;7;357;273;7,7;283
8606;6,6;276;122;7,2;281
8607;6;218;124;6,2;279
8608;6;132;95;6,2;279
8609;5,2;37;7;6,2;279
8610;4;0;0;3,1;269
8611;4;0;0;0;270
8612;4,6;0;0;2,1;272
8613;4;0;0;2,1;269
8614;4;0;0;0;269
8615;3,4;0;0;0;271
8616;3;0;0;0;265
8617;3;0;0;2,1;262
8618;3,8;0;0;2,1;262
8619;2,9;0;0;1;263
8620;2;0;0;0;259
8621;2,2;0;0;0;263
8622;3;0;0;0;268
8623;3;0;0;2,6;270
8624;4;2;0;2,1;279
8625;5;48;11;3,1;280
8626;6;158;108;4,1;281
8627;7,6;274;249;3,1;284
8628;7;301;108;4,1;287
8629;8;275;89;5,1;298
8630;7,6;210;36;5,1;309
8631;7;166;13;4,1;305
8632;7;101;12;5,1;306
8633;6,8;29;0;3,1;307
8634;6;0;0;2,6;302
8635;6;0;0;3,1;303
8636;6,6;0;0;4,1;307
8637;6;0;0;2,1;297
8638;6;0;0;0;292
8639;5,6;0;0;0;290
8640;4;0;0;0;280
8641;4;0;0;0;280
8642;3,8;0;0;0;282
8643;4;0;0;0;278
8644;3;0;0;0;270
8645;2,2;0;0;0;261
8646;3;0;0;0;263
8647;4;0;0;0;266
8648;2,6;3;0;0;263
8649;4;82;264;0;268
8650;6;237;618;0;271
8651;8,6;369;774;2,1;282
8652;8;453;834;0;279
8653;9;478;843;0;288
8654;11;440;815;0;297
8655;11;352;763;0;296
8656;11;216;611;2,6;291
8657;10,4;63;249;0;290
8658;8;1;0;0;279
8659;7;0;0;2,1;275
8660;7,2;0;0;2,1;277
8661;7;0;0;0;274
8662;6;0;0;0;269
8663;5,8;0;0;0;270
8664;6;0;0;2,1;268
8665;5;0;0;0;265
8666;4,8;0;0;2,1;266
8667;4;0;0;0;261
8668;4;0;0;0;261
8669;4;0;0;0;263
8670;4;0;0;0;260
8671;4;0;0;0;260
8672;4,8;3;0;0;265
8673;7;83;311;0;274
8674;9;237;621;0;283
8675;10,8;367;769;2,1;293
8676;11;451;826;0;295
8677;11;477;840;0;295
8678;13,6;442;818;0;308
8679;13;352;760;3,1;303
8680;13;216;607;2,1;303
8681;12;64;251;0;299
8682;10;1;0;0;290
8683;9;0;0;0;286
8684;9,4;0;0;0;289
8685;9;0;0;0;286
8686;9;0;0;0;286
8687;10;0;0;0;292
8688;9;0;0;0;287
8689;9;0;0;3,1;288
8690;11,2;0;0;2,1;299
8691;9;0;0;0;288
8692;9;0;0;0;288
8693;10;0;0;5,1;293
8694;10;0;0;0;293
8695;10;0;0;0;293
8696;8,4;2;0;0;286
8697;9;57;64;0;289
8698;12;154;103;0;308
8699;14;225;101;0;318
8700;15;348;337;0;321
8701;16;422;545;5,1;327
8702;18,6;429;715;7,2;332
8703;17;323;551;8,2;326
8704;17;183;349;5,1;326
8705;17,2;48;60;2,1;328
8706;14;1;0;2,1;311
8707;12;0;0;0;298
8708;12,4;0;0;0;305
8709;11,7;0;0;0;301
8710;11;0;0;0;296
8711;10;0;0;0;293
8712;9;0;0;0;286
8713;9;0;0;0;286
8714;8,8;0;0;0;286
8715;8;0;0;0;282
8716;8;0;0;0;283
8717;8;0;0;0;283
8718;7,8;0;0;0;282
8719;7,6;0;0;0;282
8720;7,4;3;0;0;281
8721;9;82;282;0;287
8722;12;234;645;0;301
8723;15;366;760;0;315
8724;14;450;819;0;311
8725;14;476;828;0;317
8726;16,4;439;797;0;329
8727;15;351;737;0;322
8728;15;217;589;0;322
8729;14,6;66;240;0;322
8730;12;1;0;0;309
8731;12;0;0;0;302
8732;12;0;0;2,1;303
8733;11;0;0;0;298
8734;10;0;0;0;294
8735;10,2;0;0;0;294
8736;9;0;0;0;288
8737;10;0;0;0;293
8738;9,6;0;0;0;293
8739;11;0;0;2,1;298
8740;10;0;0;2,1;294
8741;11;0;0;2,1;300
8742;10;0;0;0;294
8743;8;0;0;2,1;285
8744;8,6;3;0;0;288
8745;10;81;276;0;294
8746;12;233;638;0;303
8747;14,2;363;770;3,1;316
8748;13;450;817;2,1;308
8749;14,9;476;824;1;318
8750;16,8;444;809;0;326
8751;15;354;748;0;318
8752;15;221;604;0;317
8753;15,2;69;252;0;319
8754;12;1;0;0;302
8755;11,8;0;0;0;302
8756;11,5;0;0;0;300
8757;11,1;0;0;0;299
8758;10,7;0;0;0;297
8759;10,3;0;0;0;295
8760;9,8;0;0;0;291
