time,electricity demand (W),heat demand (W),PV (W/Wp)
2025-01-01 01:00:00+01:00,95.98333333333333,541.6822492097307,0.0
2025-01-01 02:00:00+01:00,97.11666666666666,534.6377137072534,0.0
2025-01-01 03:00:00+01:00,102.5,559.0255652416466,0.0
2025-01-01 04:00:00+01:00,96.33333333333333,642.618173128248,0.0
2025-01-01 05:00:00+01:00,95.03333333333333,869.8855758199456,0.0
2025-01-01 06:00:00+01:00,94.93333333333334,1285.236346256496,0.0
2025-01-01 07:00:00+01:00,95.43333333333334,1627.4435847922703,0.0
2025-01-01 08:00:00+01:00,95.81666666666666,1507.2792109552809,0.0
2025-01-01 09:00:00+01:00,96.55,1374.0534921360102,5.833333333333333
2025-01-01 10:00:00+01:00,164.41666666666666,1266.950463281302,17.313793103448276
2025-01-01 11:00:00+01:00,143.85,1172.9087794088753,23.04252873563218
2025-01-01 12:00:00+01:00,82.28333333333333,1128.5002064691187,72.41954022988506
2025-01-01 13:00:00+01:00,100.73333333333333,1110.2143234939247,84.38735632183908
2025-01-01 14:00:00+01:00,187.66666666666666,1110.2143234939247,61.47241379310345
2025-01-01 15:00:00+01:00,139.01666666666668,1144.1738204478563,102.2816091954023
2025-01-01 16:00:00+01:00,138.25,1201.643738369895,2.0551724137931036
2025-01-01 17:00:00+01:00,144.75,1259.1136562919332,0.0
2025-01-01 18:00:00+01:00,149.46666666666667,1337.4817261856222,0.0
2025-01-01 19:00:00+01:00,266.68333333333334,1371.4412231395536,0.0
2025-01-01 20:00:00+01:00,127.15,1374.0534921360102,0.0
2025-01-01 21:00:00+01:00,123.68333333333334,1306.1344982281466,0.0
2025-01-01 22:00:00+01:00,99.13333333333334,1123.275668476206,0.0
2025-01-01 23:00:00+01:00,100.71666666666667,752.3334709794124,0.0
2025-01-02 00:00:00+01:00,100.16666666666667,564.2501032345593,0.0
2025-01-02 01:00:00+01:00,102.1,766.2657484178675,0.0
2025-01-02 02:00:00+01:00,99.66666666666667,848.5564629863511,0.0
2025-01-02 03:00:00+01:00,87.85,881.1689623408289,0.0
2025-01-02 04:00:00+01:00,96.15,950.9281718594776,0.0
2025-01-02 05:00:00+01:00,96.4,1163.8773377585114,0.0
2025-01-02 06:00:00+01:00,95.28333333333333,1677.8925657906614,0.0
2025-01-02 07:00:00+01:00,94.55,2111.1339722749026,0.0
2025-01-02 08:00:00+01:00,94.98333333333333,1982.6301652668649,3.2597701149425284
2025-01-02 09:00:00+01:00,94.71666666666667,1890.841731689695,160.43103448275863
2025-01-02 10:00:00+01:00,515.45,1799.0532981125257,446.29655172413794
2025-01-02 11:00:00+01:00,100.08333333333333,1703.5933271922688,587.9873563218391
2025-01-02 12:00:00+01:00,103.13333333333334,1644.8487297028803,624.6022988505748
2025-01-02 13:00:00+01:00,108.36666666666666,1611.8048936150992,583.6310344827585
2025-01-02 14:00:00+01:00,860.9666666666667,1619.1479683012728,468.2402298850575
2025-01-02 15:00:00+01:00,683.4666666666667,1648.5202670459673,237.3264367816092
2025-01-02 16:00:00+01:00,147.7,1703.5933271922688,5.364367816091955
2025-01-02 17:00:00+01:00,153.36666666666667,1773.352536710918,0.0
2025-01-02 18:00:00+01:00,152.33333333333334,1843.1117462295667,0.0
2025-01-02 19:00:00+01:00,223.06666666666666,1861.4694329450008,0.0
2025-01-02 20:00:00+01:00,114.9,1854.126358258827,0.0
2025-01-02 21:00:00+01:00,124.65,1766.0094620247442,0.0
2025-01-02 22:00:00+01:00,100.46666666666667,1560.4033708118843,0.0
2025-01-02 23:00:00+01:00,99.65,1101.461202926036,0.0
2025-01-03 00:00:00+01:00,94.01666666666667,881.1689623408289,0.0
2025-01-03 01:00:00+01:00,94.16666666666667,1079.4350150244327,0.0
2025-01-03 02:00:00+01:00,97.95,1217.411183960355,0.0
2025-01-03 03:00:00+01:00,99.85,1262.497604755058,0.0
2025-01-03 04:00:00+01:00,93.78333333333333,1337.0362087258363,0.0
2025-01-03 05:00:00+01:00,94.15,1574.628008882692,0.0
2025-01-03 06:00:00+01:00,96.75,2045.1529464482308,0.0
2025-01-03 07:00:00+01:00,97.68333333333334,2538.971197754637,0.0
2025-01-03 08:00:00+01:00,98.7,2371.2593388203863,0.2471264367816092
2025-01-03 09:00:00+01:00,115.11666666666666,2338.64869958317,15.971264367816092
2025-01-03 10:00:00+01:00,568.7166666666667,2264.110095612392,64.91954022988506
2025-01-03 11:00:00+01:00,103.55,2180.2541661452665,61.808045977011496
2025-01-03 12:00:00+01:00,94.03333333333333,2087.0809111817935,61.55862068965517
2025-01-03 13:00:00+01:00,100.51666666666667,2054.4702719445777,63.15172413793103
2025-01-03 14:00:00+01:00,99.53333333333333,2045.1529464482308,108.04942528735633
2025-01-03 15:00:00+01:00,193.36666666666667,2105.715562174488,35.764367816091955
2025-01-03 16:00:00+01:00,144.56666666666666,2152.3021896562245,3.560919540229885
2025-01-03 17:00:00+01:00,157.31666666666666,2254.7927701160447,0.0
2025-01-03 18:00:00+01:00,156.31666666666666,2282.744746605086,0.0
2025-01-03 19:00:00+01:00,237.95,2292.0620721014343,0.0
2025-01-03 20:00:00+01:00,118.8,2254.7927701160447,0.0
2025-01-03 21:00:00+01:00,120.25,2152.3021896562245,0.0
2025-01-03 22:00:00+01:00,98.6,1905.393064003021,0.0
2025-01-03 23:00:00+01:00,94.65,1444.18545193383,0.0
2025-01-04 00:00:00+01:00,94.35,1234.5456282660164,0.0
2025-01-04 01:00:00+01:00,92.58333333333333,934.3611213086816,0.0
2025-01-04 02:00:00+01:00,99.21666666666667,905.4928577479619,0.0
2025-01-04 03:00:00+01:00,111.66666666666667,934.1127080821692,0.0
2025-01-04 04:00:00+01:00,95.91666666666667,1008.0632974720077,0.0
2025-01-04 05:00:00+01:00,93.66666666666667,1233.8072019251983,0.0
2025-01-04 06:00:00+01:00,79.1,1778.706281639797,0.0
2025-01-04 07:00:00+01:00,97.61666666666666,2237.9783631135306,0.0
2025-01-04 08:00:00+01:00,93.98333333333333,2101.75359318488,0.603448275862069
2025-01-04 09:00:00+01:00,146.91666666666666,2004.450186092988,8.210344827586207
2025-01-04 10:00:00+01:00,600.3333333333334,1907.1467790010952,24.017241379310345
2025-01-04 11:00:00+01:00,103.26666666666667,1805.951235625527,48.8448275862069
2025-01-04 12:00:00+01:00,99.38333333333334,1743.6770550867159,34.48390804597702
2025-01-04 13:00:00+01:00,102.8,1708.6478285336343,37.54252873563219
2025-01-04 14:00:00+01:00,144.28333333333333,1716.4321011009858,18.074712643678158
2025-01-04 15:00:00+01:00,181.15,1747.5691913703918,18.116091954022988
2025-01-04 16:00:00+01:00,140.41666666666666,1805.951235625527,1.4758620689655173
2025-01-04 17:00:00+01:00,150.4,1879.9018250153656,0.0
2025-01-04 18:00:00+01:00,149.13333333333333,1953.8524144052037,0.0
2025-01-04 19:00:00+01:00,219.45,1973.313095823582,0.0
2025-01-04 20:00:00+01:00,138.11666666666667,1965.528823256231,0.0
2025-01-04 21:00:00+01:00,118.98333333333333,1872.1175524480138,0.0
2025-01-04 22:00:00+01:00,82.5,1654.157920562175,0.0
2025-01-04 23:00:00+01:00,95.38333333333334,1167.6408851027113,0.0
2025-01-05 00:00:00+01:00,96.66666666666667,934.1127080821692,0.0
2025-01-05 01:00:00+01:00,94.3,591.1665186814739,0.0
2025-01-05 02:00:00+01:00,96.91666666666667,499.22926584087594,0.0
2025-01-05 03:00:00+01:00,104.96666666666667,519.6272607864682,0.0
2025-01-05 04:00:00+01:00,100.25,597.3285334274356,0.0
2025-01-05 05:00:00+01:00,101.36666666666666,808.5788684200653,0.0
2025-01-05 06:00:00+01:00,98.91666666666667,1194.6570668548711,0.0
2025-01-05 07:00:00+01:00,96.38333333333334,1512.7466517288306,0.0
2025-01-05 08:00:00+01:00,93.83333333333333,1401.0510723074403,0.0
2025-01-05 09:00:00+01:00,94.01666666666667,1277.2146690358989,4.097701149425287
2025-01-05 10:00:00+01:00,550.1666666666666,1177.6599134646594,16.742528735632185
2025-01-05 11:00:00+01:00,96.65,1090.2459817435715,32.214942528735634
2025-01-05 12:00:00+01:00,97.7,1048.9671806530575,31.50344827586207
2025-01-05 13:00:00+01:00,125.43333333333334,1031.9700272628459,42.42068965517241
2025-01-05 14:00:00+01:00,177.06666666666666,1031.9700272628459,48.86206896551724
2025-01-05 15:00:00+01:00,263.8,1063.5361692732388,20.851724137931036
2025-01-05 16:00:00+01:00,147.91666666666666,1116.9557942139036,2.52183908045977
2025-01-05 17:00:00+01:00,170.88333333333333,1170.375419154569,0.0
2025-01-05 18:00:00+01:00,157.41666666666666,1243.2203622554757,0.0
2025-01-05 19:00:00+01:00,241.38333333333333,1274.7865042658684,0.0
2025-01-05 20:00:00+01:00,120.58333333333333,1277.2146690358989,0.0
2025-01-05 21:00:00+01:00,122.95,1214.0823850151128,0.0
2025-01-05 22:00:00+01:00,106.06666666666666,1044.110851112997,0.0
2025-01-05 23:00:00+01:00,106.75,699.311453768705,0.0
2025-01-06 00:00:00+01:00,94.58333333333333,524.4835903265288,0.0
2025-01-06 01:00:00+01:00,98.76666666666667,499.35921952854676,0.0
2025-01-06 02:00:00+01:00,97.63333333333334,536.2255370418703,0.0
2025-01-06 03:00:00+01:00,100.63333333333334,563.0965619950537,0.0
2025-01-06 04:00:00+01:00,84.28333333333333,647.2979170597345,0.0
2025-01-06 05:00:00+01:00,83.6,876.220351141836,0.0
2025-01-06 06:00:00+01:00,95.56666666666666,1294.595834119469,0.0
2025-01-06 07:00:00+01:00,99.81666666666666,1639.2951314155066,0.0
2025-01-06 08:00:00+01:00,98.86666666666666,1518.2556835100281,0.6505747126436782
2025-01-06 09:00:00+01:00,99.51666666666667,1384.0597738756928,20.683908045977013
2025-01-06 10:00:00+01:00,197.15,1276.1767876990702,45.10114942528735
2025-01-06 11:00:00+01:00,100.33333333333333,1181.4502632513045,68.68620689655172
2025-01-06 12:00:00+01:00,110.56666666666666,1136.7182933731924,73.96666666666667
2025-01-06 13:00:00+01:00,733.0166666666667,1118.2992469527937,34.94137931034483
2025-01-06 14:00:00+01:00,957.8333333333334,1118.2992469527937,23.301149425287356
2025-01-06 15:00:00+01:00,404.1666666666667,1152.50604744782,17.7816091954023
2025-01-06 16:00:00+01:00,764.6,1210.3944790547882,2.608045977011494
2025-01-06 17:00:00+01:00,665.7333333333333,1268.2829106617564,0.0
2025-01-06 18:00:00+01:00,109.38333333333334,1347.2216810348948,0.0
2025-01-06 19:00:00+01:00,212.23333333333332,1381.428481529921,0.0
2025-01-06 20:00:00+01:00,123.15,1384.0597738756928,0.0
2025-01-06 21:00:00+01:00,129.75,1315.6461728856395,0.0
2025-01-06 22:00:00+01:00,109.66666666666667,1131.4557086816496,0.0
2025-01-06 23:00:00+01:00,96.11666666666666,757.8121955821283,0.0
2025-01-07 00:00:00+01:00,96.0,568.3591466865962,0.0
2025-01-07 01:00:00+01:00,91.61666666666666,545.2356196889846,0.0
2025-01-07 02:00:00+01:00,95.13333333333334,586.9762914600457,0.0
2025-01-07 03:00:00+01:00,102.4,616.4663745714145,0.0
2025-01-07 04:00:00+01:00,95.96666666666667,708.6482623577944,0.0
2025-01-07 05:00:00+01:00,101.21666666666667,959.2677697770143,0.0
2025-01-07 06:00:00+01:00,98.5,1417.2965247155887,0.0
2025-01-07 07:00:00+01:00,98.4,1794.6661278410807,0.0
2025-01-07 08:00:00+01:00,98.31666666666666,1662.1546641481598,2.0551724137931036
2025-01-07 09:00:00+01:00,85.15,1515.2397804886168,16.355172413793102
2025-01-07 10:00:00+01:00,187.5,1397.131736762318,17.22758620689655
2025-01-07 11:00:00+01:00,103.66666666666667,1293.4271130026411,23.54252873563218
2025-01-07 12:00:00+01:00,102.18333333333334,1244.4554851161267,28.951724137931034
2025-01-07 13:00:00+01:00,100.21666666666667,1224.290697162856,37.85172413793103
2025-01-07 14:00:00+01:00,117.6,1224.290697162856,18.51149425287356
2025-01-07 15:00:00+01:00,209.7,1261.7395890760724,11.857471264367815
2025-01-07 16:00:00+01:00,145.5,1325.1146369292087,1.0793103448275863
2025-01-07 17:00:00+01:00,149.66666666666666,1388.489684782345,0.0
2025-01-07 18:00:00+01:00,151.11666666666667,1474.910204582076,0.0
2025-01-07 19:00:00+01:00,249.13333333333333,1512.3590964952928,0.0
2025-01-07 20:00:00+01:00,126.71666666666667,1515.2397804886168,0.0
2025-01-07 21:00:00+01:00,129.23333333333332,1440.3419966621836,0.0
2025-01-07 22:00:00+01:00,110.68333333333334,1238.6941171294777,0.0
2025-01-07 23:00:00+01:00,102.2,829.6369900774177,0.0
2025-01-08 00:00:00+01:00,81.86666666666666,622.2277425580634,0.0
2025-01-08 01:00:00+01:00,95.73333333333333,561.4496553675652,0.0
2025-01-08 02:00:00+01:00,95.85,591.4021308124635,0.0
2025-01-08 03:00:00+01:00,104.71666666666667,620.4455065562569,0.0
2025-01-08 04:00:00+01:00,92.88333333333334,713.2224047328938,0.0
2025-01-08 05:00:00+01:00,95.41666666666667,965.4595966506246,0.0
2025-01-08 06:00:00+01:00,95.65,1426.4448094657876,0.0
2025-01-08 07:00:00+01:00,98.65,1806.2502363763936,0.0
2025-01-08 08:00:00+01:00,99.75,1672.8834452474787,0.44482758620689655
2025-01-08 09:00:00+01:00,98.9,1525.0202637784635,10.813793103448274
2025-01-08 10:00:00+01:00,215.36666666666667,1406.149862989648,29.082758620689656
2025-01-08 11:00:00+01:00,107.73333333333333,1301.775852540932,42.59885057471264
2025-01-08 12:00:00+01:00,98.21666666666667,1252.4881253845938,71.77586206896552
2025-01-08 13:00:00+01:00,110.35,1232.1931789084547,65.10229885057471
2025-01-08 14:00:00+01:00,125.56666666666666,1232.1931789084547,46.00689655172414
2025-01-08 15:00:00+01:00,189.46666666666667,1269.8837937927133,21.494252873563216
2025-01-08 16:00:00+01:00,202.55,1333.6679112891507,1.8448275862068966
2025-01-08 17:00:00+01:00,141.36666666666667,1397.4520287855885,0.0
2025-01-08 18:00:00+01:00,176.95,1484.4303708261853,0.0
2025-01-08 19:00:00+01:00,238.98333333333332,1522.1209857104436,0.0
2025-01-08 20:00:00+01:00,128.13333333333333,1525.0202637784635,0.0
2025-01-08 21:00:00+01:00,126.5,1449.6390340099467,0.0
2025-01-08 22:00:00+01:00,105.31666666666666,1246.6895692485539,0.0
2025-01-08 23:00:00+01:00,94.61666666666666,834.9920835897293,0.0
2025-01-09 00:00:00+01:00,95.08333333333333,626.2440626922969,0.0
2025-01-09 01:00:00+01:00,97.36666666666666,807.9876813458084,0.0
2025-01-09 02:00:00+01:00,95.51666666666667,881.6272207384986,0.0
2025-01-09 03:00:00+01:00,86.03333333333333,914.8826609787403,0.0
2025-01-09 04:00:00+01:00,95.08333333333333,987.310871639557,0.0
2025-01-09 05:00:00+01:00,94.71666666666667,1208.407514709419,0.0
2025-01-09 06:00:00+01:00,96.15,1742.0890669470173,0.0
2025-01-09 07:00:00+01:00,98.68333333333334,2191.906375261565,0.0
2025-01-09 08:00:00+01:00,97.35,2058.4859872021652,1.403448275862069
2025-01-09 09:00:00+01:00,97.01666666666667,1963.1857100168797,13.383908045977012
2025-01-09 10:00:00+01:00,196.38333333333333,1867.8854328315942,55.32413793103448
2025-01-09 11:00:00+01:00,104.6,1768.7731445588972,61.28620689655172
2025-01-09 12:00:00+01:00,103.81666666666666,1707.7809671603145,45.43793103448276
2025-01-09 13:00:00+01:00,107.75,1673.4728673736122,48.798850574712645
2025-01-09 14:00:00+01:00,868.5666666666667,1681.096889548435,39.55057471264367
2025-01-09 15:00:00+01:00,340.18333333333334,1711.5929782477265,10.36551724137931
2025-01-09 16:00:00+01:00,164.96666666666667,1768.7731445588972,2.025287356321839
2025-01-09 17:00:00+01:00,169.45,1841.2013552197143,0.0
2025-01-09 18:00:00+01:00,147.11666666666667,1913.6295658805311,0.0
2025-01-09 19:00:00+01:00,247.16666666666666,1932.6896213175885,0.0
2025-01-09 20:00:00+01:00,131.88333333333333,1925.0655991427657,0.0
2025-01-09 21:00:00+01:00,128.41666666666666,1833.5773330448915,0.0
2025-01-09 22:00:00+01:00,107.81666666666666,1620.1047121498523,0.0
2025-01-09 23:00:00+01:00,97.35,1143.6033262234248,0.0
2025-01-10 00:00:00+01:00,96.1,914.8826609787403,0.0
2025-01-10 01:00:00+01:00,94.18333333333334,954.3962424430072,0.0
2025-01-10 02:00:00+01:00,94.35,1007.9439981780023,0.0
2025-01-10 03:00:00+01:00,102.13333333333334,1044.3574131590806,0.0
2025-01-10 04:00:00+01:00,90.96666666666667,1127.0357083675076,0.0
2025-01-10 05:00:00+01:00,93.8,1379.4220832142855,0.0
2025-01-10 06:00:00+01:00,97.1,1988.6305742237491,0.0
2025-01-10 07:00:00+01:00,97.86666666666666,2502.106302360297,0.0
2025-01-10 08:00:00+01:00,98.15,2349.804179607931,2.8505747126436782
2025-01-10 09:00:00+01:00,103.91666666666667,2241.016949070526,17.73448275862069
2025-01-10 10:00:00+01:00,549.6,2132.2297185331227,59.08620689655172
2025-01-10 11:00:00+01:00,99.56666666666666,2019.0909987742223,88.07011494252875
2025-01-10 12:00:00+01:00,98.36666666666666,1949.4671712302838,90.00689655172414
2025-01-10 13:00:00+01:00,95.81666666666666,1910.3037682368183,103.00919540229886
2025-01-10 14:00:00+01:00,102.28333333333333,1919.0067466798105,96.35402298850575
2025-01-10 15:00:00+01:00,192.65,1953.81866045178,22.83448275862069
2025-01-10 16:00:00+01:00,142.06666666666666,2019.0909987742223,3.2402298850574716
2025-01-10 17:00:00+01:00,145.86666666666667,2101.7692939826493,0.0
2025-01-10 18:00:00+01:00,157.11666666666667,2184.447589191077,0.0
2025-01-10 19:00:00+01:00,220.15,2206.2050352985575,0.0
2025-01-10 20:00:00+01:00,120.8,2197.502056855565,0.0
2025-01-10 21:00:00+01:00,118.03333333333333,2093.0663155396574,0.0
2025-01-10 22:00:00+01:00,97.1,1849.382919135872,0.0
2025-01-10 23:00:00+01:00,99.65,1305.4467664488504,0.0
2025-01-11 00:00:00+01:00,81.6,1044.3574131590806,0.0
2025-01-11 01:00:00+01:00,100.01666666666667,847.1494871556835,0.0
2025-01-11 02:00:00+01:00,94.3,810.1953654532103,0.0
2025-01-11 03:00:00+01:00,104.2,835.2247685167525,0.0
2025-01-11 04:00:00+01:00,94.35,901.346729357662,0.0
2025-01-11 05:00:00+01:00,93.41666666666667,1103.1927150825438,0.0
2025-01-11 06:00:00+01:00,93.75,1590.4071633839824,0.0
2025-01-11 07:00:00+01:00,93.28333333333333,2001.0593412380526,0.0
2025-01-11 08:00:00+01:00,100.03333333333333,1879.2557291626931,0.0
2025-01-11 09:00:00+01:00,175.0,1792.2531491088644,6.689655172413794
2025-01-11 10:00:00+01:00,136.73333333333332,1705.2505690550358,19.41609195402299
2025-01-11 11:00:00+01:00,106.96666666666667,1614.7678857990543,24.035632183908046
2025-01-11 12:00:00+01:00,115.03333333333333,1559.0862345646046,23.29080459770115
2025-01-11 13:00:00+01:00,114.16666666666667,1527.7653057452262,33.197701149425285
2025-01-11 14:00:00+01:00,123.3,1534.7255121495327,30.633333333333333
2025-01-11 15:00:00+01:00,187.08333333333334,1562.5663377667577,21.328735632183907
2025-01-11 16:00:00+01:00,120.31666666666666,1614.7678857990543,3.9781609195402297
2025-01-11 17:00:00+01:00,162.76666666666668,1680.8898466399644,0.0
2025-01-11 18:00:00+01:00,154.11666666666667,1747.0118074808738,0.0
2025-01-11 19:00:00+01:00,241.0,1764.4123234916397,0.0
2025-01-11 20:00:00+01:00,124.56666666666666,1757.4521170873331,0.0
2025-01-11 21:00:00+01:00,127.91666666666667,1673.9296402356579,0.0
2025-01-11 22:00:00+01:00,104.33333333333333,1479.0438609150826,0.0
2025-01-11 23:00:00+01:00,98.53333333333333,1044.0309606459405,0.0
2025-01-12 00:00:00+01:00,102.58333333333333,835.2247685167525,0.0
2025-01-12 01:00:00+01:00,98.83333333333333,672.1450095230241,0.0
2025-01-12 02:00:00+01:00,95.33333333333333,588.5345928240188,0.0
2025-01-12 03:00:00+01:00,102.4,615.6682719275668,0.0
2025-01-12 04:00:00+01:00,95.45,707.7308172625302,0.0
2025-01-12 05:00:00+01:00,95.73333333333333,958.0258623919617,0.0
2025-01-12 06:00:00+01:00,95.01666666666667,1415.4616345250604,0.0
2025-01-12 07:00:00+01:00,79.3,1792.342679490066,0.0
2025-01-12 08:00:00+01:00,88.36666666666666,1660.0027705710565,1.8
2025-01-12 09:00:00+01:00,93.05,1513.278088943459,15.813793103448274
2025-01-12 10:00:00+01:00,233.93333333333334,1395.3229527330373,33.54022988505747
2025-01-12 11:00:00+01:00,107.91666666666667,1291.7525892312037,36.98620689655172
2025-01-12 12:00:00+01:00,103.88333333333334,1242.844362022004,13.7
2025-01-12 13:00:00+01:00,97.23333333333333,1222.7056802299812,23.8
2025-01-12 14:00:00+01:00,176.76666666666668,1222.7056802299812,18.08390804597701
2025-01-12 15:00:00+01:00,141.9,1260.1060892723099,6.072413793103449
2025-01-12 16:00:00+01:00,148.73333333333332,1323.3990891900971,1.1344827586206896
2025-01-12 17:00:00+01:00,148.95,1386.6920891078842,0.0
2025-01-12 18:00:00+01:00,167.65,1473.0007253594124,0.0
2025-01-12 19:00:00+01:00,231.35,1510.4011344017413,0.0
2025-01-12 20:00:00+01:00,126.63333333333334,1513.278088943459,0.0
2025-01-12 21:00:00+01:00,125.38333333333334,1438.4772708588011,0.0
2025-01-12 22:00:00+01:00,90.48333333333333,1237.090452938569,0.0
2025-01-12 23:00:00+01:00,90.76666666666667,828.5629080146693,0.0
2025-01-13 00:00:00+01:00,95.23333333333333,621.422181011002,0.0
2025-01-13 01:00:00+01:00,99.15,486.550607771686,0.0
2025-01-13 02:00:00+01:00,99.68333333333334,484.350150631762,0.0
2025-01-13 03:00:00+01:00,107.98333333333333,506.6766225260721,0.0
2025-01-13 04:00:00+01:00,97.35,582.4413511281017,0.0
2025-01-13 05:00:00+01:00,99.45,788.4267070148695,0.0
2025-01-13 06:00:00+01:00,96.35,1164.8827022562034,0.0
2025-01-13 07:00:00+01:00,94.63333333333334,1475.044559970762,0.0
2025-01-13 08:00:00+01:00,91.31666666666666,1366.1327626053442,0.24137931034482757
2025-01-13 09:00:00+01:00,91.73333333333333,1245.38272639586,6.967816091954023
2025-01-13 10:00:00+01:00,636.1833333333333,1148.3091678745097,19.133333333333333
2025-01-13 11:00:00+01:00,115.46666666666667,1063.0738481972264,32.805747126436785
2025-01-13 12:00:00+01:00,100.7,1022.8238361273983,54.83218390804598
2025-01-13 13:00:00+01:00,101.06666666666666,1006.2503017457041,46.82298850574713
2025-01-13 14:00:00+01:00,83.81666666666666,1006.2503017457041,24.295402298850572
2025-01-13 15:00:00+01:00,96.45,1037.0297227402787,7.022988505747126
2025-01-13 16:00:00+01:00,135.68333333333334,1089.1179736541737,1.5436781609195402
2025-01-13 17:00:00+01:00,151.2,1141.2062245680693,0.0
2025-01-13 18:00:00+01:00,148.15,1212.2356576324719,0.0
2025-01-13 19:00:00+01:00,182.91666666666666,1243.0150786270463,0.0
2025-01-13 20:00:00+01:00,205.05,1245.38272639586,0.0
2025-01-13 21:00:00+01:00,130.78333333333333,1183.8238844067112,0.0
2025-01-13 22:00:00+01:00,110.88333333333334,1018.0885405897712,0.0
2025-01-13 23:00:00+01:00,97.2,681.8825574182653,0.0
2025-01-14 00:00:00+01:00,91.55,511.41191806369915,0.0
2025-01-14 01:00:00+01:00,96.05,677.5662543588328,0.0
2025-01-14 02:00:00+01:00,100.7,801.0677840101087,0.0
2025-01-14 03:00:00+01:00,105.46666666666667,832.2361077702478,0.0
2025-01-14 04:00:00+01:00,80.7,898.1214663020593,0.0
2025-01-14 05:00:00+01:00,98.18333333333334,1099.2451923465358,0.0
2025-01-14 06:00:00+01:00,96.06666666666666,1584.7162552125135,0.0
2025-01-14 07:00:00+01:00,93.81666666666666,1993.8990081995528,0.0
2025-01-14 08:00:00+01:00,98.01666666666667,1872.5312424830577,3.6517241379310343
2025-01-14 09:00:00+01:00,94.68333333333334,1785.83998125699,34.4080459770115
2025-01-14 10:00:00+01:00,558.1,1699.148720030923,64.5735632183908
2025-01-14 11:00:00+01:00,95.55,1608.9898083558126,168.2735632183908
2025-01-14 12:00:00+01:00,94.68333333333334,1553.5074011711295,265.53793103448277
2025-01-14 13:00:00+01:00,109.95,1522.2985471297454,106.55747126436782
2025-01-14 14:00:00+01:00,102.2,1529.2338480278306,216.72298850574714
2025-01-14 15:00:00+01:00,192.95,1556.975051620172,50.38850574712644
2025-01-14 16:00:00+01:00,141.26666666666668,1608.9898083558126,4.6034482758620685
2025-01-14 17:00:00+01:00,148.06666666666666,1674.875166887624,0.0
2025-01-14 18:00:00+01:00,155.6,1740.760525419435,0.0
2025-01-14 19:00:00+01:00,188.28333333333333,1758.0987776646487,0.0
2025-01-14 20:00:00+01:00,122.1,1751.1634767665632,0.0
2025-01-14 21:00:00+01:00,124.66666666666667,1667.9398659895382,0.0
2025-01-14 22:00:00+01:00,107.71666666666667,1473.7514408431473,0.0
2025-01-14 23:00:00+01:00,96.41666666666667,1040.2951347128098,0.0
2025-01-15 00:00:00+01:00,99.31666666666666,832.2361077702478,0.0
2025-01-15 01:00:00+01:00,99.8,734.2742941189674,0.0
2025-01-15 02:00:00+01:00,99.75,730.3675757131781,0.0
2025-01-15 03:00:00+01:00,106.61666666666666,754.5136251037776,0.0
2025-01-15 04:00:00+01:00,97.76666666666667,814.2459537578266,0.0
2025-01-15 05:00:00+01:00,96.41666666666667,996.5867464912396,0.0
2025-01-15 06:00:00+01:00,90.9,1436.7196944684433,0.0
2025-01-15 07:00:00+01:00,98.16666666666667,1807.6888934778005,0.0
2025-01-15 08:00:00+01:00,93.43333333333334,1697.6556564834998,0.3896551724137931
2025-01-15 09:00:00+01:00,79.01666666666667,1619.060487201856,17.205747126436783
2025-01-15 10:00:00+01:00,568.05,1540.4653179202126,32.01724137931034
2025-01-15 11:00:00+01:00,102.31666666666666,1458.726341867303,51.839080459770116
2025-01-15 12:00:00+01:00,99.16666666666667,1408.4254335270516,46.44942528735632
2025-01-15 13:00:00+01:00,99.06666666666666,1380.13117258566,59.680459770114936
2025-01-15 14:00:00+01:00,111.7,1386.4187861281914,43.16551724137931
2025-01-15 15:00:00+01:00,172.25,1411.5692402983173,13.289655172413793
2025-01-15 16:00:00+01:00,144.63333333333333,1458.726341867303,1.9517241379310344
2025-01-15 17:00:00+01:00,163.01666666666668,1518.4586705213526,0.0
2025-01-15 18:00:00+01:00,171.38333333333333,1578.1909991754014,0.0
2025-01-15 19:00:00+01:00,218.01666666666668,1593.9100330317303,0.0
2025-01-15 20:00:00+01:00,123.23333333333333,1587.622419489199,0.0
2025-01-15 21:00:00+01:00,124.18333333333334,1512.1710569788206,0.0
2025-01-15 22:00:00+01:00,104.63333333333334,1336.1178777879397,0.0
2025-01-15 23:00:00+01:00,98.05,943.142031379722,0.0
2025-01-16 00:00:00+01:00,97.3,754.5136251037776,0.0
2025-01-16 01:00:00+01:00,83.55,554.467906482637,0.0
2025-01-16 02:00:00+01:00,99.23333333333333,561.5994899517476,0.0
2025-01-16 03:00:00+01:00,100.95,588.0079412587733,0.0
2025-01-16 04:00:00+01:00,93.45,675.9343623815803,0.0
2025-01-16 05:00:00+01:00,95.33333333333333,914.9843198092125,0.0
2025-01-16 06:00:00+01:00,94.35,1351.8687247631606,0.0
2025-01-16 07:00:00+01:00,93.98333333333333,1711.8175112346528,0.0
2025-01-16 08:00:00+01:00,94.3,1585.4232808706172,0.16551724137931034
2025-01-16 09:00:00+01:00,95.26666666666667,1445.2905472061434,15.058620689655173
2025-01-16 10:00:00+01:00,161.15,1332.6348201425467,50.01149425287357
2025-01-16 11:00:00+01:00,135.6,1233.7175963793884,50.01379310344828
2025-01-16 12:00:00+01:00,100.21666666666667,1187.0066851578972,36.13793103448276
2025-01-16 13:00:00+01:00,103.16666666666667,1167.772780537283,50.13333333333333
2025-01-16 14:00:00+01:00,107.01666666666667,1167.772780537283,23.4816091954023
2025-01-16 15:00:00+01:00,194.83333333333334,1203.4928891184236,17.736781609195404
2025-01-16 16:00:00+01:00,141.43333333333334,1263.9423036403534,2.954022988505747
2025-01-16 17:00:00+01:00,134.71666666666667,1324.3917181622833,0.0
2025-01-16 18:00:00+01:00,172.7,1406.8227379649152,0.0
2025-01-16 19:00:00+01:00,230.01666666666668,1442.5428465460552,0.0
2025-01-16 20:00:00+01:00,125.1,1445.2905472061434,0.0
2025-01-16 21:00:00+01:00,118.0,1373.8503300438626,0.0
2025-01-16 22:00:00+01:00,95.23333333333333,1181.5112838377215,0.0
2025-01-16 23:00:00+01:00,99.4,791.3377901052648,0.0
2025-01-17 00:00:00+01:00,98.55,593.5033425789486,0.0
2025-01-17 01:00:00+01:00,99.25,733.6490588649193,0.0
2025-01-17 02:00:00+01:00,100.08333333333333,791.4907257617472,0.0
2025-01-17 03:00:00+01:00,106.41666666666667,820.933579495044,0.0
2025-01-17 04:00:00+01:00,95.33333333333333,885.9241545384016,0.0
2025-01-17 05:00:00+01:00,96.81666666666666,1084.3164362497039,0.0
2025-01-17 06:00:00+01:00,93.6,1563.194357621813,0.0
2025-01-17 07:00:00+01:00,78.53333333333333,1966.8200342068767,0.0
2025-01-17 08:00:00+01:00,93.23333333333333,1847.100553863849,3.709195402298851
2025-01-17 09:00:00+01:00,163.71666666666667,1761.5866393331153,125.11839080459771
2025-01-17 10:00:00+01:00,133.53333333333333,1676.0727248023811,172.27011494252875
2025-01-17 11:00:00+01:00,92.66666666666667,1587.1382536904182,212.00919540229884
2025-01-17 12:00:00+01:00,97.2,1532.4093483907486,136.23793103448276
2025-01-17 13:00:00+01:00,97.23333333333333,1501.6243391596847,78.65402298850576
2025-01-17 14:00:00+01:00,116.76666666666667,1508.4654523221434,9.454022988505749
2025-01-17 15:00:00+01:00,213.15,1535.8299049719783,23.98850574712644
2025-01-17 16:00:00+01:00,144.35,1587.1382536904182,3.8091954022988506
2025-01-17 17:00:00+01:00,150.13333333333333,1652.1288287337761,0.0
2025-01-17 18:00:00+01:00,152.01666666666668,1717.1194037771336,0.0
2025-01-17 19:00:00+01:00,224.68333333333334,1734.2221866832806,0.0
2025-01-17 20:00:00+01:00,125.51666666666667,1727.381073520822,0.0
2025-01-17 21:00:00+01:00,106.28333333333333,1645.2877155713174,0.0
2025-01-17 22:00:00+01:00,102.03333333333333,1453.7365470224738,0.0
2025-01-17 23:00:00+01:00,94.28333333333333,1026.1669743688049,0.0
2025-01-18 00:00:00+01:00,98.25,820.933579495044,0.0
2025-01-18 01:00:00+01:00,94.6,957.6173959892697,0.0
2025-01-18 02:00:00+01:00,94.71666666666667,1151.1086062389777,0.0
2025-01-18 03:00:00+01:00,102.36666666666666,1221.8448819726646,0.0
2025-01-18 04:00:00+01:00,94.53333333333333,1293.9833251887633,0.0
2025-01-18 05:00:00+01:00,96.78333333333333,1523.924612940076,0.0
2025-01-18 06:00:00+01:00,95.3,1979.2985357416972,0.0
2025-01-18 07:00:00+01:00,97.3,2457.2157220483477,0.0
2025-01-18 08:00:00+01:00,97.21666666666667,2294.9042248121273,31.01954022988506
2025-01-18 09:00:00+01:00,139.85,2263.343655905084,164.64482758620687
2025-01-18 10:00:00+01:00,132.65,2191.2052126889857,343.6574712643678
2025-01-18 11:00:00+01:00,97.78333333333333,2110.0494640708757,657.1471264367816
2025-01-18 12:00:00+01:00,79.16666666666667,2019.8764100507522,683.5356321839081
2025-01-18 13:00:00+01:00,92.31666666666666,1988.3158411437091,657.5689655172414
2025-01-18 14:00:00+01:00,119.48333333333333,1979.2985357416972,523.4885057471264
2025-01-18 15:00:00+01:00,167.86666666666667,2037.9110208547768,292.7068965517241
2025-01-18 16:00:00+01:00,135.21666666666667,2082.9975478648385,42.00919540229885
2025-01-18 17:00:00+01:00,145.6,2182.1879072869733,0.0
2025-01-18 18:00:00+01:00,169.13333333333333,2209.2398234930106,0.0
2025-01-18 19:00:00+01:00,247.61666666666667,2218.2571288950226,0.0
2025-01-18 20:00:00+01:00,127.16666666666667,2182.1879072869733,0.0
2025-01-18 21:00:00+01:00,122.8,2082.9975478648385,0.0
2025-01-18 22:00:00+01:00,103.73333333333333,1844.0389547115126,0.0
2025-01-18 23:00:00+01:00,96.45,1397.6823373119046,0.0
2025-01-19 00:00:00+01:00,90.83333333333333,1194.7929657666282,0.0
2025-01-19 01:00:00+01:00,93.16666666666667,1261.0023523375792,0.0
2025-01-19 02:00:00+01:00,94.55,1321.605531965,0.0
2025-01-19 03:00:00+01:00,90.21666666666667,1368.8191214797469,0.0
2025-01-19 04:00:00+01:00,99.56666666666666,1449.6350105708023,0.0
2025-01-19 05:00:00+01:00,94.26666666666667,1707.2356570485406,0.0
2025-01-19 06:00:00+01:00,92.41666666666667,2217.3859569358265,0.0
2025-01-19 07:00:00+01:00,94.55,2752.7912221640668,0.0
2025-01-19 08:00:00+01:00,95.95,2570.955471709193,13.794252873563218
2025-01-19 09:00:00+01:00,94.2,2535.598520231856,174.45402298850573
2025-01-19 10:00:00+01:00,566.7333333333333,2454.7826311408007,470.4022988505747
2025-01-19 11:00:00+01:00,101.26666666666667,2363.8647559133638,594.096551724138
2025-01-19 12:00:00+01:00,95.76666666666667,2262.8448945495447,680.2942528735632
2025-01-19 13:00:00+01:00,215.31666666666666,2227.4879430722085,601.8482758620689
2025-01-19 14:00:00+01:00,130.18333333333334,2217.3859569358265,480.64022988505747
2025-01-19 15:00:00+01:00,170.35,2283.0488668223074,218.80574712643678
2025-01-19 16:00:00+01:00,763.3666666666667,2333.5587975042185,37.66206896551724
2025-01-19 17:00:00+01:00,784.5166666666667,2444.6806450044187,0.1781609195402299
2025-01-19 18:00:00+01:00,162.28333333333333,2474.986603413565,0.0
2025-01-19 19:00:00+01:00,211.58333333333334,2485.0885895499464,0.0
2025-01-19 20:00:00+01:00,120.25,2444.6806450044187,0.0
2025-01-19 21:00:00+01:00,122.05,2333.5587975042185,0.0
2025-01-19 22:00:00+01:00,97.36666666666666,2065.856164890098,0.0
2025-01-19 23:00:00+01:00,96.73333333333333,1565.8078511391939,0.0
2025-01-20 00:00:00+01:00,97.11666666666666,1338.5131630706014,0.0
2025-01-20 01:00:00+01:00,97.08333333333333,1425.3734203970005,0.0
2025-01-20 02:00:00+01:00,101.71666666666667,1549.96272075285,0.0
2025-01-20 03:00:00+01:00,93.91666666666667,1602.1877513133682,0.0
2025-01-20 04:00:00+01:00,93.4,1635.8000817605016,0.0
2025-01-20 05:00:00+01:00,94.28333333333333,1731.0350180273801,0.0
2025-01-20 06:00:00+01:00,96.46666666666667,2117.576818169416,0.0
2025-01-20 07:00:00+01:00,94.33333333333333,3372.437154862404,0.0
2025-01-20 08:00:00+01:00,92.68333333333334,3002.7015199439347,39.89540229885058
2025-01-20 09:00:00+01:00,91.06666666666666,2868.2521981554,308.43448275862073
2025-01-20 10:00:00+01:00,179.68333333333334,2722.5987662178213,523.6896551724137
2025-01-20 11:00:00+01:00,92.53333333333333,2649.7720502490315,642.0264367816092
2025-01-20 12:00:00+01:00,92.63333333333334,2459.302177715275,687.3885057471265
2025-01-20 13:00:00+01:00,104.93333333333334,2380.873406671963,643.9988505747127
2025-01-20 14:00:00+01:00,907.4166666666666,2375.2713515974406,532.5620689655173
2025-01-20 15:00:00+01:00,110.6,2364.0672414483956,323.9655172413793
2025-01-20 16:00:00+01:00,139.35,2498.5165632369303,49.42643678160919
2025-01-20 17:00:00+01:00,146.66666666666666,2672.180270547121,0.4551724137931034
2025-01-20 18:00:00+01:00,156.9,2733.802876366866,0.0
2025-01-20 19:00:00+01:00,210.15,2677.782325621643,0.0
2025-01-20 20:00:00+01:00,125.48333333333333,2660.9761603980764,0.0
2025-01-20 21:00:00+01:00,124.8,2604.9556096528536,0.0
2025-01-20 22:00:00+01:00,99.46666666666667,2369.669296522918,0.0
2025-01-20 23:00:00+01:00,94.85,1865.4843398159146,0.0
2025-01-21 00:00:00+01:00,92.86666666666666,1557.37131071719,0.0
2025-01-21 01:00:00+01:00,93.9,1555.5186869604124,0.0
2025-01-21 02:00:00+01:00,93.78333333333333,1556.9012204356789,0.0
2025-01-21 03:00:00+01:00,89.81666666666666,1607.5577131423036,0.0
2025-01-21 04:00:00+01:00,93.55,1641.2827001313028,0.0
2025-01-21 05:00:00+01:00,92.15,1736.8368299334682,0.0
2025-01-21 06:00:00+01:00,92.31666666666666,2124.674180306961,0.0
2025-01-21 07:00:00+01:00,93.2,3383.7403612296034,0.0
2025-01-21 08:00:00+01:00,91.68333333333334,3012.765504350611,29.8
2025-01-21 09:00:00+01:00,121.65,2877.8655563946136,258.71264367816093
2025-01-21 10:00:00+01:00,169.65,2731.723946108949,475.6919540229885
2025-01-21 11:00:00+01:00,95.8,2658.6531409661175,588.7011494252873
2025-01-21 12:00:00+01:00,95.96666666666667,2467.544881361788,666.9310344827586
2025-01-21 13:00:00+01:00,209.03333333333333,2388.853245054123,623.6218390804598
2025-01-21 14:00:00+01:00,106.01666666666667,2383.232413889289,514.1655172413792
2025-01-21 15:00:00+01:00,187.11666666666667,2371.990751559623,329.9011494252874
2025-01-21 16:00:00+01:00,183.58333333333334,2506.8906995156203,60.798850574712645
2025-01-21 17:00:00+01:00,141.13333333333333,2681.13646562545,0.5885057471264368
2025-01-21 18:00:00+01:00,150.0,2742.9656084386156,0.0
2025-01-21 19:00:00+01:00,230.3,2686.757296790284,0.0
2025-01-21 20:00:00+01:00,125.43333333333334,2669.8948032957837,0.0
2025-01-21 21:00:00+01:00,122.05,2613.6864916474515,0.0
2025-01-21 22:00:00+01:00,97.01666666666667,2377.6115827244557,0.0
2025-01-21 23:00:00+01:00,95.66666666666667,1871.7367778894654,0.0
2025-01-22 00:00:00+01:00,95.61666666666666,1562.5910638236378,0.0
2025-01-22 01:00:00+01:00,97.9,1412.1310073244777,0.0
2025-01-22 02:00:00+01:00,98.98333333333333,1426.8757794074963,0.0
2025-01-22 03:00:00+01:00,103.63333333333334,1475.222817461849,0.0
2025-01-22 04:00:00+01:00,94.0,1562.3208435850574,0.0
2025-01-22 05:00:00+01:00,86.0,1839.9458018527853,0.0
2025-01-22 06:00:00+01:00,92.7,2389.7520917555416,0.0
2025-01-22 07:00:00+01:00,91.83333333333333,2966.7765148217995,0.0
2025-01-22 08:00:00+01:00,90.75,2770.8059560445795,34.62068965517241
2025-01-22 09:00:00+01:00,92.51666666666667,2732.7005696156757,289.7931034482759
2025-01-22 10:00:00+01:00,185.48333333333332,2645.602543492467,442.1655172413793
2025-01-22 11:00:00+01:00,97.33333333333333,2547.6172641038575,476.2149425287356
2025-01-22 12:00:00+01:00,100.58333333333333,2438.7447314498463,567.6586206896552
2025-01-22 13:00:00+01:00,95.98333333333333,2400.6393450209425,475.03563218390804
2025-01-22 14:00:00+01:00,163.51666666666668,2389.7520917555416,361.8045977011495
2025-01-22 15:00:00+01:00,129.58333333333334,2460.519237980648,155.21609195402297
2025-01-22 16:00:00+01:00,181.83333333333334,2514.9555043076534,24.702298850574714
2025-01-22 17:00:00+01:00,148.11666666666667,2634.715290227066,0.1413793103448276
2025-01-22 18:00:00+01:00,156.81666666666666,2667.377050023269,0.0
2025-01-22 19:00:00+01:00,285.4,2678.2643032886704,0.0
2025-01-22 20:00:00+01:00,114.4,2634.715290227066,0.0
2025-01-22 21:00:00+01:00,110.68333333333334,2514.9555043076534,0.0
2025-01-22 22:00:00+01:00,101.65,2226.4432927745247,0.0
2025-01-22 23:00:00+01:00,100.7,1687.5242561371701,0.0
2025-01-23 00:00:00+01:00,95.65,1442.5610576656456,0.0
2025-01-23 01:00:00+01:00,105.5,1409.0805474024714,0.0
2025-01-23 02:00:00+01:00,93.68333333333334,1440.2529543841558,0.0
2025-01-23 03:00:00+01:00,100.25,1489.9208353664194,0.0
2025-01-23 04:00:00+01:00,93.25,1577.8866411445103,0.0
2025-01-23 05:00:00+01:00,94.23333333333333,1858.2776470621761,0.0
2025-01-23 06:00:00+01:00,91.76666666666667,2413.5617960363766,0.0
2025-01-23 07:00:00+01:00,91.7,2996.3352593162313,0.0
2025-01-23 08:00:00+01:00,89.85,2798.4121963155258,7.659770114942529
2025-01-23 09:00:00+01:00,87.65,2759.9271562876106,36.93218390804598
2025-01-23 10:00:00+01:00,406.15,2671.9613505095194,98.10689655172413
2025-01-23 11:00:00+01:00,94.91666666666667,2572.999819009167,101.73218390804598
2025-01-23 12:00:00+01:00,93.7,2463.0425617865535,155.88505747126436
2025-01-23 13:00:00+01:00,103.66666666666667,2424.5575217586384,139.19655172413792
2025-01-23 14:00:00+01:00,167.76666666666668,2413.5617960363766,151.7287356321839
2025-01-23 15:00:00+01:00,137.05,2485.0340132310757,56.666666666666664
2025-01-23 16:00:00+01:00,138.93333333333334,2540.012641842383,10.462068965517242
2025-01-23 17:00:00+01:00,142.3,2660.9656247872585,0.35172413793103446
2025-01-23 18:00:00+01:00,149.98333333333332,2693.952801954042,0.0
2025-01-23 19:00:00+01:00,203.65,2704.948527676304,0.0
2025-01-23 20:00:00+01:00,119.95,2660.9656247872585,0.0
2025-01-23 21:00:00+01:00,122.86666666666666,2540.012641842383,0.0
2025-01-23 22:00:00+01:00,98.83333333333333,2248.625910202456,0.0
2025-01-23 23:00:00+01:00,98.65,1704.3374869505167,0.0
2025-01-24 00:00:00+01:00,96.38333333333334,1456.9336581996351,0.0
2025-01-24 01:00:00+01:00,96.68333333333334,1406.190858004739,0.0
2025-01-24 02:00:00+01:00,96.03333333333333,1430.9764234939105,0.0
2025-01-24 03:00:00+01:00,101.0,1479.9986886716958,0.0
2025-01-24 04:00:00+01:00,90.21666666666667,1567.3786850508368,0.0
2025-01-24 05:00:00+01:00,80.86666666666666,1845.9024235093477,0.0
2025-01-24 06:00:00+01:00,90.58333333333333,2397.488650652674,0.0
2025-01-24 07:00:00+01:00,88.41666666666667,2976.381126664481,0.0
2025-01-24 08:00:00+01:00,91.38333333333334,2779.7761348114145,4.348275862068965
2025-01-24 09:00:00+01:00,91.58333333333333,2741.5473863955403,50.279310344827586
2025-01-24 10:00:00+01:00,533.65,2654.167390016399,66.81149425287357
2025-01-24 11:00:00+01:00,99.75,2555.8648940898665,113.15172413793104
2025-01-24 12:00:00+01:00,95.98333333333333,2446.6398986159406,257.5655172413793
2025-01-24 13:00:00+01:00,94.86666666666666,2408.4111502000665,268.90459770114944
2025-01-24 14:00:00+01:00,107.9,2397.488650652674,287.8183908045977
2025-01-24 15:00:00+01:00,171.1,2468.4848977107254,151.21724137931037
2025-01-24 16:00:00+01:00,139.41666666666666,2523.097395447688,21.377011494252873
2025-01-24 17:00:00+01:00,141.73333333333332,2643.2448904690073,0.04482758620689655
2025-01-24 18:00:00+01:00,225.18333333333334,2676.0123891111853,0.0
2025-01-24 19:00:00+01:00,224.11666666666667,2686.934888658577,0.0
2025-01-24 20:00:00+01:00,120.46666666666667,2643.2448904690073,0.0
2025-01-24 21:00:00+01:00,114.26666666666667,2523.097395447688,0.0
2025-01-24 22:00:00+01:00,90.11666666666666,2233.6511574417846,0.0
2025-01-24 23:00:00+01:00,94.68333333333334,1692.9874298458517,0.0
2025-01-25 00:00:00+01:00,92.6,1447.2311900295183,0.0
2025-01-25 01:00:00+01:00,96.58333333333333,1342.0080144311623,0.0
2025-01-25 02:00:00+01:00,99.08333333333333,1343.4142170942557,0.0
2025-01-25 03:00:00+01:00,108.35,1388.255972374222,0.0
2025-01-25 04:00:00+01:00,94.78333333333333,1470.2194246177185,0.0
2025-01-25 05:00:00+01:00,95.93333333333334,1731.4779286438634,0.0
2025-01-25 06:00:00+01:00,92.66666666666667,2248.8722209309353,0.0
2025-01-25 07:00:00+01:00,93.26666666666667,2791.8800920440995,0.0
2025-01-25 08:00:00+01:00,90.93333333333334,2607.4623244962327,0.4574712643678161
2025-01-25 09:00:00+01:00,91.36666666666666,2571.603314139703,12.535632183908046
2025-01-25 10:00:00+01:00,554.5666666666667,2489.6398618962057,31.620689655172416
2025-01-25 11:00:00+01:00,100.18333333333334,2397.4309781222723,53.05632183908046
2025-01-25 12:00:00+01:00,104.86666666666666,2294.976662817902,139.8287356321839
2025-01-25 13:00:00+01:00,95.85,2259.1176524613725,218.98620689655172
2025-01-25 14:00:00+01:00,95.65,2248.8722209309353,132.52183908045976
2025-01-25 15:00:00+01:00,194.23333333333332,2315.4675258787756,33.42183908045977
2025-01-25 16:00:00+01:00,142.0,2366.6946835309614,5.0793103448275865
2025-01-25 17:00:00+01:00,148.86666666666667,2479.394430365769,0.0
2025-01-25 18:00:00+01:00,151.9,2510.13072495708,0.0
2025-01-25 19:00:00+01:00,229.65,2520.3761564875167,0.0
2025-01-25 20:00:00+01:00,121.36666666666666,2479.394430365769,0.0
2025-01-25 21:00:00+01:00,121.3,2366.6946835309614,0.0
2025-01-25 22:00:00+01:00,96.65,2095.190747974379,0.0
2025-01-25 23:00:00+01:00,92.46666666666667,1588.0418872177445,0.0
2025-01-26 00:00:00+01:00,94.53333333333333,1357.5196777829105,0.0
2025-01-26 01:00:00+01:00,92.96666666666667,861.1282662319271,0.0
2025-01-26 02:00:00+01:00,91.93333333333334,750.0489111117258,0.0
2025-01-26 03:00:00+01:00,97.95,769.0386592501995,0.0
2025-01-26 04:00:00+01:00,86.71666666666667,829.9208864408405,0.0
2025-01-26 05:00:00+01:00,95.0,1015.7718957596387,0.0
2025-01-26 06:00:00+01:00,95.83333333333333,1464.3777803222551,0.0
2025-01-26 07:00:00+01:00,96.98333333333333,1842.4884544536033,0.0
2025-01-26 08:00:00+01:00,96.93333333333334,1730.3369833129493,0.5183908045977011
2025-01-26 09:00:00+01:00,347.2,1650.2287896410533,9.613793103448275
2025-01-26 10:00:00+01:00,285.31666666666666,1570.1205959691579,15.220689655172414
2025-01-26 11:00:00+01:00,98.88333333333334,1486.8080745503858,28.208045977011498
2025-01-26 12:00:00+01:00,100.83333333333333,1435.5388306003724,33.790804597701154
2025-01-26 13:00:00+01:00,91.86666666666666,1406.69988087849,29.967816091954024
2025-01-26 14:00:00+01:00,120.83333333333333,1413.108536372242,27.383908045977012
2025-01-26 15:00:00+01:00,180.15,1438.7431583472485,21.80689655172414
2025-01-26 16:00:00+01:00,142.06666666666666,1486.8080745503858,8.033333333333333
2025-01-26 17:00:00+01:00,146.25,1547.6903017410266,0.0
2025-01-26 18:00:00+01:00,147.78333333333333,1608.5725289316676,0.0
2025-01-26 19:00:00+01:00,225.3,1624.5941676660468,0.0
2025-01-26 20:00:00+01:00,120.66666666666667,1618.1855121722951,0.0
2025-01-26 21:00:00+01:00,125.06666666666666,1541.281646247275,0.0
2025-01-26 22:00:00+01:00,96.9,1361.8392924222287,0.0
2025-01-26 23:00:00+01:00,99.8,961.2983240627495,0.0
2025-01-27 00:00:00+01:00,95.38333333333334,769.0386592501995,0.0
2025-01-27 01:00:00+01:00,93.05,716.1650547772946,0.0
2025-01-27 02:00:00+01:00,93.41666666666667,727.6932164981821,0.0
2025-01-27 03:00:00+01:00,101.2,752.5664463295985,0.0
2025-01-27 04:00:00+01:00,93.11666666666666,812.1446233306917,0.0
2025-01-27 05:00:00+01:00,94.16666666666667,994.0148478603447,0.0
2025-01-27 06:00:00+01:00,95.75,1433.0119415526106,0.0
2025-01-27 07:00:00+01:00,94.0,1803.0237776646632,0.0
2025-01-27 08:00:00+01:00,92.86666666666666,1693.2745042415963,10.618390804597702
2025-01-27 09:00:00+01:00,92.45,1614.8821660822637,115.34712643678161
2025-01-27 10:00:00+01:00,602.5166666666667,1536.4898279229303,70.19080459770115
2025-01-27 11:00:00+01:00,88.93333333333334,1454.9617962372236,139.53103448275863
2025-01-27 12:00:00+01:00,101.6,1404.7906998152507,230.0241379310345
2025-01-27 13:00:00+01:00,190.9,1376.5694580778907,139.64597701149427
2025-01-27 14:00:00+01:00,218.68333333333334,1382.8408451306373,79.46781609195403
2025-01-27 15:00:00+01:00,373.93333333333334,1407.926393341624,55.20919540229885
2025-01-27 16:00:00+01:00,153.15,1454.9617962372236,22.919540229885058
2025-01-27 17:00:00+01:00,169.01666666666668,1514.5399732383173,0.24942528735632183
2025-01-27 18:00:00+01:00,150.91666666666666,1574.1181502394102,0.0
2025-01-27 19:00:00+01:00,196.23333333333332,1589.7966178712772,0.0
2025-01-27 20:00:00+01:00,125.23333333333333,1583.5252308185304,0.0
2025-01-27 21:00:00+01:00,121.63333333333334,1508.2685861855705,0.0
2025-01-27 22:00:00+01:00,93.33333333333333,1332.669748708664,0.0
2025-01-27 23:00:00+01:00,94.18333333333334,940.7080579119979,0.0
2025-01-28 00:00:00+01:00,77.06666666666666,752.5664463295985,0.0
2025-01-28 01:00:00+01:00,93.36666666666666,833.2989029329798,0.0
2025-01-28 02:00:00+01:00,98.2,896.7395346676727,0.0
2025-01-28 03:00:00+01:00,106.21666666666667,929.9675482906986,0.0
2025-01-28 04:00:00+01:00,96.88333333333334,1003.5899791970455,0.0
2025-01-28 05:00:00+01:00,97.71666666666667,1228.3321367006313,0.0
2025-01-28 06:00:00+01:00,95.55,1770.813206536872,0.0
2025-01-28 07:00:00+01:00,95.76666666666667,2228.0472511131325,0.0
2025-01-28 08:00:00+01:00,97.81666666666666,2092.426983654072,5.604597701149426
2025-01-28 09:00:00+01:00,277.96666666666664,1995.5553640404576,31.448275862068964
2025-01-28 10:00:00+01:00,421.2,1898.6837444268428,44.729885057471265
2025-01-28 11:00:00+01:00,92.0,1797.9372600286838,85.72988505747126
2025-01-28 12:00:00+01:00,93.71666666666667,1735.9394234759707,62.632183908045974
2025-01-28 13:00:00+01:00,108.01666666666667,1701.0656404150698,86.16551724137932
2025-01-28 14:00:00+01:00,144.06666666666666,1708.815369984159,22.088505747126437
2025-01-28 15:00:00+01:00,210.01666666666668,1739.8142882605155,19.25057471264368
2025-01-28 16:00:00+01:00,136.53333333333333,1797.9372600286838,4.652873563218391
2025-01-28 17:00:00+01:00,169.1,1871.559690935031,0.07586206896551723
2025-01-28 18:00:00+01:00,153.23333333333332,1945.1821218413781,0.0
2025-01-28 19:00:00+01:00,165.65,1964.556445764101,0.0
2025-01-28 20:00:00+01:00,197.45,1956.8067161950119,0.0
2025-01-28 21:00:00+01:00,120.78333333333333,1863.8099613659417,0.0
2025-01-28 22:00:00+01:00,104.38333333333334,1646.8175334314458,0.0
2025-01-28 23:00:00+01:00,93.25,1162.4594353633736,0.0
2025-01-29 00:00:00+01:00,95.78333333333333,929.9675482906986,0.0
2025-01-29 01:00:00+01:00,101.96666666666667,946.670375571683,0.0
2025-01-29 02:00:00+01:00,98.21666666666667,992.2412555985969,0.0
2025-01-29 03:00:00+01:00,105.7,1027.7209181931287,0.0
2025-01-29 04:00:00+01:00,97.03333333333333,1109.0821575500847,0.0
2025-01-29 05:00:00+01:00,93.16666666666667,1357.448046113424,0.0
2025-01-29 06:00:00+01:00,78.0,1956.9519150594158,0.0
2025-01-29 07:00:00+01:00,92.18333333333334,2462.248033171037,0.0
2025-01-29 08:00:00+01:00,92.63333333333334,2312.372065934539,13.616091954022988
2025-01-29 09:00:00+01:00,300.01666666666665,2205.317803622755,57.52298850574712
2025-01-29 10:00:00+01:00,331.6166666666667,2098.2635413109715,67.37931034482759
2025-01-29 11:00:00+01:00,101.48333333333333,1986.927108506715,146.40689655172412
2025-01-29 12:00:00+01:00,94.96666666666667,1918.4123806271734,423.3770114942529
2025-01-29 13:00:00+01:00,103.68333333333334,1879.872846194931,384.96321839080457
2025-01-29 14:00:00+01:00,111.01666666666667,1888.4371871798737,115.14137931034482
2025-01-29 15:00:00+01:00,178.11666666666667,1922.6945511196443,213.4080459770115
2025-01-29 16:00:00+01:00,142.95,1986.927108506715,14.773563218390803
2025-01-29 17:00:00+01:00,507.3833333333333,2068.2883478636713,0.9551724137931035
2025-01-29 18:00:00+01:00,1053.0666666666666,2149.649587220627,0.0
2025-01-29 19:00:00+01:00,169.23333333333332,2171.060439682984,0.0
2025-01-29 20:00:00+01:00,198.88333333333333,2162.496098698042,0.0
2025-01-29 21:00:00+01:00,122.25,2059.7240068787282,0.0
2025-01-29 22:00:00+01:00,105.55,1819.922459300332,0.0
2025-01-29 23:00:00+01:00,98.38333333333334,1284.6511477414106,0.0
2025-01-30 00:00:00+01:00,98.96666666666667,1027.7209181931287,0.0
2025-01-30 01:00:00+01:00,92.71666666666667,996.6546862864227,0.0
2025-01-30 02:00:00+01:00,93.63333333333334,1027.8006478794316,0.0
2025-01-30 03:00:00+01:00,101.51666666666667,1063.7152067073064,0.0
2025-01-30 04:00:00+01:00,92.05,1147.9259939049682,0.0
2025-01-30 05:00:00+01:00,95.55,1404.9905021925672,0.0
2025-01-30 06:00:00+01:00,91.81666666666666,2025.4910394384963,0.0
2025-01-30 07:00:00+01:00,92.41666666666667,2548.484349402922,0.0
2025-01-30 08:00:00+01:00,95.1,2393.3592150914396,18.54942528735632
2025-01-30 09:00:00+01:00,97.48333333333333,2282.555547726095,78.14827586206896
2025-01-30 10:00:00+01:00,565.75,2171.7518803607504,142.0919540229885
2025-01-30 11:00:00+01:00,98.81666666666666,2056.5160663007928,177.08965517241379
2025-01-30 12:00:00+01:00,83.73333333333333,1985.601719186972,127.73563218390805
2025-01-30 13:00:00+01:00,89.98333333333333,1945.7123989354482,69.91379310344828
2025-01-30 14:00:00+01:00,144.81666666666666,1954.5766923246758,92.46436781609195
2025-01-30 15:00:00+01:00,132.11666666666667,1990.0338658815858,38.61724137931034
2025-01-30 16:00:00+01:00,141.15,2056.5160663007928,9.763218390804598
2025-01-30 17:00:00+01:00,141.95,2140.7268534984546,0.42528735632183906
2025-01-30 18:00:00+01:00,149.21666666666667,2224.9376406961164,0.0
2025-01-30 19:00:00+01:00,198.91666666666666,2247.098374169185,0.0
2025-01-30 20:00:00+01:00,125.48333333333333,2238.2340807799574,0.0
2025-01-30 21:00:00+01:00,118.61666666666666,2131.8625601092263,0.0
2025-01-30 22:00:00+01:00,94.95,1883.6623452108552,0.0
2025-01-30 23:00:00+01:00,92.01666666666667,1329.644008384133,0.0
2025-01-31 00:00:00+01:00,84.13333333333334,1063.7152067073064,0.0
2025-01-31 01:00:00+01:00,86.81666666666666,985.7063185544445,0.0
2025-01-31 02:00:00+01:00,92.98333333333333,999.6158867711814,0.0
2025-01-31 03:00:00+01:00,100.25,1033.6802675976073,0.0
2025-01-31 04:00:00+01:00,97.18333333333334,1115.513288782418,0.0
2025-01-31 05:00:00+01:00,95.36666666666666,1365.3193534518398,0.0
2025-01-31 06:00:00+01:00,97.56666666666666,1968.299509550444,0.0
2025-01-31 07:00:00+01:00,99.05,2476.525641119268,0.0
2025-01-31 08:00:00+01:00,96.6,2325.7806020946164,73.5
2025-01-31 09:00:00+01:00,98.53333333333333,2218.1055742198655,293.6471264367816
2025-01-31 10:00:00+01:00,190.26666666666668,2110.430546345115,376.62528735632185
2025-01-31 11:00:00+01:00,98.08333333333333,1998.4485173553744,556.4091954022988
2025-01-31 12:00:00+01:00,90.05,1929.5364995155335,480.3816091954023
2025-01-31 13:00:00+01:00,92.88333333333334,1890.7734894806233,461.0735632183908
2025-01-31 14:00:00+01:00,146.53333333333333,1899.3874917106036,142.78620689655173
2025-01-31 15:00:00+01:00,140.68333333333334,1933.8435006305242,74.5816091954023
2025-01-31 16:00:00+01:00,126.01666666666667,1998.4485173553744,28.964367816091954
2025-01-31 17:00:00+01:00,176.6,2080.2815385401846,0.935632183908046
2025-01-31 18:00:00+01:00,252.21666666666667,2162.114559724995,0.0
2025-01-31 19:00:00+01:00,114.81666666666666,2183.6495652999456,0.0
2025-01-31 20:00:00+01:00,123.0,2175.035563069966,0.0
2025-01-31 21:00:00+01:00,116.3,2071.6675363102045,0.0
2025-01-31 22:00:00+01:00,92.78333333333333,1830.4754738707632,0.0
2025-01-31 23:00:00+01:00,92.36666666666666,1292.1003344970093,0.0
2025-02-01 00:00:00+01:00,93.53333333333333,1033.6802675976073,0.0
2025-02-01 01:00:00+01:00,96.65,954.2857126557793,0.0
2025-02-01 02:00:00+01:00,98.15,966.3498731072755,0.0
2025-02-01 03:00:00+01:00,105.73333333333333,999.2072648601132,0.0
2025-02-01 04:00:00+01:00,98.71666666666667,1078.3111733282055,0.0
2025-02-01 05:00:00+01:00,94.76666666666667,1319.786262336066,0.0
2025-02-01 06:00:00+01:00,89.85,1902.6571668377987,0.0
2025-02-01 07:00:00+01:00,79.3,2393.934072060688,0.0
2025-02-01 08:00:00+01:00,92.76666666666667,2248.216345935255,0.5367816091954024
2025-02-01 09:00:00+01:00,118.85,2144.1322558456595,14.659770114942528
2025-02-01 10:00:00+01:00,197.83333333333334,2040.0481657560645,42.25632183908046
2025-02-01 11:00:00+01:00,104.51666666666667,1931.8007120628856,97.84597701149424
2025-02-01 12:00:00+01:00,96.35,1865.1868944055445,323.8551724137931
2025-02-01 13:00:00+01:00,96.81666666666666,1827.7166219732903,505.8149425287356
2025-02-01 14:00:00+01:00,102.61666666666666,1836.0433491804579,573.932183908046
2025-02-01 15:00:00+01:00,166.1,1869.3502580091285,302.8919540229885
2025-02-01 16:00:00+01:00,135.85,1931.8007120628856,93.19655172413793
2025-02-01 17:00:00+01:00,140.96666666666667,2010.9046205309783,1.8195402298850574
2025-02-01 18:00:00+01:00,145.06666666666666,2090.0085289990698,0.0
2025-02-01 19:00:00+01:00,241.53333333333333,2110.825347016989,0.0
2025-02-01 20:00:00+01:00,130.7,2102.4986198098213,0.0
2025-02-01 21:00:00+01:00,123.5,2002.57789332381,0.0
2025-02-01 22:00:00+01:00,91.66666666666667,1769.4295315231172,0.0
2025-02-01 23:00:00+01:00,97.13333333333334,1249.0090810751412,0.0
2025-02-02 00:00:00+01:00,95.53333333333333,999.2072648601132,0.0
2025-02-02 01:00:00+01:00,93.95,970.2575290072521,0.0
2025-02-02 02:00:00+01:00,92.36666666666666,1001.0461664394079,0.0
2025-02-02 03:00:00+01:00,101.36666666666666,1036.049887120534,0.0
2025-02-02 04:00:00+01:00,97.35,1118.070503184243,0.0
2025-02-02 05:00:00+01:00,97.16666666666667,1368.449225905039,0.0
2025-02-02 06:00:00+01:00,100.91666666666667,1972.8116600586836,0.0
2025-02-02 07:00:00+01:00,96.21666666666667,2482.202854559613,0.0
2025-02-02 08:00:00+01:00,91.8,2331.112246021202,5.190804597701149
2025-02-02 09:00:00+01:00,92.26666666666667,2223.1903827794795,18.554022988505746
2025-02-02 10:00:00+01:00,212.36666666666667,2115.268519537757,28.81494252873563
2025-02-02 11:00:00+01:00,97.18333333333334,2003.029781766366,49.42413793103448
2025-02-02 12:00:00+01:00,234.68333333333334,1933.9597892916638,72.03563218390805
2025-02-02 13:00:00+01:00,251.51666666666668,1895.107918524644,60.12643678160919
2025-02-02 14:00:00+01:00,101.96666666666667,1903.7416675839813,36.58275862068966
2025-02-02 15:00:00+01:00,172.98333333333332,1938.2766638213327,22.66206896551724
2025-02-02 16:00:00+01:00,147.68333333333334,2003.029781766366,6.666666666666667
2025-02-02 17:00:00+01:00,145.0,2085.050397830075,0.3413793103448276
2025-02-02 18:00:00+01:00,150.63333333333333,2167.071013893784,0.0
2025-02-02 19:00:00+01:00,208.58333333333334,2188.655386542129,0.0
2025-02-02 20:00:00+01:00,120.35,2180.0216374827905,0.0
2025-02-02 21:00:00+01:00,116.96666666666667,2076.416648770737,0.0
2025-02-02 22:00:00+01:00,91.91666666666667,1834.6716751092795,0.0
2025-02-02 23:00:00+01:00,92.25,1295.0623589006675,0.0
2025-02-03 00:00:00+01:00,93.38333333333334,1036.049887120534,0.0
2025-02-03 01:00:00+01:00,94.01666666666667,974.2630206729024,0.0
2025-02-03 02:00:00+01:00,98.35,993.5712321698225,0.0
2025-02-03 03:00:00+01:00,107.75,1027.7209181931287,0.0
2025-02-03 04:00:00+01:00,96.0,1109.0821575500847,0.0
2025-02-03 05:00:00+01:00,93.28333333333333,1357.448046113424,0.0
2025-02-03 06:00:00+01:00,102.6,1956.9519150594158,0.0
2025-02-03 07:00:00+01:00,80.95,2462.248033171037,0.0
2025-02-03 08:00:00+01:00,94.41666666666667,2312.372065934539,2.5586206896551724
2025-02-03 09:00:00+01:00,92.65,2205.317803622755,21.533333333333335
2025-02-03 10:00:00+01:00,194.53333333333333,2098.2635413109715,61.16206896551724
2025-02-03 11:00:00+01:00,95.55,1986.927108506715,110.53218390804598
2025-02-03 12:00:00+01:00,91.88333333333334,1918.4123806271734,272.5551724137931
2025-02-03 13:00:00+01:00,129.06666666666666,1879.872846194931,457.0551724137931
2025-02-03 14:00:00+01:00,699.6,1888.4371871798737,137.9609195402299
2025-02-03 15:00:00+01:00,142.31666666666666,1922.6945511196443,93.32183908045977
2025-02-03 16:00:00+01:00,135.05,1986.927108506715,16.27471264367816
2025-02-03 17:00:00+01:00,141.68333333333334,2068.2883478636713,2.279310344827586
2025-02-03 18:00:00+01:00,145.75,2149.649587220627,0.0
2025-02-03 19:00:00+01:00,200.41666666666666,2171.060439682984,0.0
2025-02-03 20:00:00+01:00,127.71666666666667,2162.496098698042,0.0
2025-02-03 21:00:00+01:00,108.55,2059.7240068787282,0.0
2025-02-03 22:00:00+01:00,104.16666666666667,1819.922459300332,0.0
2025-02-03 23:00:00+01:00,95.25,1284.6511477414106,0.0
2025-02-04 00:00:00+01:00,93.63333333333334,1027.7209181931287,0.0
2025-02-04 01:00:00+01:00,95.33333333333333,934.0658256761724,0.0
2025-02-04 02:00:00+01:00,94.9,940.0244282428331,0.0
2025-02-04 03:00:00+01:00,103.15,971.6787558748316,0.0
2025-02-04 04:00:00+01:00,95.43333333333334,1048.603324048256,0.0
2025-02-04 05:00:00+01:00,95.73333333333333,1283.42569005134,0.0
2025-02-04 06:00:00+01:00,94.0,1850.2382976449917,0.0
2025-02-04 07:00:00+01:00,95.78333333333333,2327.9803526167843,0.2885057471264368
2025-02-04 08:00:00+01:00,98.06666666666666,2186.277200718371,65.3816091954023
2025-02-04 09:00:00+01:00,150.15,2085.0606636480766,366.56896551724134
2025-02-04 10:00:00+01:00,129.43333333333334,1983.8441265777813,508.74827586206897
2025-02-04 11:00:00+01:00,104.88333333333334,1878.5789280246743,403.61609195402303
2025-02-04 12:00:00+01:00,95.01666666666667,1813.8003442996858,306.6436781609196
2025-02-04 13:00:00+01:00,79.8,1777.3623909543796,245.88850574712646
2025-02-04 14:00:00+01:00,126.03333333333333,1785.459713920003,236.49425287356323
2025-02-04 15:00:00+01:00,179.6,1817.8490057824977,62.63103448275862
2025-02-04 16:00:00+01:00,150.85,1878.5789280246743,18.06896551724138
2025-02-04 17:00:00+01:00,192.75,1955.5034961980994,1.1620689655172414
2025-02-04 18:00:00+01:00,217.81666666666666,2032.4280643715226,0.0
2025-02-04 19:00:00+01:00,149.63333333333333,2052.6713717855823,0.0
2025-02-04 20:00:00+01:00,166.86666666666667,2044.574048819958,0.0
2025-02-04 21:00:00+01:00,123.35,1947.406173232475,0.0
2025-02-04 22:00:00+01:00,109.31666666666666,1720.6811301950147,0.0
2025-02-04 23:00:00+01:00,95.01666666666667,1214.5984448435395,0.0
2025-02-05 00:00:00+01:00,97.3,971.6787558748316,0.0
2025-02-05 01:00:00+01:00,98.26666666666667,841.1403193558433,0.0
2025-02-05 02:00:00+01:00,97.56666666666666,829.5545292315799,0.0
2025-02-05 03:00:00+01:00,100.71666666666667,856.5925874572985,0.0
2025-02-05 04:00:00+01:00,81.05,924.4061672976679,0.0
2025-02-05 05:00:00+01:00,91.71666666666667,1131.4160425998482,0.0
2025-02-05 06:00:00+01:00,93.81666666666666,1631.0950519499393,0.0
2025-02-05 07:00:00+01:00,93.43333333333334,2052.2530741164446,0.0
2025-02-05 08:00:00+01:00,94.15,1927.3333217789216,3.228735632183908
2025-02-05 09:00:00+01:00,94.81666666666666,1838.1049272521195,15.380459770114943
2025-02-05 10:00:00+01:00,528.4833333333333,1748.8765327253177,31.21264367816092
2025-02-05 11:00:00+01:00,97.9,1656.0790024174437,40.282758620689656
2025-02-05 12:00:00+01:00,100.03333333333333,1598.9728299202902,40.85747126436782
2025-02-05 13:00:00+01:00,99.6,1566.8506078906416,35.89885057471265
2025-02-05 14:00:00+01:00,157.25,1573.9888794527858,42.73448275862069
2025-02-05 15:00:00+01:00,177.85,1602.5419657013626,22.786206896551725
2025-02-05 16:00:00+01:00,147.93333333333334,1656.0790024174437,7.664367816091954
2025-02-05 17:00:00+01:00,144.05,1723.8925822578133,0.82183908045977
2025-02-05 18:00:00+01:00,206.73333333333332,1791.7061620981826,0.0
2025-02-05 19:00:00+01:00,230.33333333333334,1809.5518410035431,0.0
2025-02-05 20:00:00+01:00,113.03333333333333,1802.413569441399,0.0
2025-02-05 21:00:00+01:00,117.76666666666667,1716.754310695669,0.0
2025-02-05 22:00:00+01:00,93.41666666666667,1516.8827069556328,0.0
2025-02-05 23:00:00+01:00,93.65,1070.740734321623,0.0
2025-02-06 00:00:00+01:00,95.23333333333333,856.5925874572985,0.0
2025-02-06 01:00:00+01:00,93.41666666666667,803.5041256638799,0.0
2025-02-06 02:00:00+01:00,94.26666666666667,818.6673971519831,0.0
2025-02-06 03:00:00+01:00,103.15,846.7661308869014,0.0
2025-02-06 04:00:00+01:00,93.58333333333333,913.8017829154476,0.0
2025-02-06 05:00:00+01:00,96.51666666666667,1118.4369312131155,0.0
2025-02-06 06:00:00+01:00,94.75,1612.3838408971412,0.0
2025-02-06 07:00:00+01:00,93.43333333333334,2028.7105219165346,0.593103448275862
2025-02-06 08:00:00+01:00,94.46666666666667,1905.2237944955277,38.44942528735632
2025-02-06 09:00:00+01:00,80.66666666666667,1817.018989194809,129.47931034482758
2025-02-06 10:00:00+01:00,524.2833333333333,1728.81418389409,127.92413793103448
2025-02-06 11:00:00+01:00,97.91666666666667,1637.0811863813424,239.45402298850573
2025-02-06 12:00:00+01:00,98.68333333333334,1580.6301109888823,237.8103448275862
2025-02-06 13:00:00+01:00,105.71666666666667,1548.8763810806233,141.5068965517241
2025-02-06 14:00:00+01:00,178.66666666666666,1555.9327655046811,88.94827586206897
2025-02-06 15:00:00+01:00,136.3,1584.1583032009112,100.82413793103449
2025-02-06 16:00:00+01:00,200.11666666666667,1637.0811863813424,41.82183908045977
2025-02-06 17:00:00+01:00,202.16666666666666,1704.116838409889,1.6367816091954024
2025-02-06 18:00:00+01:00,184.46666666666667,1771.1524904384353,0.0
2025-02-06 19:00:00+01:00,212.51666666666668,1788.793451498579,0.0
2025-02-06 20:00:00+01:00,122.31666666666666,1781.7370670745215,0.0
2025-02-06 21:00:00+01:00,100.86666666666666,1697.0604539858314,0.0
2025-02-06 22:00:00+01:00,96.26666666666667,1499.481690112221,0.0
2025-02-06 23:00:00+01:00,94.98333333333333,1058.4576636086265,0.0
2025-02-07 00:00:00+01:00,91.61666666666666,846.7661308869014,0.0
2025-02-07 01:00:00+01:00,95.7,740.8858997310821,0.0
2025-02-07 02:00:00+01:00,94.13333333333334,734.3861972022786,0.0
2025-02-07 03:00:00+01:00,103.58333333333333,758.5287751708278,0.0
2025-02-07 04:00:00+01:00,94.6,818.5789698718515,0.0
2025-02-07 05:00:00+01:00,105.56666666666666,1001.8900905381347,0.0
2025-02-07 06:00:00+01:00,94.23333333333333,1444.365209387784,0.0
2025-02-07 07:00:00+01:00,94.68333333333334,1817.3085238467747,0.0
2025-02-07 08:00:00+01:00,95.21666666666667,1706.689744134362,9.10574712643678
2025-02-07 09:00:00+01:00,409.3,1627.6763300540674,44.93793103448276
2025-02-07 10:00:00+01:00,262.8333333333333,1548.6629159737734,80.67701149425287
2025-02-07 11:00:00+01:00,101.68333333333334,1466.4889653302666,60.66551724137931
2025-02-07 12:00:00+01:00,96.76666666666667,1415.9203803188782,242.4712643678161
2025-02-07 13:00:00+01:00,81.01666666666667,1387.4755512499723,346.79655172413794
2025-02-07 14:00:00+01:00,112.45,1393.7966243763958,276.0022988505747
2025-02-07 15:00:00+01:00,175.31666666666666,1419.08091688209,189.22988505747125
2025-02-07 16:00:00+01:00,128.93333333333334,1466.4889653302666,40.62068965517241
2025-02-07 17:00:00+01:00,866.3,1526.5391600312907,3.1873563218390806
2025-02-07 18:00:00+01:00,804.5666666666667,1586.5893547323144,0.0
2025-02-07 19:00:00+01:00,251.86666666666667,1602.3920375483733,0.0
2025-02-07 20:00:00+01:00,138.68333333333334,1596.07096442195,0.0
2025-02-07 21:00:00+01:00,122.61666666666666,1520.2180869048668,0.0
2025-02-07 22:00:00+01:00,103.66666666666667,1343.2280393650074,0.0
2025-02-07 23:00:00+01:00,104.01666666666667,948.1609689635346,0.0
2025-02-08 00:00:00+01:00,98.51666666666667,758.5287751708278,0.0
2025-02-08 01:00:00+01:00,92.95,539.993368838683,0.0
2025-02-08 02:00:00+01:00,96.9,539.639142827415,0.0
2025-02-08 03:00:00+01:00,89.28333333333333,564.6225674661351,0.0
2025-02-08 04:00:00+01:00,95.61666666666666,649.0521102648097,0.0
2025-02-08 05:00:00+01:00,95.3,878.5949297487059,0.0
2025-02-08 06:00:00+01:00,95.5,1298.1042205296194,0.0
2025-02-08 07:00:00+01:00,94.73333333333333,1643.737661361693,1.8528735632183908
2025-02-08 08:00:00+01:00,94.51666666666667,1522.3701935885986,32.8816091954023
2025-02-08 09:00:00+01:00,98.2,1387.810609753211,76.92068965517242
2025-02-08 10:00:00+01:00,558.4333333333333,1279.6352580424095,253.33333333333334
2025-02-08 11:00:00+01:00,97.86666666666666,1184.6520223939008,462.1413793103448
2025-02-08 12:00:00+01:00,112.7,1139.798827782105,172.6781609195402
2025-02-08 13:00:00+01:00,94.13333333333334,1121.329865294895,75.95402298850576
2025-02-08 14:00:00+01:00,167.38333333333333,1121.329865294895,59.871264367816096
2025-02-08 15:00:00+01:00,136.36666666666667,1155.6293670568562,66.3183908045977
2025-02-08 16:00:00+01:00,126.78333333333333,1213.674677730945,19.926436781609194
2025-02-08 17:00:00+01:00,181.13333333333333,1271.7199884050337,1.535632183908046
2025-02-08 18:00:00+01:00,173.3,1350.8726847787912,0.0
2025-02-08 19:00:00+01:00,172.8,1385.1721865407524,0.0
2025-02-08 20:00:00+01:00,178.58333333333334,1387.810609753211,0.0
2025-02-08 21:00:00+01:00,125.41666666666667,1319.211606229288,0.0
2025-02-08 22:00:00+01:00,102.46666666666667,1134.5219813571878,0.0
2025-02-08 23:00:00+01:00,97.06666666666666,759.86588518807,0.0
2025-02-09 00:00:00+01:00,96.2,569.8994138910525,0.0
2025-02-09 01:00:00+01:00,99.3,465.7216882420948,0.0
2025-02-09 02:00:00+01:00,95.56666666666666,472.0804059852282,0.0
2025-02-09 03:00:00+01:00,106.23333333333333,494.30303973955546,0.0
2025-02-09 04:00:00+01:00,97.23333333333333,568.2175129716387,0.0
2025-02-09 05:00:00+01:00,95.86666666666666,769.1724870713646,0.0
2025-02-09 06:00:00+01:00,98.38333333333334,1136.4350259432774,0.0
2025-02-09 07:00:00+01:00,95.86666666666666,1439.0224007371176,0.30344827586206896
2025-02-09 08:00:00+01:00,95.31666666666666,1332.770345465998,20.87816091954023
2025-02-09 09:00:00+01:00,381.4,1214.9691537523654,172.75977011494254
2025-02-09 10:00:00+01:00,244.98333333333332,1120.2662349237592,282.8609195402299
2025-02-09 11:00:00+01:00,103.06666666666666,1037.1124525376656,233.1735632183908
2025-02-09 12:00:00+01:00,96.58333333333333,997.8453886331215,202.43563218390807
2025-02-09 13:00:00+01:00,96.18333333333334,981.6765976136033,241.1781609195402
2025-02-09 14:00:00+01:00,173.76666666666668,981.6765976136033,345.4459770114943
2025-02-09 15:00:00+01:00,134.3,1011.7043523641371,202.4
2025-02-09 16:00:00+01:00,142.1,1062.5205527111943,106.1367816091954
2025-02-09 17:00:00+01:00,195.18333333333334,1113.3367530582511,2.914942528735632
2025-02-09 18:00:00+01:00,202.6,1182.631571713329,0.0
2025-02-09 19:00:00+01:00,232.48333333333332,1212.6593264638627,0.0
2025-02-09 20:00:00+01:00,126.45,1214.9691537523654,0.0
2025-02-09 21:00:00+01:00,124.03333333333333,1154.9136442512981,0.0
2025-02-09 22:00:00+01:00,97.08333333333333,993.2257340561163,0.0
2025-02-09 23:00:00+01:00,95.85,665.2302590887476,0.0
2025-02-10 00:00:00+01:00,79.56666666666666,498.92269431656075,0.0
2025-02-10 01:00:00+01:00,94.83333333333333,461.6528280632796,0.0
2025-02-10 02:00:00+01:00,95.36666666666666,490.75770583603105,0.0
2025-02-10 03:00:00+01:00,102.75,515.0934991682973,0.0
2025-02-10 04:00:00+01:00,95.65,592.1168261467343,0.0
2025-02-10 05:00:00+01:00,94.83333333333333,801.5239963693599,0.0
2025-02-10 06:00:00+01:00,95.03333333333333,1184.2336522934686,0.0
2025-02-10 07:00:00+01:00,95.06666666666666,1499.547897111445,0.0
2025-02-10 08:00:00+01:00,94.33333333333333,1388.826864579942,8.418390804597701
2025-02-10 09:00:00+01:00,94.98333333333333,1266.070937208058,38.083908045977005
2025-02-10 10:00:00+01:00,587.4833333333333,1167.3847995169356,76.88505747126437
2025-02-10 11:00:00+01:00,102.85,1080.7335566661939,136.84137931034485
2025-02-10 12:00:00+01:00,360.23333333333335,1039.8149142088994,91.62183908045976
2025-02-10 13:00:00+01:00,718.2833333333333,1022.9660614323661,40.7551724137931
2025-02-10 14:00:00+01:00,577.55,1022.9660614323661,39.90689655172414
2025-02-10 15:00:00+01:00,148.18333333333334,1054.2567880173563,39.06091954022988
2025-02-10 16:00:00+01:00,202.4,1107.2103253150317,38.21494252873563
2025-02-10 17:00:00+01:00,149.93333333333334,1160.1638626127071,37.367816091954026
2025-02-10 18:00:00+01:00,269.25,1232.3732316549917,36.52183908045977
2025-02-10 19:00:00+01:00,114.65,1263.6639582399819,35.67241379310345
2025-02-10 20:00:00+01:00,125.75,1266.070937208058,34.82758620689655
2025-02-10 21:00:00+01:00,104.08333333333333,1203.4894840380778,33.98275862068966
2025-02-10 22:00:00+01:00,95.81666666666666,1035.0009562727469,33.13333333333333
2025-02-10 23:00:00+01:00,94.88333333333334,693.2099428059329,32.288505747126436
2025-02-11 00:00:00+01:00,101.95,519.9074571044497,31.442528735632184
2025-02-11 01:00:00+01:00,99.7,576.6581881458623,30.595402298850573
2025-02-11 02:00:00+01:00,106.83333333333333,706.4079752039203,29.74942528735632
2025-02-11 03:00:00+01:00,87.21666666666667,732.8720393934194,28.902298850574713
2025-02-11 04:00:00+01:00,97.2,790.8910758453984,28.05632183908046
2025-02-11 05:00:00+01:00,95.98333333333333,968.001818698808,27.21149425287356
2025-02-11 06:00:00+01:00,96.35,1395.5105083449694,26.362068965517242
2025-02-11 07:00:00+01:00,94.35,1755.839261046734,25.517241379310345
2025-02-11 08:00:00+01:00,97.68333333333334,1648.9620886351936,19.013793103448275
2025-02-11 09:00:00+01:00,567.2333333333333,1572.621251198379,43.774712643678164
2025-02-11 10:00:00+01:00,98.13333333333334,1496.2804137615647,277.9574712643678
2025-02-11 11:00:00+01:00,98.48333333333333,1416.8859428272776,236.1505747126437
2025-02-11 12:00:00+01:00,90.23333333333333,1368.027806867716,257.78735632183907
2025-02-11 13:00:00+01:00,78.43333333333334,1340.545105390463,277.8620689655172
2025-02-11 14:00:00+01:00,119.9,1346.652372385408,634.4655172413793
2025-02-11 15:00:00+01:00,197.05,1371.0814403651889,275.5528735632184
2025-02-11 16:00:00+01:00,139.31666666666666,1416.8859428272776,130.2919540229885
2025-02-11 17:00:00+01:00,144.08333333333334,1474.9049792792566,3.239080459770115
2025-02-11 18:00:00+01:00,185.81666666666666,1532.9240157312358,0.0
2025-02-11 19:00:00+01:00,202.35,1548.1921832185988,0.0
2025-02-11 20:00:00+01:00,110.25,1542.0849162236534,0.0
2025-02-11 21:00:00+01:00,123.83333333333333,1468.7977122843115,0.0
2025-02-11 22:00:00+01:00,101.78333333333333,1297.7942364258467,0.0
2025-02-11 23:00:00+01:00,95.31666666666666,916.0900492417742,0.0
2025-02-12 00:00:00+01:00,107.61666666666666,732.8720393934194,0.0
2025-02-12 01:00:00+01:00,101.43333333333334,734.9598777554361,0.0
2025-02-12 02:00:00+01:00,98.33333333333333,766.953301856737,0.0
2025-02-12 03:00:00+01:00,101.96666666666667,794.2168351935412,0.0
2025-02-12 04:00:00+01:00,96.1,857.0923346463634,0.0
2025-02-12 05:00:00+01:00,93.86666666666666,1049.0280698181357,0.0
2025-02-12 06:00:00+01:00,93.28333333333333,1512.3212236810346,0.0
2025-02-12 07:00:00+01:00,96.78333333333333,1902.8111676511928,1.1747126436781608
2025-02-12 08:00:00+01:00,92.93333333333334,1786.9878791854678,15.079310344827586
2025-02-12 09:00:00+01:00,93.01666666666667,1704.2569588528072,47.95977011494253
2025-02-12 10:00:00+01:00,581.3166666666667,1621.5260385201468,123.72988505747126
2025-02-12 11:00:00+01:00,118.08333333333333,1535.4858813741798,177.4045977011494
2025-02-12 12:00:00+01:00,82.5,1482.538092361277,241.72183908045977
2025-02-12 13:00:00+01:00,93.76666666666667,1452.7549610415194,141.93103448275863
2025-02-12 14:00:00+01:00,116.41666666666667,1459.3734346681324,143.87471264367818
2025-02-12 15:00:00+01:00,178.35,1485.8473291745836,49.724137931034484
2025-02-12 16:00:00+01:00,127.36666666666666,1535.4858813741798,47.729885057471265
2025-02-12 17:00:00+01:00,140.65,1598.361380827002,5.225287356321839
2025-02-12 18:00:00+01:00,145.2,1661.2368802798237,0.0
2025-02-12 19:00:00+01:00,323.01666666666665,1677.783064346356,0.0
2025-02-12 20:00:00+01:00,119.1,1671.1645907197433,0.0
2025-02-12 21:00:00+01:00,122.35,1591.742907200389,0.0
2025-02-12 22:00:00+01:00,94.36666666666666,1406.4256456552293,0.0
2025-02-12 23:00:00+01:00,93.0,992.7710439919265,0.0
2025-02-13 00:00:00+01:00,94.78333333333333,794.2168351935412,0.0
2025-02-13 01:00:00+01:00,94.6,620.9298792089805,0.0
2025-02-13 02:00:00+01:00,91.15,586.3294575692508,0.0
2025-02-13 03:00:00+01:00,97.5,613.8184572300437,0.0
2025-02-13 04:00:00+01:00,96.2,705.6043947597699,0.0
2025-02-13 05:00:00+01:00,93.86666666666666,955.147412418713,0.0
2025-02-13 06:00:00+01:00,96.23333333333333,1411.2087895195398,0.0
2025-02-13 07:00:00+01:00,121.1,1786.9574712818562,0.0
2025-02-13 08:00:00+01:00,173.75,1655.0151860828748,6.864367816091954
2025-02-13 09:00:00+01:00,130.65,1508.7313481448737,26.435632183908048
2025-02-13 10:00:00+01:00,98.23333333333333,1391.1306156849123,62.21609195402299
2025-02-13 11:00:00+01:00,143.3,1287.8714359639703,132.8919540229885
2025-02-13 12:00:00+01:00,93.2,1239.1101566513032,125.62413793103448
2025-02-13 13:00:00+01:00,95.63333333333334,1219.0319828166757,152.94137931034484
2025-02-13 14:00:00+01:00,127.48333333333333,1219.0319828166757,99.83333333333333
2025-02-13 15:00:00+01:00,187.58333333333334,1256.3200199381267,43.9919540229885
2025-02-13 16:00:00+01:00,147.18333333333334,1319.4228519898134,23.191954022988508
2025-02-13 17:00:00+01:00,148.06666666666666,1382.5256840415002,1.6896551724137931
2025-02-13 18:00:00+01:00,148.13333333333333,1468.5750004756187,0.0
2025-02-13 19:00:00+01:00,209.18333333333334,1505.86303759707,0.0
2025-02-13 20:00:00+01:00,121.75,1508.7313481448737,0.0
2025-02-13 21:00:00+01:00,108.16666666666667,1434.1552739019714,0.0
2025-02-13 22:00:00+01:00,92.9,1233.373535555695,0.0
2025-02-13 23:00:00+01:00,94.76666666666667,826.0734377675354,0.0
2025-02-14 00:00:00+01:00,93.1,619.5550783256516,0.0
2025-02-14 01:00:00+01:00,94.63333333333334,727.1074844720071,0.0
2025-02-14 02:00:00+01:00,97.01666666666667,771.9191492984122,0.0
2025-02-14 03:00:00+01:00,106.91666666666667,800.024620483803,0.0
2025-02-14 04:00:00+01:00,96.88333333333334,863.3599029387707,0.0
2025-02-14 05:00:00+01:00,97.08333333333333,1056.6991862223563,0.0
2025-02-14 06:00:00+01:00,123.18333333333334,1523.380214837908,0.0
2025-02-14 07:00:00+01:00,178.48333333333332,1916.7256532424447,2.5977011494252875
2025-02-14 08:00:00+01:00,142.3,1800.0553960885566,46.275862068965516
2025-02-14 09:00:00+01:00,100.35,1716.7194981214936,109.38275862068966
2025-02-14 10:00:00+01:00,101.15,1633.3836001544312,334.79195402298853
2025-02-14 11:00:00+01:00,87.48333333333333,1546.7142662686856,728.8827586206896
2025-02-14 12:00:00+01:00,102.85,1493.3792915697654,748.2264367816092
2025-02-14 13:00:00+01:00,104.03333333333333,1463.378368301623,721.619540229885
2025-02-14 14:00:00+01:00,129.1,1470.0452401389878,641.6620689655173
2025-02-14 15:00:00+01:00,192.51666666666668,1496.712727488448,484.88505747126436
2025-02-14 16:00:00+01:00,149.86666666666667,1546.7142662686856,255.3609195402299
2025-02-14 17:00:00+01:00,150.83333333333334,1610.0495487236535,25.857471264367817
2025-02-14 18:00:00+01:00,201.95,1673.384831178621,0.0
2025-02-14 19:00:00+01:00,228.01666666666668,1690.052010772034,0.0
2025-02-14 20:00:00+01:00,115.15,1683.3851389346685,0.0
2025-02-14 21:00:00+01:00,120.63333333333334,1603.3826768862882,0.0
2025-02-14 22:00:00+01:00,93.61666666666666,1416.710265440068,0.0
2025-02-14 23:00:00+01:00,94.63333333333334,1000.0307756047536,0.0
2025-02-15 00:00:00+01:00,94.16666666666667,800.024620483803,0.0
2025-02-15 01:00:00+01:00,94.66666666666667,721.550335127628,0.0
2025-02-15 02:00:00+01:00,94.53333333333333,724.1293145617816,0.0
2025-02-15 03:00:00+01:00,101.73333333333333,748.410613862825,0.0
2025-02-15 04:00:00+01:00,98.0,807.6597874602984,0.0
2025-02-15 05:00:00+01:00,97.5,988.5256858104814,0.0
2025-02-15 06:00:00+01:00,96.86666666666666,1425.0985438971293,0.0
2025-02-15 07:00:00+01:00,97.4,1793.0670957130183,12.173563218390804
2025-02-15 08:00:00+01:00,95.7,1683.9238811913563,212.91149425287355
2025-02-15 09:00:00+01:00,533.3666666666667,1605.9644422473118,451.4620689655173
2025-02-15 10:00:00+01:00,132.5,1528.005003303268,624.7379310344827
2025-02-15 11:00:00+01:00,92.33333333333333,1446.9271868014614,724.983908045977
2025-02-15 12:00:00+01:00,94.3,1397.0331458772735,763.2701149425287
2025-02-15 13:00:00+01:00,223.25,1368.9677478574174,738.3747126436781
2025-02-15 14:00:00+01:00,104.41666666666667,1375.2045029729409,645.7701149425287
2025-02-15 15:00:00+01:00,185.25,1400.1515234350352,488.93103448275866
2025-02-15 16:00:00+01:00,138.06666666666666,1446.9271868014614,266.53678160919543
2025-02-15 17:00:00+01:00,145.15,1506.1763603989352,37.86091954022989
2025-02-15 18:00:00+01:00,209.9,1565.425533996409,0.0
2025-02-15 19:00:00+01:00,214.71666666666667,1581.017421785218,0.0
2025-02-15 20:00:00+01:00,158.13333333333333,1574.7806666696945,0.0
2025-02-15 21:00:00+01:00,128.08333333333334,1499.9396052834118,0.0
2025-02-15 22:00:00+01:00,102.83333333333333,1325.3104620487525,0.0
2025-02-15 23:00:00+01:00,93.31666666666666,935.5132673285314,0.0
2025-02-16 00:00:00+01:00,93.71666666666667,748.410613862825,0.0
2025-02-16 01:00:00+01:00,95.21666666666667,509.8847736971645,0.0
2025-02-16 02:00:00+01:00,94.5,499.8902016495658,0.0
2025-02-16 03:00:00+01:00,101.43333333333334,522.5135871453161,0.0
2025-02-16 04:00:00+01:00,95.18333333333334,600.6464599894756,0.0
2025-02-16 05:00:00+01:00,100.98333333333333,813.0702080345341,0.0
2025-02-16 06:00:00+01:00,99.3,1201.2929199789512,0.0
2025-02-16 07:00:00+01:00,97.0,1521.1493681847285,12.704597701149424
2025-02-16 08:00:00+01:00,100.53333333333333,1408.8333634712496,212.0494252873563
2025-02-16 09:00:00+01:00,539.5833333333334,1284.3090973758706,456.1022988505747
2025-02-16 10:00:00+01:00,126.7,1184.201354044291,623.3045977011494
2025-02-16 11:00:00+01:00,98.2,1096.301872094612,715.835632183908
2025-02-16 12:00:00+01:00,432.06666666666666,1054.7937833961523,747.4057471264367
2025-02-16 13:00:00+01:00,817.0666666666667,1037.7022174614924,695.9022988505748
2025-02-16 14:00:00+01:00,297.0,1037.7022174614924,567.5586206896552
2025-02-16 15:00:00+01:00,177.06666666666666,1069.4436970544318,433.9758620689655
2025-02-16 16:00:00+01:00,135.0,1123.1600471347917,219.68850574712644
2025-02-16 17:00:00+01:00,145.11666666666667,1176.8763972151514,21.467816091954024
2025-02-16 18:00:00+01:00,148.45,1250.1259655065508,0.0
2025-02-16 19:00:00+01:00,196.2,1281.8674450994904,0.0
2025-02-16 20:00:00+01:00,129.63333333333333,1284.3090973758706,0.0
2025-02-16 21:00:00+01:00,131.7,1220.8261381899913,0.0
2025-02-16 22:00:00+01:00,105.85,1049.9104788433922,0.0
2025-02-16 23:00:00+01:00,93.96666666666667,703.1958555974348,0.0
2025-02-17 00:00:00+01:00,96.31666666666666,527.3968916980762,0.0
2025-02-17 01:00:00+01:00,95.23333333333333,532.6924473940823,0.0
2025-02-17 02:00:00+01:00,94.71666666666667,583.4878157813724,0.0
2025-02-17 03:00:00+01:00,104.2,613.3193605396283,0.0
2025-02-17 04:00:00+01:00,96.05,705.0306667885447,0.0
2025-02-17 05:00:00+01:00,99.73333333333333,954.3707806527865,0.0
2025-02-17 06:00:00+01:00,95.51666666666667,1410.0613335770895,0.0
2025-02-17 07:00:00+01:00,91.98333333333333,1785.5044935335907,10.301149425287356
2025-02-17 08:00:00+01:00,93.46666666666667,1653.6694908007737,142.3022988505747
2025-02-17 09:00:00+01:00,451.5833333333333,1507.504596466563,352.75747126436784
2025-02-17 10:00:00+01:00,442.18333333333334,1389.9994853351388,537.8057471264368
2025-02-17 11:00:00+01:00,100.38333333333334,1286.824265805108,656.832183908046
2025-02-17 12:00:00+01:00,97.2,1238.1026343603714,685.1712643678161
2025-02-17 13:00:00+01:00,97.08333333333333,1218.0407861184208,681.5333333333333
2025-02-17 14:00:00+01:00,114.38333333333334,1218.0407861184208,561.1011494252873
2025-02-17 15:00:00+01:00,234.11666666666667,1255.2985042820428,345.8793103448276
2025-02-17 16:00:00+01:00,133.76666666666668,1318.350027328173,150.87471264367818
2025-02-17 17:00:00+01:00,138.88333333333333,1381.401550374303,23.71149425287356
2025-02-17 18:00:00+01:00,146.53333333333333,1467.3808999826622,0.0
2025-02-17 19:00:00+01:00,199.18333333333334,1504.6386181462842,0.0
2025-02-17 20:00:00+01:00,121.41666666666667,1507.504596466563,0.0
2025-02-17 21:00:00+01:00,122.95,1432.9891601393185,0.0
2025-02-17 22:00:00+01:00,98.78333333333333,1232.3706777198138,0.0
2025-02-17 23:00:00+01:00,97.13333333333334,825.4017562402473,0.0
2025-02-18 00:00:00+01:00,101.65,619.0513171801857,0.0
2025-02-18 01:00:00+01:00,101.95,522.7746996697387,0.0
2025-02-18 02:00:00+01:00,99.1,536.8764970677616,0.0
2025-02-18 03:00:00+01:00,103.43333333333334,562.5223751427854,0.0
2025-02-18 04:00:00+01:00,94.4,646.6378704912394,0.0
2025-02-18 05:00:00+01:00,94.01666666666667,875.3268734698485,0.0
2025-02-18 06:00:00+01:00,94.1,1293.2757409824787,0.0
2025-02-18 07:00:00+01:00,95.51666666666667,1637.6235500652122,13.14022988505747
2025-02-18 08:00:00+01:00,92.56666666666666,1516.7075255018092,194.0793103448276
2025-02-18 09:00:00+01:00,524.1166666666667,1382.648454790211,421.67241379310343
2025-02-18 10:00:00+01:00,131.63333333333333,1274.8754763750046,597.1229885057471
2025-02-18 11:00:00+01:00,100.63333333333334,1180.2455441079937,705.9413793103448
2025-02-18 12:00:00+01:00,96.26666666666667,1135.5591872041275,747.9229885057471
2025-02-18 13:00:00+01:00,104.7,1117.1589225966534,720.9827586206897
2025-02-18 14:00:00+01:00,105.43333333333334,1117.1589225966534,627.5471264367817
2025-02-18 15:00:00+01:00,182.43333333333334,1151.3308425819628,466.667816091954
2025-02-18 16:00:00+01:00,134.83333333333334,1209.1602456340247,246.2965517241379
2025-02-18 17:00:00+01:00,140.21666666666667,1266.9896486860869,30.066666666666666
2025-02-18 18:00:00+01:00,146.85,1345.8479255752625,0.0
2025-02-18 19:00:00+01:00,208.18333333333334,1380.0198455605716,0.0
2025-02-18 20:00:00+01:00,126.53333333333333,1382.648454790211,0.0
2025-02-18 21:00:00+01:00,134.6,1314.304614819592,0.0
2025-02-18 22:00:00+01:00,96.7,1130.3019687448493,0.0
2025-02-18 23:00:00+01:00,96.03333333333333,757.0394581360849,0.0
2025-02-19 00:00:00+01:00,93.58333333333333,567.7795936020638,0.0
2025-02-19 01:00:00+01:00,93.05,485.9581833002378,0.0
2025-02-19 02:00:00+01:00,94.36666666666666,501.73954842254795,0.0
2025-02-19 03:00:00+01:00,102.15,525.85010993581,0.0
2025-02-19 04:00:00+01:00,93.65,604.4819020757442,0.0
2025-02-19 05:00:00+01:00,97.76666666666667,818.2620869561903,0.0
2025-02-19 06:00:00+01:00,96.61666666666666,1208.9638041514884,0.0
2025-02-19 07:00:00+01:00,98.78333333333333,1530.8627032243442,2.2804597701149425
2025-02-19 08:00:00+01:00,96.96666666666667,1417.8295020231885,20.860919540229883
2025-02-19 09:00:00+01:00,213.76666666666668,1292.5100833001686,61.688505747126435
2025-02-19 10:00:00+01:00,461.26666666666665,1191.7630996208777,178.2816091954023
2025-02-19 11:00:00+01:00,96.88333333333334,1103.3023334634518,578.4724137931036
2025-02-19 12:00:00+01:00,96.91666666666667,1061.5291938891119,428.81034482758616
2025-02-19 13:00:00+01:00,96.93333333333334,1044.328489358501,270.17816091954023
2025-02-19 14:00:00+01:00,154.66666666666666,1044.328489358501,246.97241379310344
2025-02-19 15:00:00+01:00,126.21666666666667,1076.2726549153494,111.99885057471265
2025-02-19 16:00:00+01:00,134.0,1130.332012011554,33.91149425287356
2025-02-19 17:00:00+01:00,141.63333333333333,1184.391369107759,7.382758620689655
2025-02-19 18:00:00+01:00,147.11666666666667,1258.1086742389473,0.0
2025-02-19 19:00:00+01:00,226.86666666666667,1290.0528397957955,0.0
2025-02-19 20:00:00+01:00,120.01666666666667,1292.5100833001686,0.0
2025-02-19 21:00:00+01:00,125.91666666666667,1228.6217521864721,0.0
2025-02-19 22:00:00+01:00,107.6,1056.614706880366,0.0
2025-02-19 23:00:00+01:00,99.46666666666667,707.6861292594078,0.0
2025-02-20 00:00:00+01:00,97.4,530.7645969445559,0.0
2025-02-20 01:00:00+01:00,94.13333333333334,481.56866429851317,0.0
2025-02-20 02:00:00+01:00,94.96666666666667,508.28939316053663,0.0
2025-02-20 03:00:00+01:00,102.6,533.305138152939,0.0
2025-02-20 04:00:00+01:00,94.05,613.0517008673972,0.0
2025-02-20 05:00:00+01:00,94.26666666666667,829.8626682473306,0.0
2025-02-20 06:00:00+01:00,95.91666666666667,1226.1034017347945,0.0
2025-02-20 07:00:00+01:00,94.76666666666667,1552.5658928471078,2.664367816091954
2025-02-20 08:00:00+01:00,100.53333333333333,1437.9302089450741,33.674712643678156
2025-02-20 09:00:00+01:00,104.2,1310.8341246189063,106.13793103448276
2025-02-20 10:00:00+01:00,633.5,1208.6588411410069,166.2425287356322
2025-02-20 11:00:00+01:00,98.61666666666666,1118.9439580872413,285.60574712643677
2025-02-20 12:00:00+01:00,92.1,1076.5785966451854,337.22643678160915
2025-02-20 13:00:00+01:00,473.6333333333333,1059.1340360513977,482.01724137931035
2025-02-20 14:00:00+01:00,273.95,1059.1340360513977,287.9896551724138
2025-02-20 15:00:00+01:00,189.58333333333334,1091.5310771541463,143.11379310344827
2025-02-20 16:00:00+01:00,134.81666666666666,1146.3568390203363,75.17356321839081
2025-02-20 17:00:00+01:00,138.98333333333332,1201.1826008865262,19.217241379310344
2025-02-20 18:00:00+01:00,147.21666666666667,1275.9450034313309,0.14597701149425288
2025-02-20 19:00:00+01:00,208.41666666666666,1308.3420445340794,0.0
2025-02-20 20:00:00+01:00,126.98333333333333,1310.8341246189063,0.0
2025-02-20 21:00:00+01:00,131.81666666666666,1246.0400424134093,0.0
2025-02-20 22:00:00+01:00,95.8,1071.5944364755317,0.0
2025-02-20 23:00:00+01:00,95.18333333333334,717.7190644301237,0.0
2025-02-21 00:00:00+01:00,95.23333333333333,538.2892983225927,0.0
2025-02-21 01:00:00+01:00,93.53333333333333,435.9261708001664,0.0
2025-02-21 02:00:00+01:00,94.55,440.3099800181522,0.0
2025-02-21 03:00:00+01:00,102.3,460.95440201422093,0.0
2025-02-21 04:00:00+01:00,96.21666666666667,529.8821630630764,0.0
2025-02-21 05:00:00+01:00,99.05,717.2795134146523,0.0
2025-02-21 06:00:00+01:00,99.28333333333333,1059.7643261261528,0.0
2025-02-21 07:00:00+01:00,98.15,1341.937347919905,1.8954022988505745
2025-02-21 08:00:00+01:00,96.3,1242.8536914121753,45.47241379310345
2025-02-21 09:00:00+01:00,535.5666666666667,1133.0000722405618,246.99885057471266
2025-02-21 10:00:00+01:00,169.86666666666667,1044.6863783967158,222.9241379310345
2025-02-21 11:00:00+01:00,93.2,967.1426472167534,188.52183908045978
2025-02-21 12:00:00+01:00,93.58333333333333,930.5247741595489,148.3816091954023
2025-02-21 13:00:00+01:00,98.26666666666667,915.4468264301119,215.47816091954022
2025-02-21 14:00:00+01:00,100.3,915.4468264301119,126.0183908045977
2025-02-21 15:00:00+01:00,191.45,943.4487293562092,87.57816091954024
2025-02-21 16:00:00+01:00,144.08333333333334,990.8365650772973,27.77701149425287
2025-02-21 17:00:00+01:00,145.63333333333333,1038.2244007983854,5.462068965517242
2025-02-21 18:00:00+01:00,152.11666666666667,1102.8441767816876,0.0
2025-02-21 19:00:00+01:00,220.73333333333332,1130.846079707785,0.0
2025-02-21 20:00:00+01:00,118.4,1133.0000722405618,0.0
2025-02-21 21:00:00+01:00,120.7,1076.9962663883668,0.0
2025-02-21 22:00:00+01:00,97.26666666666667,926.2167890939953,0.0
2025-02-21 23:00:00+01:00,96.88333333333334,620.3498494396991,0.0
2025-02-22 00:00:00+01:00,78.45,465.26238707977444,0.0
2025-02-22 01:00:00+01:00,96.7,485.0291786866414,0.0
2025-02-22 02:00:00+01:00,101.13333333333334,536.936036431182,0.0
2025-02-22 03:00:00+01:00,107.23333333333333,564.6795925682005,0.0
2025-02-22 04:00:00+01:00,100.65,649.117662484941,0.0
2025-02-22 05:00:00+01:00,93.9,878.6836650710786,0.0
2025-02-22 06:00:00+01:00,92.66666666666667,1298.235324969882,0.0
2025-02-22 07:00:00+01:00,93.13333333333334,1643.9036736915373,0.1908045977011494
2025-02-22 08:00:00+01:00,91.73333333333333,1522.5239481862232,9.964367816091954
2025-02-22 09:00:00+01:00,92.75,1387.9507742564185,66.51034482758621
2025-02-22 10:00:00+01:00,582.9666666666667,1279.7644971755951,65.0919540229885
2025-02-22 11:00:00+01:00,98.81666666666666,1184.771668519262,47.313793103448276
2025-02-22 12:00:00+01:00,111.13333333333334,1139.9139438759937,67.4793103448276
2025-02-22 13:00:00+01:00,103.38333333333334,1121.4431160817069,82.90804597701148
2025-02-22 14:00:00+01:00,123.55,1121.4431160817069,73.22298850574713
2025-02-22 15:00:00+01:00,187.41666666666666,1155.7460819853827,48.03908045977012
2025-02-22 16:00:00+01:00,188.83333333333334,1213.7972550531415,25.00919540229885
2025-02-22 17:00:00+01:00,143.21666666666667,1271.8484281209,3.8425287356321842
2025-02-22 18:00:00+01:00,133.73333333333332,1351.0091186678446,0.0
2025-02-22 19:00:00+01:00,252.11666666666667,1385.31208457152,0.0
2025-02-22 20:00:00+01:00,125.3,1387.9507742564185,0.0
2025-02-22 21:00:00+01:00,127.11666666666666,1319.3448424490668,0.0
2025-02-22 22:00:00+01:00,99.85,1134.6365645061974,0.0
2025-02-22 23:00:00+01:00,98.35,759.9426292506624,0.0
2025-02-23 00:00:00+01:00,93.3,569.9569719379969,0.0
2025-02-23 01:00:00+01:00,93.61666666666666,742.8911145750754,0.0
2025-02-23 02:00:00+01:00,94.96666666666667,813.8432803340887,0.0
2025-02-23 03:00:00+01:00,100.95,844.7162181221751,0.0
2025-02-23 04:00:00+01:00,94.28333333333333,911.5895853901807,0.0
2025-02-23 05:00:00+01:00,96.38333333333334,1115.7293381030395,0.0
2025-02-23 06:00:00+01:00,95.85,1608.480465340975,0.0
2025-02-23 07:00:00+01:00,92.78333333333333,2023.7992725843776,15.19655172413793
2025-02-23 08:00:00+01:00,100.7,1900.611490774894,156.06896551724137
2025-02-23 09:00:00+01:00,99.71666666666667,1812.6202180538337,345.7781609195402
2025-02-23 10:00:00+01:00,588.6833333333333,1724.6289453327743,529.2459770114942
2025-02-23 11:00:00+01:00,95.3,1633.1180217028716,590.1068965517242
2025-02-23 12:00:00+01:00,92.9,1576.8036071613933,572.8505747126437
2025-02-23 13:00:00+01:00,95.65,1545.126748981812,577.3436781609196
2025-02-23 14:00:00+01:00,185.6,1552.1660507994968,662.0954022988506
2025-02-23 15:00:00+01:00,134.28333333333333,1580.323258070236,463.87011494252874
2025-02-23 16:00:00+01:00,134.28333333333333,1633.1180217028716,304.86206896551727
2025-02-23 17:00:00+01:00,137.95,1699.9913889708776,77.8287356321839
2025-02-23 18:00:00+01:00,149.35,1766.864756238883,0.5896551724137932
2025-02-23 19:00:00+01:00,215.16666666666666,1784.463010783095,0.0
2025-02-23 20:00:00+01:00,127.1,1777.42370896541,0.0
2025-02-23 21:00:00+01:00,124.96666666666667,1692.9520871531925,0.0
2025-02-23 22:00:00+01:00,97.4,1495.8516362580183,0.0
2025-02-23 23:00:00+01:00,96.4,1055.8952726527189,0.0
2025-02-24 00:00:00+01:00,94.31666666666666,844.7162181221751,0.0
2025-02-24 01:00:00+01:00,94.7,626.2751564882522,0.0
2025-02-24 02:00:00+01:00,94.15,576.7423509380827,0.0
2025-02-24 03:00:00+01:00,102.21666666666667,603.0209526022077,0.0
2025-02-24 04:00:00+01:00,97.11666666666666,693.1923100006685,0.0
2025-02-24 05:00:00+01:00,94.03333333333333,938.3456879277344,0.0
2025-02-24 06:00:00+01:00,92.85,1386.384620001337,0.0
2025-02-24 07:00:00+01:00,94.06666666666666,1755.5236143512864,29.220689655172414
2025-02-24 08:00:00+01:00,98.26666666666667,1625.902288090999,253.5494252873563
2025-02-24 09:00:00+01:00,289.31666666666666,1482.191687237202,484.4977011494253
2025-02-24 10:00:00+01:00,393.35,1366.6596355704237,650.5540229885058
2025-02-24 11:00:00+01:00,96.55,1265.2168584971553,747.2701149425287
2025-02-24 12:00:00+01:00,96.55,1217.313324879223,777.0413793103448
2025-02-24 13:00:00+01:00,103.53333333333333,1197.5883404483097,745.9333333333333
2025-02-24 14:00:00+01:00,212.18333333333334,1197.5883404483097,658.4091954022988
2025-02-24 15:00:00+01:00,173.91666666666666,1234.2204543914343,512.7586206896552
2025-02-24 16:00:00+01:00,134.98333333333332,1296.213262602876,292.8919540229885
2025-02-24 17:00:00+01:00,136.56666666666666,1358.206070814318,64.92068965517241
2025-02-24 18:00:00+01:00,148.05,1442.7417183753753,0.4379310344827586
2025-02-24 19:00:00+01:00,203.18333333333334,1479.3738323185,0.0
2025-02-24 20:00:00+01:00,125.98333333333333,1482.191687237202,0.0
2025-02-24 21:00:00+01:00,124.56666666666666,1408.9274593509522,0.0
2025-02-24 22:00:00+01:00,104.35,1211.677615041819,0.0
2025-02-24 23:00:00+01:00,93.33333333333333,811.5422165861486,0.0
2025-02-25 00:00:00+01:00,99.61666666666666,608.6566624396115,0.0
2025-02-25 01:00:00+01:00,92.65,500.62029027754966,0.0
2025-02-25 02:00:00+01:00,94.36666666666666,508.7210659269153,0.0
2025-02-25 03:00:00+01:00,101.71666666666667,532.7350295012765,0.0
2025-02-25 04:00:00+01:00,94.03333333333333,612.3963423238976,0.0
2025-02-25 05:00:00+01:00,97.63333333333334,828.9755365603977,0.0
2025-02-25 06:00:00+01:00,94.45,1224.792684647795,0.0
2025-02-25 07:00:00+01:00,96.63333333333334,1550.9061840153984,24.854022988505747
2025-02-25 08:00:00+01:00,97.23333333333333,1436.3930468328808,229.97356321839078
2025-02-25 09:00:00+01:00,406.01666666666665,1309.4328295218293,491.3034482758621
2025-02-25 10:00:00+01:00,302.1166666666667,1207.3667724678462,657.3528735632184
2025-02-25 11:00:00+01:00,95.26666666666667,1117.747795542398,744.2011494252873
2025-02-25 12:00:00+01:00,95.66666666666667,1075.4277231053807,787.7689655172414
2025-02-25 13:00:00+01:00,94.7,1058.0018109254324,676.1172413793104
2025-02-25 14:00:00+01:00,99.31666666666666,1058.0018109254324,606.5873563218391
2025-02-25 15:00:00+01:00,192.75,1090.364219259622,496.23793103448276
2025-02-25 16:00:00+01:00,129.05,1145.1313718251738,301.52988505747123
2025-02-25 17:00:00+01:00,138.43333333333334,1199.8985243907257,56.26206896551724
2025-02-25 18:00:00+01:00,235.01666666666668,1274.5810051619326,0.7379310344827587
2025-02-25 19:00:00+01:00,173.21666666666667,1306.9434134961223,0.0
2025-02-25 20:00:00+01:00,130.78333333333333,1309.4328295218293,0.0
2025-02-25 21:00:00+01:00,120.21666666666667,1244.70801285345,0.0
2025-02-25 22:00:00+01:00,98.03333333333333,1070.4488910539667,0.0
2025-02-25 23:00:00+01:00,95.18333333333334,716.9518154035871,0.0
2025-02-26 00:00:00+01:00,94.01666666666667,537.7138615526903,0.0
2025-02-26 01:00:00+01:00,93.33333333333333,460.82600261883397,0.0
2025-02-26 02:00:00+01:00,94.75,476.04542267027557,0.0
2025-02-26 03:00:00+01:00,101.38333333333334,498.93501045858636,0.0
2025-02-26 04:00:00+01:00,94.85,573.5421148262255,0.0
2025-02-26 05:00:00+01:00,98.61666666666666,776.3801798257442,0.0
2025-02-26 06:00:00+01:00,92.76666666666667,1147.084229652451,0.0
2025-02-26 07:00:00+01:00,92.76666666666667,1452.5070631574736,21.739080459770115
2025-02-26 08:00:00+01:00,96.3,1345.2593506289923,266.42413793103447
2025-02-26 09:00:00+01:00,96.23333333333333,1226.3542780430673,498.77241379310345
2025-02-26 10:00:00+01:00,620.7333333333333,1130.7639255720298,641.9655172413793
2025-02-26 11:00:00+01:00,111.36666666666666,1046.830933158436,754.1988505747127
2025-02-26 12:00:00+01:00,92.11666666666666,1007.1959089631277,774.1298850574713
2025-02-26 13:00:00+01:00,99.25,990.8756048827067,744.2873563218392
2025-02-26 14:00:00+01:00,156.36666666666667,990.8756048827067,655.5206896551724
2025-02-26 15:00:00+01:00,130.03333333333333,1021.1847410320598,519.0425287356322
2025-02-26 16:00:00+01:00,127.46666666666667,1072.4771252848118,310.7781609195402
2025-02-26 17:00:00+01:00,141.33333333333334,1123.7695095375636,74.17586206896551
2025-02-26 18:00:00+01:00,151.53333333333333,1193.7136698822253,0.8735632183908046
2025-02-26 19:00:00+01:00,240.85,1224.0228060315787,0.0
2025-02-26 20:00:00+01:00,126.58333333333333,1226.3542780430673,0.0
2025-02-26 21:00:00+01:00,124.9,1165.7360057443607,0.0
2025-02-26 22:00:00+01:00,119.93333333333334,1002.53296494015,0.0
2025-02-26 23:00:00+01:00,103.86666666666666,671.4639393087517,0.0
2025-02-27 00:00:00+01:00,105.31666666666666,503.5979544815639,0.0
2025-02-27 01:00:00+01:00,96.85,446.47551288534083,0.0
2025-02-27 02:00:00+01:00,97.13333333333334,467.225623029531,0.0
2025-02-27 03:00:00+01:00,100.56666666666666,490.01021476759894,0.0
2025-02-27 04:00:00+01:00,91.28333333333333,563.282770246866,0.0
2025-02-27 05:00:00+01:00,95.68333333333334,762.4925304561235,0.0
2025-02-27 06:00:00+01:00,92.5,1126.565540493732,0.0
2025-02-27 07:00:00+01:00,92.18333333333334,1426.5250644869818,54.773563218390805
2025-02-27 08:00:00+01:00,91.98333333333333,1321.1957659855352,277.80574712643676
2025-02-27 09:00:00+01:00,480.9166666666667,1204.4176306904533,512.7908045977011
2025-02-27 10:00:00+01:00,323.53333333333336,1110.5371689826422,680.3022988505747
2025-02-27 11:00:00+01:00,98.56666666666666,1028.1055440684668,765.148275862069
2025-02-27 12:00:00+01:00,97.95,989.1794989701062,782.5586206896552
2025-02-27 13:00:00+01:00,99.95,973.1511274590167,751.6540229885057
2025-02-27 14:00:00+01:00,101.13333333333334,973.1511274590167,661.6551724137931
2025-02-27 15:00:00+01:00,192.68333333333334,1002.9181031224686,513.9
2025-02-27 16:00:00+01:00,110.23333333333333,1053.292985014465,309.5413793103448
2025-02-27 17:00:00+01:00,133.4,1103.6678669064613,75.62758620689655
2025-02-27 18:00:00+01:00,184.61666666666667,1172.360887668274,0.8505747126436781
2025-02-27 19:00:00+01:00,222.68333333333334,1202.127863331726,0.0
2025-02-27 20:00:00+01:00,122.66666666666667,1204.4176306904533,0.0
2025-02-27 21:00:00+01:00,128.91666666666666,1144.8836793635492,0.0
2025-02-27 22:00:00+01:00,107.5,984.5999642526518,0.0
2025-02-27 23:00:00+01:00,92.33333333333333,659.4529993134041,0.0
2025-02-28 00:00:00+01:00,93.83333333333333,494.5897494850531,0.0
2025-02-28 01:00:00+01:00,95.23333333333333,404.82960323339205,0.0
2025-02-28 02:00:00+01:00,92.53333333333333,410.72797914234894,0.0
2025-02-28 03:00:00+01:00,101.65,430.0843049149138,0.0
2025-02-28 04:00:00+01:00,94.83333333333333,494.39597667789155,0.0
2025-02-28 05:00:00+01:00,96.41666666666667,669.2433342834873,0.0
2025-02-28 06:00:00+01:00,94.13333333333334,988.7919533557831,0.0
2025-02-28 07:00:00+01:00,95.11666666666666,1252.0678596354735,21.039080459770116
2025-02-28 08:00:00+01:00,96.71666666666667,1159.619831476193,174.52988505747126
2025-02-28 09:00:00+01:00,96.8,1057.123104603947,308.21954022988507
2025-02-28 10:00:00+01:00,598.2333333333333,974.7237751576317,595.1735632183908
2025-02-28 11:00:00+01:00,104.95,902.3731444242819,487.9
2025-02-28 12:00:00+01:00,763.7,868.2075688001999,250.78735632183907
2025-02-28 13:00:00+01:00,747.45,854.1393906020484,297.72643678160915
2025-02-28 14:00:00+01:00,129.8,854.1393906020484,241.55977011494255
2025-02-28 15:00:00+01:00,189.0,880.2660072557582,144.5103448275862
2025-02-28 16:00:00+01:00,117.41666666666667,924.4802815928053,173.7505747126437
2025-02-28 17:00:00+01:00,137.01666666666668,968.6945559298525,47.666666666666664
2025-02-28 18:00:00+01:00,151.81666666666666,1028.9867482076443,0.5310344827586208
2025-02-28 19:00:00+01:00,223.98333333333332,1055.113364861354,0.0
2025-02-28 20:00:00+01:00,124.38333333333334,1057.123104603947,0.0
2025-02-28 21:00:00+01:00,127.83333333333333,1004.8698712965277,0.0
2025-02-28 22:00:00+01:00,99.21666666666667,864.1880893150136,0.0
2025-02-28 23:00:00+01:00,97.5,578.8050458667999,0.0
2025-03-01 00:00:00+01:00,98.36666666666666,434.1037844000999,0.0
2025-03-01 01:00:00+01:00,98.53333333333333,452.35017733073454,0.0
2025-03-01 02:00:00+01:00,98.28333333333333,500.8246351548548,0.0
2025-03-01 03:00:00+01:00,106.21666666666667,526.7084114348861,0.0
2025-03-01 04:00:00+01:00,96.4,605.4685477242149,0.0
2025-03-01 05:00:00+01:00,94.41666666666667,819.5976682608275,0.0
2025-03-01 06:00:00+01:00,96.16666666666667,1210.9370954484298,0.0
2025-03-01 07:00:00+01:00,97.06666666666666,1533.3614033828694,6.681609195402299
2025-03-01 08:00:00+01:00,94.46666666666667,1420.143707466959,21.624137931034486
2025-03-01 09:00:00+01:00,352.05,1294.6197402558414,40.810344827586206
2025-03-01 10:00:00+01:00,340.05,1193.708315635139,91.03103448275861
2025-03-01 11:00:00+01:00,99.86666666666666,1105.1031623096444,34.67126436781609
2025-03-01 12:00:00+01:00,100.11666666666666,1063.2618399059384,61.32528735632184
2025-03-01 13:00:00+01:00,96.45,1046.0330600926477,40.211494252873564
2025-03-01 14:00:00+01:00,126.76666666666667,1046.0330600926477,30.07241379310345
2025-03-01 15:00:00+01:00,203.68333333333334,1078.0293654601874,22.78045977011494
2025-03-01 16:00:00+01:00,154.51666666666668,1132.176959159101,12.167816091954023
2025-03-01 17:00:00+01:00,142.93333333333334,1186.3245528580144,5.129885057471265
2025-03-01 18:00:00+01:00,143.98333333333332,1260.1621806292603,0.732183908045977
2025-03-01 19:00:00+01:00,243.26666666666668,1292.1584859967998,0.0
2025-03-01 20:00:00+01:00,122.16666666666667,1294.6197402558414,0.0
2025-03-01 21:00:00+01:00,119.2,1230.627129520762,0.0
2025-03-01 22:00:00+01:00,91.95,1058.339331387855,0.0
2025-03-01 23:00:00+01:00,96.35,708.8412266039587,0.0
2025-03-02 00:00:00+01:00,98.05,531.6309199529692,0.0
2025-03-02 01:00:00+01:00,99.28333333333333,516.6064743398234,0.0
2025-03-02 02:00:00+01:00,100.06666666666666,558.6483380848807,0.0
2025-03-02 03:00:00+01:00,104.16666666666667,586.844389890019,0.0
2025-03-02 04:00:00+01:00,92.76666666666667,674.596822023106,0.0
2025-03-02 05:00:00+01:00,93.05,913.1737468849362,0.0
2025-03-02 06:00:00+01:00,96.68333333333334,1349.193644046212,0.0
2025-03-02 07:00:00+01:00,92.15,1708.430163091037,2.971264367816092
2025-03-02 08:00:00+01:00,93.3,1582.2860418997245,20.094252873563217
2025-03-02 09:00:00+01:00,97.76666666666667,1442.430603187617,26.952873563218393
2025-03-02 10:00:00+01:00,612.7666666666667,1329.9977995170993,71.45287356321839
2025-03-02 11:00:00+01:00,93.76666666666667,1231.2763133673766,301.89540229885057
2025-03-02 12:00:00+01:00,100.9,1184.6578337966737,253.15402298850574
2025-03-02 13:00:00+01:00,98.81666666666666,1165.4619892675614,227.43448275862067
2025-03-02 14:00:00+01:00,99.53333333333333,1165.4619892675614,84.72528735632184
2025-03-02 15:00:00+01:00,137.86666666666667,1201.1114148216277,58.4632183908046
2025-03-02 16:00:00+01:00,194.51666666666668,1261.441211913125,41.31724137931034
2025-03-02 17:00:00+01:00,143.7,1321.7710090046223,26.379310344827584
2025-03-02 18:00:00+01:00,141.95,1404.0389141293915,0.7045977011494252
2025-03-02 19:00:00+01:00,201.6,1439.6883396834578,0.0
2025-03-02 20:00:00+01:00,129.01666666666668,1442.430603187617,0.0
2025-03-02 21:00:00+01:00,128.61666666666667,1371.1317520794837,0.0
2025-03-02 22:00:00+01:00,97.45,1179.1733067883558,0.0
2025-03-02 23:00:00+01:00,99.23333333333333,789.7718891977827,0.0
2025-03-03 00:00:00+01:00,97.75,592.3289168983368,0.0
2025-03-03 01:00:00+01:00,93.3,370.2702827467221,0.0
2025-03-03 02:00:00+01:00,80.53333333333333,332.5715513848764,0.0
2025-03-03 03:00:00+01:00,101.05,346.0478429670087,0.0
2025-03-03 04:00:00+01:00,94.26666666666667,397.79331481254263,0.0
2025-03-03 05:00:00+01:00,93.31666666666666,538.4763163925883,0.0
2025-03-03 06:00:00+01:00,97.66666666666667,795.5866296250853,0.0
2025-03-03 07:00:00+01:00,98.6,1007.4196549927401,8.074712643678161
2025-03-03 08:00:00+01:00,100.21666666666667,933.035539214785,24.839080459770116
2025-03-03 09:00:00+01:00,97.63333333333334,850.5661934609652,51.02988505747126
2025-03-03 10:00:00+01:00,548.9666666666667,784.2673076588749,80.58045977011494
2025-03-03 11:00:00+01:00,93.7,726.053651832649,113.07931034482758
2025-03-03 12:00:00+01:00,102.15,698.5638699147092,113.94022988505748
2025-03-03 13:00:00+01:00,97.43333333333334,687.2445479484985,98.26666666666667
2025-03-03 14:00:00+01:00,206.11666666666667,687.2445479484985,155.02183908045978
2025-03-03 15:00:00+01:00,108.08333333333333,708.2661458857467,62.83103448275862
2025-03-03 16:00:00+01:00,98.21666666666667,743.8411577795513,47.02643678160919
2025-03-03 17:00:00+01:00,145.3,779.416169673356,8.481609195402298
2025-03-03 18:00:00+01:00,150.65,827.9275495285442,0.0
2025-03-03 19:00:00+01:00,226.73333333333332,848.9491474657921,0.0
2025-03-03 20:00:00+01:00,114.85,850.5661934609652,0.0
2025-03-03 21:00:00+01:00,121.58333333333333,808.5229975864688,0.0
2025-03-03 22:00:00+01:00,88.9,695.3297779243632,0.0
2025-03-03 23:00:00+01:00,95.1,465.70924660980614,0.0
2025-03-04 00:00:00+01:00,96.55,349.2819349573546,0.0
2025-03-04 01:00:00+01:00,96.1,345.59351492387265,0.0
2025-03-04 02:00:00+01:00,96.0,376.23519316265083,0.0
2025-03-04 03:00:00+01:00,104.0,395.35863774452406,0.0
2025-03-04 04:00:00+01:00,96.3,454.4776863792193,0.0
2025-03-04 05:00:00+01:00,95.61666666666666,615.2075998547967,0.0
2025-03-04 06:00:00+01:00,99.38333333333334,908.9553727584386,0.0
2025-03-04 07:00:00+01:00,88.5,1150.973978106722,1.7563218390804598
2025-03-04 08:00:00+01:00,98.81666666666666,1065.9903456943475,28.54252873563218
2025-03-04 09:00:00+01:00,454.46666666666664,971.7693619328023,26.42528735632184
2025-03-04 10:00:00+01:00,384.26666666666665,896.0230808695991,402.6390804597701
2025-03-04 11:00:00+01:00,100.66666666666667,829.5141511555668,470.1770114942529
2025-03-04 12:00:00+01:00,98.86666666666666,798.107156568385,266.2264367816092
2025-03-04 13:00:00+01:00,91.76666666666667,785.1748646795454,272.5436781609195
2025-03-04 14:00:00+01:00,108.51666666666667,785.1748646795454,248.08390804597698
2025-03-04 15:00:00+01:00,194.55,809.1919781873902,107.89425287356322
2025-03-04 16:00:00+01:00,140.35,849.8363241237432,70.43793103448276
2025-03-04 17:00:00+01:00,140.88333333333333,890.4806700600964,11.166666666666666
2025-03-04 18:00:00+01:00,150.75,945.904778155123,0.9735632183908046
2025-03-04 19:00:00+01:00,195.98333333333332,969.9218916629677,0.0
2025-03-04 20:00:00+01:00,129.25,971.7693619328023,0.0
2025-03-04 21:00:00+01:00,121.7,923.7351349171124,0.0
2025-03-04 22:00:00+01:00,95.73333333333333,794.4122160287164,0.0
2025-03-04 23:00:00+01:00,94.51666666666667,532.0714377122566,0.0
2025-03-05 00:00:00+01:00,101.8,399.0535782841925,0.0
2025-03-05 01:00:00+01:00,101.85,484.9299316710765,0.0
2025-03-05 02:00:00+01:00,97.46666666666667,562.305251567744,0.0
2025-03-05 03:00:00+01:00,113.41666666666667,592.6576365474399,0.0
2025-03-05 04:00:00+01:00,95.36666666666666,681.2793392087393,0.0
2025-03-05 05:00:00+01:00,94.33333333333333,922.2195933191473,0.0
2025-03-05 06:00:00+01:00,95.05,1362.5586784174786,0.0
2025-03-05 07:00:00+01:00,96.98333333333333,1725.353773687173,24.51609195402299
2025-03-05 08:00:00+01:00,75.06666666666666,1597.9600761115553,124.87471264367815
2025-03-05 09:00:00+01:00,527.1333333333333,1456.7192374951092,44.670114942528734
2025-03-05 10:00:00+01:00,142.58333333333334,1343.1726809603192,429.60114942528736
2025-03-05 11:00:00+01:00,97.18333333333334,1243.4732654663576,203.20919540229886
2025-03-05 12:00:00+01:00,96.98333333333333,1196.3929859275422,525.9563218390805
2025-03-05 13:00:00+01:00,89.71666666666667,1177.0069884703828,226.4896551724138
2025-03-05 14:00:00+01:00,153.16666666666666,1177.0069884703828,169.7080459770115
2025-03-05 15:00:00+01:00,143.7,1213.0095551765357,476.73333333333335
2025-03-05 16:00:00+01:00,139.7,1273.9369757561792,340.17011494252876
2025-03-05 17:00:00+01:00,138.76666666666668,1334.8643963358224,95.60114942528736
2025-03-05 18:00:00+01:00,148.18333333333334,1417.9472425807905,1.3551724137931034
2025-03-05 19:00:00+01:00,220.51666666666668,1453.9498092869435,0.0
2025-03-05 20:00:00+01:00,113.86666666666666,1456.7192374951092,0.0
2025-03-05 21:00:00+01:00,125.08333333333333,1384.7141040828035,0.0
2025-03-05 22:00:00+01:00,102.21666666666667,1190.8541295112107,0.0
2025-03-05 23:00:00+01:00,92.6,797.5953239516947,0.0
2025-03-06 00:00:00+01:00,94.11666666666666,598.1964929637711,0.0
2025-03-06 01:00:00+01:00,79.65,436.41460645661,0.0
2025-03-06 02:00:00+01:00,90.21666666666667,421.35098715539027,0.0
2025-03-06 03:00:00+01:00,103.55,440.0773605680209,0.0
2025-03-06 04:00:00+01:00,101.61666666666666,505.8833210267903,0.0
2025-03-06 05:00:00+01:00,99.38333333333334,684.7932760240699,0.0
2025-03-06 06:00:00+01:00,101.05,1011.7666420535807,0.016091954022988506
2025-03-06 07:00:00+01:00,97.25,1281.1597926816683,17.69080459770115
2025-03-06 08:00:00+01:00,98.1,1186.5637245221872,80.12988505747126
2025-03-06 09:00:00+01:00,100.21666666666667,1081.6854750410234,220.40574712643678
2025-03-06 10:00:00+01:00,585.1833333333333,997.371588203225,375.6655172413793
2025-03-06 11:00:00+01:00,96.95,923.3398826871094,279.9689655172414
2025-03-06 12:00:00+01:00,97.05,888.380466193388,506.3919540229885
2025-03-06 13:00:00+01:00,97.41666666666667,873.9854123430323,351.316091954023
2025-03-06 14:00:00+01:00,112.43333333333334,873.9854123430323,259.0931034482759
2025-03-06 15:00:00+01:00,167.61666666666667,900.7190837794074,179.55057471264368
2025-03-06 16:00:00+01:00,174.38333333333333,945.9606815948114,39.45287356321839
2025-03-06 17:00:00+01:00,142.98333333333332,991.202279410215,14.49080459770115
2025-03-06 18:00:00+01:00,145.8,1052.8953673403116,0.0
2025-03-06 19:00:00+01:00,215.73333333333332,1079.6290387766865,0.0
2025-03-06 20:00:00+01:00,120.2,1081.6854750410234,0.0
2025-03-06 21:00:00+01:00,126.38333333333334,1028.218132168273,0.0
2025-03-06 22:00:00+01:00,100.13333333333334,884.2675936647148,0.0
2025-03-06 23:00:00+01:00,106.23333333333333,592.2536441289253,0.0
2025-03-07 00:00:00+01:00,99.46666666666667,444.190233096694,0.0
2025-03-07 01:00:00+01:00,94.75,268.4402337997058,0.0
2025-03-07 02:00:00+01:00,95.31666666666666,223.63731927995042,0.0
2025-03-07 03:00:00+01:00,105.33333333333333,237.0711710281836,0.0
2025-03-07 04:00:00+01:00,88.7,283.61275061653873,0.0
2025-03-07 05:00:00+01:00,99.03333333333333,443.59943045150925,0.0
2025-03-07 06:00:00+01:00,97.43333333333334,801.3878235369889,0.0
2025-03-07 07:00:00+01:00,98.2,1015.1882047709951,23.956321839080463
2025-03-07 08:00:00+01:00,88.15,965.7377764583678,78.50459770114942
2025-03-07 09:00:00+01:00,266.71666666666664,834.8395838661191,173.64367816091954
2025-03-07 10:00:00+01:00,393.6166666666667,759.2095170350423,420.5229885057471
2025-03-07 11:00:00+01:00,103.7,680.6706014796929,210.22758620689655
2025-03-07 12:00:00+01:00,96.28333333333333,628.3113244427935,552.8931034482758
2025-03-07 13:00:00+01:00,94.81666666666666,605.040534648616,723.5379310344828
2025-03-07 14:00:00+01:00,183.6,581.7697448544384,645.1126436781609
2025-03-07 15:00:00+01:00,142.36666666666667,578.8608961301662,273.74712643678157
2025-03-07 16:00:00+01:00,141.6,606.494959010752,254.37471264367818
2025-03-07 17:00:00+01:00,140.93333333333334,645.7644167884266,39.47471264367816
2025-03-07 18:00:00+01:00,136.96666666666667,705.3958156360067,1.5873563218390805
2025-03-07 19:00:00+01:00,229.88333333333333,765.0272144835866,0.0
2025-03-07 20:00:00+01:00,117.65,810.1143697098056,0.0
2025-03-07 21:00:00+01:00,126.8,781.0258824670836,0.0
2025-03-07 22:00:00+01:00,94.61666666666666,682.125025841829,0.0
2025-03-07 23:00:00+01:00,91.83333333333333,434.87288427869265,0.0
2025-03-08 00:00:00+01:00,96.01666666666667,260.3419608223612,0.0
2025-03-08 01:00:00+01:00,98.15,413.56695338837994,0.0
2025-03-08 02:00:00+01:00,99.38333333333334,491.791392304656,0.0
2025-03-08 03:00:00+01:00,106.21666666666667,518.9718017156754,0.0
2025-03-08 04:00:00+01:00,98.31666666666666,596.5750617853092,0.0
2025-03-08 05:00:00+01:00,98.66666666666667,807.5589250996256,0.0
2025-03-08 06:00:00+01:00,98.28333333333333,1193.1501235706185,0.0
2025-03-08 07:00:00+01:00,97.95,1510.8384694806812,3.352873563218391
2025-03-08 08:00:00+01:00,97.16666666666667,1399.2837831305826,31.82183908045977
2025-03-08 09:00:00+01:00,95.75,1275.6035873946041,62.52758620689655
2025-03-08 10:00:00+01:00,562.35,1176.1744104303857,304.1655172413793
2025-03-08 11:00:00+01:00,94.31666666666666,1088.870742852048,157.86206896551724
2025-03-08 12:00:00+01:00,87.23333333333333,1047.644010940055,244.9367816091954
2025-03-08 13:00:00+01:00,89.93333333333334,1030.6682977998228,346.72528735632187
2025-03-08 14:00:00+01:00,255.38333333333333,1030.6682977998228,320.9551724137931
2025-03-08 15:00:00+01:00,185.41666666666666,1062.194622203111,441.7057471264368
2025-03-08 16:00:00+01:00,144.08333333333334,1115.5468635009845,244.63333333333333
2025-03-08 17:00:00+01:00,141.63333333333333,1168.8991047988575,32.46206896551724
2025-03-08 18:00:00+01:00,150.7,1241.6521611141393,1.3724137931034481
2025-03-08 19:00:00+01:00,229.26666666666668,1273.1784855174278,0.0
2025-03-08 20:00:00+01:00,126.2,1275.6035873946041,0.0
2025-03-08 21:00:00+01:00,117.36666666666666,1212.5509385880264,0.0
2025-03-08 22:00:00+01:00,97.13333333333334,1042.793807185703,0.0
2025-03-08 23:00:00+01:00,94.75,698.4293406267033,0.0
2025-03-09 00:00:00+01:00,97.51666666666667,523.8220054700275,0.0
2025-03-09 01:00:00+01:00,94.31666666666666,433.15170029500825,0.0
2025-03-09 02:00:00+01:00,97.43333333333334,441.2196227916148,0.0
2025-03-09 03:00:00+01:00,110.63333333333334,462.105919804923,0.0
2025-03-09 04:00:00+01:00,98.63333333333334,531.2058704299583,0.0
2025-03-09 05:00:00+01:00,98.36666666666666,719.0713611917727,0.0
2025-03-09 06:00:00+01:00,98.66666666666667,1062.4117408599166,0.09770114942528733
2025-03-09 07:00:00+01:00,84.03333333333333,1345.2896637311544,66.19885057471264
2025-03-09 08:00:00+01:00,93.53333333333333,1245.9584847076665,191.76436781609195
2025-03-09 09:00:00+01:00,93.38333333333334,1135.8304383990164,157.48160919540229
2025-03-09 10:00:00+01:00,546.1833333333333,1047.2961266606899,137.36206896551724
2025-03-09 11:00:00+01:00,86.71666666666667,969.5586822075254,309.6126436781609
2025-03-09 12:00:00+01:00,94.55,932.8493334379754,347.68850574712644
2025-03-09 13:00:00+01:00,99.01666666666667,917.7337192387489,603.4448275862069
2025-03-09 14:00:00+01:00,176.91666666666666,917.7337192387489,172.71264367816093
2025-03-09 15:00:00+01:00,140.71666666666667,945.8055741801695,49.190804597701145
2025-03-09 16:00:00+01:00,155.15,993.3117902348812,79.60804597701149
2025-03-09 17:00:00+01:00,147.11666666666667,1040.8180062895926,4.5712643678160925
2025-03-09 18:00:00+01:00,151.41666666666666,1105.5992100005635,5.17816091954023
2025-03-09 19:00:00+01:00,209.58333333333334,1133.6710649419838,0.0
2025-03-09 20:00:00+01:00,123.5,1135.8304383990164,0.0
2025-03-09 21:00:00+01:00,117.18333333333334,1079.6867285161752,0.0
2025-03-09 22:00:00+01:00,92.41666666666667,928.5305865239105,0.0
2025-03-09 23:00:00+01:00,96.73333333333333,621.8995556253168,0.0
2025-03-10 00:00:00+01:00,75.38333333333334,466.4246667189877,0.0
2025-03-10 01:00:00+01:00,91.96666666666667,533.6650439324944,0.0
2025-03-10 02:00:00+01:00,93.8,607.4382487968045,0.0
2025-03-10 03:00:00+01:00,104.33333333333333,639.6584510554877,0.0
2025-03-10 04:00:00+01:00,95.95,735.3083128955607,0.0
2025-03-10 05:00:00+01:00,93.5,995.3563747732592,0.0
2025-03-10 06:00:00+01:00,100.88333333333334,1470.6166257911214,0.0
2025-03-10 07:00:00+01:00,97.23333333333333,1862.18324769892,5.336781609195402
2025-03-10 08:00:00+01:00,97.75,1724.6865713038153,21.960919540229884
2025-03-10 09:00:00+01:00,99.11666666666666,1572.244603996199,54.17471264367816
2025-03-10 10:00:00+01:00,581.3833333333333,1449.6932185136056,85.59655172413794
2025-03-10 11:00:00+01:00,90.16666666666667,1342.0871239435232,91.15172413793104
2025-03-10 12:00:00+01:00,99.15,1291.2731348409845,115.12528735632185
2025-03-10 13:00:00+01:00,107.78333333333333,1270.3497275634688,108.00459770114942
2025-03-10 14:00:00+01:00,140.2,1270.3497275634688,60.96436781609195
2025-03-10 15:00:00+01:00,187.26666666666668,1309.2074839359984,35.122988505747124
2025-03-10 16:00:00+01:00,141.25,1374.9667639510485,26.543678160919537
2025-03-10 17:00:00+01:00,152.08333333333334,1440.7260439660988,7.578160919540229
2025-03-10 18:00:00+01:00,140.43333333333334,1530.3977894411669,0.0
2025-03-10 19:00:00+01:00,225.73333333333332,1569.2555458136965,0.0
2025-03-10 20:00:00+01:00,127.98333333333333,1572.244603996199,0.0
2025-03-10 21:00:00+01:00,122.38333333333334,1494.5290912511396,0.0
2025-03-10 22:00:00+01:00,102.53333333333333,1285.29501847598,0.0
2025-03-10 23:00:00+01:00,94.55,860.8487565606564,0.0
2025-03-11 00:00:00+01:00,94.48333333333333,645.6365674204923,0.0
2025-03-11 01:00:00+01:00,95.28333333333333,766.5243846157126,0.0
2025-03-11 02:00:00+01:00,99.01666666666667,816.5578429364439,0.0
2025-03-11 03:00:00+01:00,103.63333333333334,846.4228933265016,0.0
2025-03-11 04:00:00+01:00,95.36666666666666,913.4313723815163,0.0
2025-03-11 05:00:00+01:00,97.91666666666667,1117.9835716020873,0.0
2025-03-11 06:00:00+01:00,98.11666666666666,1611.7302593758802,0.39425287356321836
2025-03-11 07:00:00+01:00,95.7,2027.8881819280768,38.61609195402299
2025-03-11 08:00:00+01:00,97.08333333333333,1904.4515099846287,126.69195402298851
2025-03-11 09:00:00+01:00,98.85,1816.282458596451,224.07471264367817
2025-03-11 10:00:00+01:00,574.15,1728.113407208274,79.01954022988505
2025-03-11 11:00:00+01:00,85.33333333333333,1636.4175937645698,216.62758620689655
2025-03-11 12:00:00+01:00,96.9,1579.9894008761364,204.65287356321838
2025-03-11 13:00:00+01:00,94.81666666666666,1548.2485423763926,59.76206896551724
2025-03-11 14:00:00+01:00,145.06666666666666,1555.3020664874468,186.39425287356323
2025-03-11 15:00:00+01:00,183.81666666666666,1583.5161629316635,267.04712643678164
2025-03-11 16:00:00+01:00,447.6333333333333,1636.4175937645698,73.43218390804599
2025-03-11 17:00:00+01:00,962.45,1703.4260728195848,23.316091954022987
2025-03-11 18:00:00+01:00,157.93333333333334,1770.4345518745993,1.5620689655172413
2025-03-11 19:00:00+01:00,207.46666666666667,1788.0683621522346,0.0
2025-03-11 20:00:00+01:00,125.4,1781.0148380411808,0.0
2025-03-11 21:00:00+01:00,127.41666666666667,1696.37254870853,0.0
2025-03-11 22:00:00+01:00,109.66666666666667,1498.8738735990132,0.0
2025-03-11 23:00:00+01:00,94.45,1058.0286166581268,0.0
2025-03-12 00:00:00+01:00,97.26666666666667,846.4228933265016,0.0
2025-03-12 01:00:00+01:00,99.8,617.0753520059225,0.0
2025-03-12 02:00:00+01:00,98.78333333333333,563.6371929420142,0.0
2025-03-12 03:00:00+01:00,100.13333333333334,589.0745489556786,0.0
2025-03-12 04:00:00+01:00,84.98333333333333,677.1604628182099,0.0
2025-03-12 05:00:00+01:00,95.75,916.6440411319671,0.0
2025-03-12 06:00:00+01:00,93.51666666666667,1354.3209256364198,3.957471264367816
2025-03-12 07:00:00+01:00,93.48333333333333,1714.9226355111578,47.02643678160919
2025-03-12 08:00:00+01:00,96.6,1588.2991343337692,144.8793103448276
2025-03-12 09:00:00+01:00,417.06666666666666,1447.9122091153595,377.39080459770116
2025-03-12 10:00:00+01:00,302.25,1335.0521319789914,260.65402298850574
2025-03-12 11:00:00+01:00,97.46666666666667,1235.9554788836435,326.62528735632185
2025-03-12 12:00:00+01:00,96.65,1189.159837144174,270.5609195402299
2025-03-12 13:00:00+01:00,86.9,1169.891043486745,190.1896551724138
2025-03-12 14:00:00+01:00,137.81666666666666,1169.891043486745,168.34597701149426
2025-03-12 15:00:00+01:00,176.88333333333333,1205.6759459933985,130.50344827586207
2025-03-12 16:00:00+01:00,142.06666666666666,1266.2350117738886,115.71149425287356
2025-03-12 17:00:00+01:00,144.13333333333333,1326.7940775543789,24.48505747126437
2025-03-12 18:00:00+01:00,147.93333333333334,1409.3746218005022,1.4977011494252872
2025-03-12 19:00:00+01:00,206.26666666666668,1445.1595243071556,0.0
2025-03-12 20:00:00+01:00,115.8,1447.9122091153595,0.0
2025-03-12 21:00:00+01:00,122.7,1376.3424041020528,0.0
2025-03-12 22:00:00+01:00,95.08333333333333,1183.6544675277653,0.0
2025-03-12 23:00:00+01:00,94.38333333333334,792.7732247627824,0.0
2025-03-13 00:00:00+01:00,94.96666666666667,594.579918572087,0.0
2025-03-13 01:00:00+01:00,94.5,526.5081954938628,0.0
2025-03-13 02:00:00+01:00,94.63333333333334,550.7269076447923,0.0
2025-03-13 03:00:00+01:00,103.95,577.5702228785759,0.0
2025-03-13 04:00:00+01:00,95.51666666666667,663.9358636828491,0.0
2025-03-13 05:00:00+01:00,96.16666666666667,898.7424496194666,0.0
2025-03-13 06:00:00+01:00,96.31666666666666,1327.8717273656982,0.0
2025-03-13 07:00:00+01:00,100.41666666666667,1681.431069408191,9.902298850574713
2025-03-13 08:00:00+01:00,101.53333333333333,1557.2804607520486,56.80344827586207
2025-03-13 09:00:00+01:00,97.15,1419.6352207202383,80.06206896551724
2025-03-13 10:00:00+01:00,581.3333333333334,1308.9792434397634,287.848275862069
2025-03-13 11:00:00+01:00,102.21666666666667,1211.8178975349563,333.96436781609196
2025-03-13 12:00:00+01:00,98.03333333333333,1165.9361508576862,290.63563218390806
2025-03-13 13:00:00+01:00,78.96666666666667,1147.0436669317517,106.52988505747126
2025-03-13 14:00:00+01:00,110.75,1147.0436669317517,124.58275862068966
2025-03-13 15:00:00+01:00,172.56666666666666,1182.1297085084875,63.43448275862069
2025-03-13 16:00:00+01:00,138.48333333333332,1241.506086561425,47.51149425287357
2025-03-13 17:00:00+01:00,147.51666666666668,1300.8824646143628,24.21264367816092
2025-03-13 18:00:00+01:00,146.4,1381.850252868369,3.6402298850574715
2025-03-13 19:00:00+01:00,231.55,1416.9362944451045,0.0
2025-03-13 20:00:00+01:00,132.8,1419.6352207202383,0.0
2025-03-13 21:00:00+01:00,125.05,1349.4631375667668,0.0
2025-03-13 22:00:00+01:00,113.41666666666667,1160.5382983074192,0.0
2025-03-13 23:00:00+01:00,104.51666666666667,777.2907672384574,0.0
2025-03-14 00:00:00+01:00,98.85,582.9680754288431,0.0
2025-03-14 01:00:00+01:00,95.78333333333333,515.3560685603126,0.0
2025-03-14 02:00:00+01:00,96.41666666666667,538.7202314618746,0.0
2025-03-14 03:00:00+01:00,105.28333333333333,564.9603515278195,0.0
2025-03-14 04:00:00+01:00,79.25,649.440404092727,0.0
2025-03-14 05:00:00+01:00,93.98333333333333,879.1205470035696,0.0
2025-03-14 06:00:00+01:00,94.33333333333333,1298.880808185454,0.19195402298850575
2025-03-14 07:00:00+01:00,96.68333333333334,1644.7210233730445,23.632183908045977
2025-03-14 08:00:00+01:00,97.48333333333333,1523.2809478109898,57.777011494252875
2025-03-14 09:00:00+01:00,305.56666666666666,1388.6408640356685,63.92183908045977
2025-03-14 10:00:00+01:00,333.95,1280.4007966868808,62.9551724137931
2025-03-14 11:00:00+01:00,98.56666666666666,1185.3607375513595,113.4896551724138
2025-03-14 12:00:00+01:00,106.53333333333333,1140.4807096262525,125.95517241379311
2025-03-14 13:00:00+01:00,99.85,1122.000698127679,168.3
2025-03-14 14:00:00+01:00,178.96666666666667,1122.000698127679,64.07931034482759
2025-03-14 15:00:00+01:00,149.95,1156.3207194821725,75.31264367816091
2025-03-14 16:00:00+01:00,209.83333333333334,1214.4007556205465,68.31724137931035
2025-03-14 17:00:00+01:00,148.56666666666666,1272.4807917589205,25.505747126436784
2025-03-14 18:00:00+01:00,221.51666666666668,1351.6808410385215,2.6149425287356323
2025-03-14 19:00:00+01:00,134.9,1386.000862393015,0.0
2025-03-14 20:00:00+01:00,115.95,1388.6408640356685,0.0
2025-03-14 21:00:00+01:00,124.78333333333333,1320.0008213266813,0.0
2025-03-14 22:00:00+01:00,99.68333333333334,1135.2007063409458,0.0
2025-03-14 23:00:00+01:00,98.0,760.3204730841683,0.0
2025-03-15 00:00:00+01:00,102.8,570.2403548131263,0.0
2025-03-15 01:00:00+01:00,96.05,444.3392621732059,0.0
2025-03-15 02:00:00+01:00,96.63333333333334,441.6125251308657,0.0
2025-03-15 03:00:00+01:00,105.41666666666667,461.9337291185838,0.0
2025-03-15 04:00:00+01:00,96.95,531.0079316036057,0.0
2025-03-15 05:00:00+01:00,99.11666666666666,718.803419609759,0.0
2025-03-15 06:00:00+01:00,98.35,1062.0158632072114,5.644827586206897
2025-03-15 07:00:00+01:00,100.68333333333334,1344.7883796302697,33.95172413793104
2025-03-15 08:00:00+01:00,102.66666666666667,1245.494213558051,66.50574712643679
2025-03-15 09:00:00+01:00,432.48333333333335,1135.4072033475472,65.91034482758621
2025-03-15 10:00:00+01:00,233.13333333333333,1046.9058814136126,93.17356321839081
2025-03-15 11:00:00+01:00,99.45,969.1974036179632,86.52643678160919
2025-03-15 12:00:00+01:00,99.73333333333333,932.5017335477953,109.19540229885057
2025-03-15 13:00:00+01:00,77.81666666666666,917.3917517541969,207.38045977011495
2025-03-15 14:00:00+01:00,173.03333333333333,917.3917517541969,179.08045977011494
2025-03-15 15:00:00+01:00,116.61666666666666,945.4531465137369,56.42988505747126
2025-03-15 16:00:00+01:00,102.45,992.9416607221895,19.98505747126437
2025-03-15 17:00:00+01:00,145.95,1040.4301749306421,23.956321839080463
2025-03-15 18:00:00+01:00,148.75,1105.1872397603502,3.0310344827586206
2025-03-15 19:00:00+01:00,217.73333333333332,1133.24863451989,0.0
2025-03-15 20:00:00+01:00,128.2,1135.4072033475472,0.0
2025-03-15 21:00:00+01:00,123.01666666666667,1079.284413828467,0.0
2025-03-15 22:00:00+01:00,101.51666666666667,928.1845958924815,0.0
2025-03-15 23:00:00+01:00,95.21666666666667,621.6678223651969,0.0
2025-03-16 00:00:00+01:00,96.31666666666666,466.25086677389766,0.0
2025-03-16 01:00:00+01:00,105.5,403.2720964901852,0.0
2025-03-16 02:00:00+01:00,97.93333333333334,418.08712102024,0.0
2025-03-16 03:00:00+01:00,107.03333333333333,438.26955882342014,0.0
2025-03-16 04:00:00+01:00,99.98333333333333,503.80519378766996,0.0
2025-03-16 05:00:00+01:00,88.88333333333334,681.9802013467239,0.0
2025-03-16 06:00:00+01:00,95.95,1007.6103875753399,0.7655172413793103
2025-03-16 07:00:00+01:00,93.85,1275.8968932102375,11.193103448275862
2025-03-16 08:00:00+01:00,92.6,1181.6894179491283,37.257471264367815
2025-03-16 09:00:00+01:00,412.65,1077.2419997248555,60.14252873563218
2025-03-16 10:00:00+01:00,298.45,993.2744674269103,127.55287356321838
2025-03-16 11:00:00+01:00,93.98333333333333,919.5468780921292,63.829885057471266
2025-03-16 12:00:00+01:00,101.8,884.7310720173715,72.4896551724138
2025-03-16 13:00:00+01:00,102.8,870.395151868942,93.66436781609195
2025-03-16 14:00:00+01:00,167.18333333333334,870.395151868942,87.2448275862069
2025-03-16 15:00:00+01:00,145.0,897.0190035731684,48.767816091954025
2025-03-16 16:00:00+01:00,149.21666666666667,942.0747526110899,22.713793103448275
2025-03-16 17:00:00+01:00,154.55,987.1305016490118,15.056321839080459
2025-03-16 18:00:00+01:00,155.61666666666667,1048.5701594279958,1.8954022988505745
2025-03-16 19:00:00+01:00,208.2,1075.1940111322222,0.0
2025-03-16 20:00:00+01:00,128.18333333333334,1077.2419997248555,0.0
2025-03-16 21:00:00+01:00,109.61666666666666,1023.9942963164024,0.0
2025-03-16 22:00:00+01:00,100.11666666666666,880.6350948321059,0.0
2025-03-16 23:00:00+01:00,97.06666666666666,589.8207146782477,0.0
2025-03-17 00:00:00+01:00,98.23333333333333,442.36553600868575,0.0
2025-03-17 01:00:00+01:00,95.95,429.54013329790615,0.0
2025-03-17 02:00:00+01:00,96.9,464.47734149159504,0.0
2025-03-17 03:00:00+01:00,103.75,487.9214623056656,0.0
2025-03-17 04:00:00+01:00,96.31666666666666,560.8816809681952,0.0
2025-03-17 05:00:00+01:00,95.15,759.242275456947,0.0
2025-03-17 06:00:00+01:00,95.75,1121.7633619363903,5.012643678160919
2025-03-17 07:00:00+01:00,96.21666666666667,1420.4442570861202,54.21264367816092
2025-03-17 08:00:00+01:00,97.78333333333333,1315.563942758734,70.43333333333334
2025-03-17 09:00:00+01:00,107.66666666666667,1199.2835942653278,117.32183908045977
2025-03-17 10:00:00+01:00,551.2333333333333,1105.8033141039618,146.9609195402299
2025-03-17 11:00:00+01:00,100.9,1023.7230681086162,273.2390804597701
2025-03-17 12:00:00+01:00,98.01666666666667,984.9629519441474,471.0413793103448
2025-03-17 13:00:00+01:00,90.45,969.0029041117191,211.5206896551724
2025-03-17 14:00:00+01:00,173.95,969.0029041117191,481.2597701149425
2025-03-17 15:00:00+01:00,138.55,998.6429929433717,276.4068965517242
2025-03-17 16:00:00+01:00,160.1,1048.8031432738608,262.51724137931035
2025-03-17 17:00:00+01:00,144.66666666666666,1098.9632936043497,134.73678160919542
2025-03-17 18:00:00+01:00,146.51666666666668,1167.363498600471,3.3655172413793104
2025-03-17 19:00:00+01:00,205.15,1197.0035874321236,0.0
2025-03-17 20:00:00+01:00,128.33333333333334,1199.2835942653278,0.0
2025-03-17 21:00:00+01:00,128.91666666666666,1140.0034166020225,0.0
2025-03-17 22:00:00+01:00,104.51666666666667,980.4029382777395,0.0
2025-03-17 23:00:00+01:00,96.23333333333333,656.641967962765,0.0
2025-03-18 00:00:00+01:00,100.65,492.4814759720737,0.0
2025-03-18 01:00:00+01:00,93.11666666666666,577.2037388373232,0.0
2025-03-18 02:00:00+01:00,101.55,718.3587133931239,0.0
2025-03-18 03:00:00+01:00,112.53333333333333,745.839814396625,0.0
2025-03-18 04:00:00+01:00,87.48333333333333,804.8854663696912,0.0
2025-03-18 05:00:00+01:00,97.63333333333334,985.1300881822091,0.0
2025-03-18 06:00:00+01:00,102.75,1420.2033132469069,3.667816091954023
2025-03-18 07:00:00+01:00,92.93333333333334,1786.907888658581,50.85632183908046
2025-03-18 08:00:00+01:00,94.98333333333333,1678.1395823924063,222.5241379310345
2025-03-18 09:00:00+01:00,94.71666666666667,1600.4479350594245,278.39310344827584
2025-03-18 10:00:00+01:00,597.35,1522.756287726443,460.3632183908046
2025-03-18 11:00:00+01:00,95.56666666666666,1441.9569745001418,580.4793103448276
2025-03-18 12:00:00+01:00,95.01666666666667,1392.2343202070335,536.4574712643678
2025-03-18 13:00:00+01:00,103.16666666666667,1364.2653271671602,700.6655172413793
2025-03-18 14:00:00+01:00,105.91666666666667,1370.4806589537989,525.732183908046
2025-03-18 15:00:00+01:00,197.88333333333333,1395.3419861003529,171.65402298850574
2025-03-18 16:00:00+01:00,138.03333333333333,1441.9569745001418,247.71724137931037
2025-03-18 17:00:00+01:00,154.25,1501.0026264732082,44.728735632183906
2025-03-18 18:00:00+01:00,153.01666666666668,1560.0482784462743,8.683908045977011
2025-03-18 19:00:00+01:00,219.0,1575.5866079128705,0.0
2025-03-18 20:00:00+01:00,131.85,1569.3712761262323,0.0
2025-03-18 21:00:00+01:00,119.31666666666666,1494.7872946865696,0.0
2025-03-18 22:00:00+01:00,101.51666666666667,1320.7580046606904,0.0
2025-03-18 23:00:00+01:00,97.8,932.2997679957814,0.0
2025-03-19 00:00:00+01:00,95.33333333333333,745.839814396625,0.0
2025-03-19 01:00:00+01:00,96.26666666666667,753.2036322584063,0.0
2025-03-19 02:00:00+01:00,96.61666666666666,787.8311423159338,0.0
2025-03-19 03:00:00+01:00,103.28333333333333,815.9292840081682,0.0
2025-03-19 04:00:00+01:00,96.83333333333333,880.5236856588148,0.0
2025-03-19 05:00:00+01:00,85.8,1077.7065959607887,0.0
2025-03-19 06:00:00+01:00,99.91666666666667,1553.6653449655535,6.096551724137931
2025-03-19 07:00:00+01:00,98.1,1954.83057626957,85.41954022988506
2025-03-19 08:00:00+01:00,100.38333333333334,1835.8408890183787,218.45632183908046
2025-03-19 09:00:00+01:00,566.8666666666667,1750.8482552675275,429.1471264367816
2025-03-19 10:00:00+01:00,133.46666666666667,1665.8556215166768,378.9413793103448
2025-03-19 11:00:00+01:00,102.45,1577.4632824157918,312.61379310344824
2025-03-19 12:00:00+01:00,96.75,1523.0679968152474,683.1103448275862
2025-03-19 13:00:00+01:00,118.31666666666666,1492.4706486649413,312.27471264367813
2025-03-19 14:00:00+01:00,588.5333333333333,1499.2700593650093,237.38390804597702
2025-03-19 15:00:00+01:00,250.78333333333333,1526.4677021652817,428.5816091954023
2025-03-19 16:00:00+01:00,139.81666666666666,1577.4632824157918,144.15402298850574
2025-03-19 17:00:00+01:00,143.83333333333334,1642.057684066439,111.89080459770115
2025-03-19 18:00:00+01:00,146.48333333333332,1706.6520857170856,8.398850574712643
2025-03-19 19:00:00+01:00,228.55,1723.6506124672558,0.0
2025-03-19 20:00:00+01:00,124.63333333333334,1716.8512017671871,0.0
2025-03-19 21:00:00+01:00,124.85,1635.2582733663703,0.0
2025-03-19 22:00:00+01:00,106.3,1444.8747737644642,0.0
2025-03-19 23:00:00+01:00,98.55,1019.9116050102103,0.0
2025-03-20 00:00:00+01:00,99.36666666666666,815.9292840081682,0.0
2025-03-20 01:00:00+01:00,107.31666666666666,602.089638614699,0.0
2025-03-20 02:00:00+01:00,99.55,553.4201526413318,0.0
2025-03-20 03:00:00+01:00,105.71666666666667,578.5844803127005,0.0
2025-03-20 04:00:00+01:00,95.56666666666666,665.1017857800202,0.0
2025-03-20 05:00:00+01:00,96.98333333333333,900.3207100192957,0.0
2025-03-20 06:00:00+01:00,81.86666666666666,1330.2035715600405,11.24367816091954
2025-03-20 07:00:00+01:00,94.0,1684.3837908168805,141.95517241379312
2025-03-20 08:00:00+01:00,94.73333333333333,1560.015164207608,371.22643678160915
2025-03-20 09:00:00+01:00,93.13333333333334,1422.1282086190674,582.9022988505748
2025-03-20 10:00:00+01:00,567.5333333333333,1311.2779109890641,658.6689655172414
2025-03-20 11:00:00+01:00,102.88333333333334,1213.9459423383294,770.9091954022988
2025-03-20 12:00:00+01:00,98.28333333333333,1167.983623808816,638.8540229885058
2025-03-20 13:00:00+01:00,358.0,1149.0579632378399,194.2896551724138
2025-03-20 14:00:00+01:00,126.45,1149.0579632378399,133.316091954023
2025-03-20 15:00:00+01:00,183.98333333333332,1184.2056185839383,159.92988505747127
2025-03-20 16:00:00+01:00,141.9,1243.6862660927206,81.41379310344828
2025-03-20 17:00:00+01:00,145.65,1303.1669136015028,24.467816091954024
2025-03-20 18:00:00+01:00,147.93333333333334,1384.2768874771152,6.710344827586208
2025-03-20 19:00:00+01:00,205.18333333333334,1419.4245428232136,0.0
2025-03-20 20:00:00+01:00,130.76666666666668,1422.1282086190674,0.0
2025-03-20 21:00:00+01:00,129.76666666666668,1351.8328979268704,0.0
2025-03-20 22:00:00+01:00,101.58333333333333,1162.5762922171084,0.0
2025-03-20 23:00:00+01:00,95.35,778.6557492058772,0.0
2025-03-21 00:00:00+01:00,95.4,583.991811904408,0.0
2025-03-21 01:00:00+01:00,95.51666666666667,369.51693855971956,0.0
2025-03-21 02:00:00+01:00,97.11666666666666,333.9890255945395,0.0
2025-03-21 03:00:00+01:00,109.01666666666667,347.6390013028051,0.0
2025-03-21 04:00:00+01:00,101.0,399.62240336677604,0.0
2025-03-21 05:00:00+01:00,100.16666666666667,540.9522777281969,0.0
2025-03-21 06:00:00+01:00,103.45,799.2448067335521,1.3977011494252873
2025-03-21 07:00:00+01:00,100.56666666666666,1012.0518589329328,20.891954022988507
2025-03-21 08:00:00+01:00,95.53333333333333,937.3257184659747,62.48620689655172
2025-03-21 09:00:00+01:00,95.31666666666666,854.4771714265212,481.88505747126436
2025-03-21 10:00:00+01:00,568.85,787.8734375320583,728.7091954022987
2025-03-21 11:00:00+01:00,113.25,729.3921102100913,824.1471264367816
2025-03-21 12:00:00+01:00,95.18333333333334,701.7759278636066,844.7701149425287
2025-03-21 13:00:00+01:00,101.23333333333333,690.4045586621131,801.8333333333334
2025-03-21 14:00:00+01:00,128.58333333333334,690.4045586621131,687.3241379310344
2025-03-21 15:00:00+01:00,208.96666666666667,711.5228157506012,538.8540229885058
2025-03-21 16:00:00+01:00,120.15,747.2614046695811,321.4655172413793
2025-03-21 17:00:00+01:00,141.03333333333333,782.9999935885612,101.61609195402299
2025-03-21 18:00:00+01:00,152.05,831.7344330235339,11.351724137931035
2025-03-21 19:00:00+01:00,220.7,852.8526901120221,0.0
2025-03-21 20:00:00+01:00,127.81666666666666,854.4771714265212,0.0
2025-03-21 21:00:00+01:00,126.4,812.2406572495446,0.0
2025-03-21 22:00:00+01:00,108.93333333333334,698.5269652346085,0.0
2025-03-21 23:00:00+01:00,91.71666666666667,467.8506185757377,0.0
2025-03-22 00:00:00+01:00,96.96666666666667,350.8879639318033,0.0
2025-03-22 01:00:00+01:00,100.88333333333334,231.97386006077534,0.0
2025-03-22 02:00:00+01:00,98.96666666666667,241.09396982806774,0.0
2025-03-22 03:00:00+01:00,104.01666666666667,256.7454368757819,0.0
2025-03-22 04:00:00+01:00,94.75,307.14944902317467,0.0
2025-03-22 05:00:00+01:00,98.15,480.4132407798373,0.0
2025-03-22 06:00:00+01:00,99.6,867.8940841629192,4.659770114942529
2025-03-22 07:00:00+01:00,99.1,1099.4375149650045,40.135632183908044
2025-03-22 08:00:00+01:00,97.75,1045.8832520583999,94.39425287356322
2025-03-22 09:00:00+01:00,100.66666666666667,904.1219678938576,250.6425287356322
2025-03-22 10:00:00+01:00,545.45,822.2154481543445,703.9045977011494
2025-03-22 11:00:00+01:00,99.8,737.1586776556193,809.3505747126437
2025-03-22 12:00:00+01:00,98.46666666666667,680.4541639898023,809.3724137931035
2025-03-22 13:00:00+01:00,96.05,655.252157916106,782.6850574712644
2025-03-22 14:00:00+01:00,108.25,630.0501518424095,697.2632183908046
2025-03-22 15:00:00+01:00,197.86666666666667,626.8999010831975,554.2494252873563
2025-03-22 16:00:00+01:00,140.05,656.8272832957119,347.30574712643676
2025-03-22 17:00:00+01:00,139.81666666666666,699.3556685450746,129.9287356321839
2025-03-22 18:00:00+01:00,145.33333333333334,763.9358091089217,13.022988505747126
2025-03-22 19:00:00+01:00,232.3,828.5159496727686,0.0
2025-03-22 20:00:00+01:00,127.36666666666666,877.3448364405552,0.0
2025-03-22 21:00:00+01:00,128.83333333333334,845.8423288484348,0.0
2025-03-22 22:00:00+01:00,106.68333333333334,738.733803035225,0.0
2025-03-22 23:00:00+01:00,101.66666666666667,470.9624885022011,0.0
2025-03-23 00:00:00+01:00,100.21666666666667,281.9474429494783,0.0
2025-03-23 01:00:00+01:00,88.56666666666666,403.8593227772257,0.0
2025-03-23 02:00:00+01:00,99.8,466.09685688104304,0.0
2025-03-23 03:00:00+01:00,106.93333333333334,491.16928560886936,0.0
2025-03-23 04:00:00+01:00,98.38333333333334,564.6151600924386,0.0
2025-03-23 05:00:00+01:00,96.43333333333334,764.2961313446426,0.0
2025-03-23 06:00:00+01:00,101.56666666666666,1129.2303201848772,12.935632183908046
2025-03-23 07:00:00+01:00,94.1,1429.8993688519888,51.405747126436786
2025-03-23 08:00:00+01:00,96.58333333333333,1324.3209242818582,40.66206896551724
2025-03-23 09:00:00+01:00,577.4333333333333,1207.2665618236695,88.78620689655172
2025-03-23 10:00:00+01:00,98.88333333333334,1113.1640351415963,112.5367816091954
2025-03-23 11:00:00+01:00,98.51666666666667,1030.537426347581,153.5103448275862
2025-03-23 12:00:00+01:00,460.51666666666665,991.5193055281849,197.7080459770115
2025-03-23 13:00:00+01:00,291.95,975.4530204849041,266.1448275862069
2025-03-23 14:00:00+01:00,269.35,975.4530204849041,580.4344827586207
2025-03-23 15:00:00+01:00,139.96666666666667,1005.2904069938539,179.89885057471264
2025-03-23 16:00:00+01:00,145.76666666666668,1055.7844457013082,44.89195402298851
2025-03-23 17:00:00+01:00,149.63333333333333,1106.2784844087619,9.99655172413793
2025-03-23 18:00:00+01:00,208.81666666666666,1175.1339917371079,1.4873563218390804
2025-03-23 19:00:00+01:00,127.76666666666667,1204.971378246058,0.0
2025-03-23 20:00:00+01:00,125.8,1207.2665618236695,0.0
2025-03-23 21:00:00+01:00,96.78333333333333,1147.5917888057693,0.0
2025-03-23 22:00:00+01:00,98.76666666666667,986.9289383729619,0.0
2025-03-23 23:00:00+01:00,98.4,661.0128703521233,0.0
2025-03-24 00:00:00+01:00,100.1,495.75965276409244,0.0
2025-03-24 01:00:00+01:00,99.98333333333333,496.60324963690226,0.0
2025-03-24 02:00:00+01:00,107.0,542.5763897806903,0.0
2025-03-24 03:00:00+01:00,100.41666666666667,570.2482174967546,0.0
2025-03-24 04:00:00+01:00,100.01666666666667,655.5189789915966,0.0
2025-03-24 05:00:00+01:00,99.81666666666666,887.3488618056978,0.0
2025-03-24 06:00:00+01:00,67.46666666666667,1311.037957983193,11.066666666666666
2025-03-24 07:00:00+01:00,100.05,1660.1151378527015,147.00114942528734
2025-03-24 08:00:00+01:00,86.73333333333333,1537.5384182038663,307.7781609195402
2025-03-24 09:00:00+01:00,96.21666666666667,1401.6381420714627,308.3425287356322
2025-03-24 10:00:00+01:00,553.5666666666667,1292.3849789061962,670.2597701149425
2025-03-24 11:00:00+01:00,99.4,1196.4553722244993,844.7931034482758
2025-03-24 12:00:00+01:00,104.25,1151.1552801803648,704.9632183908046
2025-03-24 13:00:00+01:00,165.71666666666667,1132.502301103368,541.083908045977
2025-03-24 14:00:00+01:00,155.11666666666667,1132.502301103368,387.36896551724135
2025-03-24 15:00:00+01:00,285.98333333333335,1167.1435479606473,509.87471264367815
2025-03-24 16:00:00+01:00,386.35,1225.767196488351,403.11494252873564
2025-03-24 17:00:00+01:00,141.15,1284.3908450160548,161.80689655172412
2025-03-24 18:00:00+01:00,146.48333333333332,1364.3321839174691,14.947126436781609
2025-03-24 19:00:00+01:00,220.5,1398.9734307747483,0.0
2025-03-24 20:00:00+01:00,126.21666666666667,1401.6381420714627,0.0
2025-03-24 21:00:00+01:00,131.85,1332.3556483569032,0.0
2025-03-24 22:00:00+01:00,98.33333333333333,1145.8258575869368,0.0
2025-03-24 23:00:00+01:00,95.65,767.4368534535763,0.0
2025-03-25 00:00:00+01:00,96.06666666666666,575.5776400901824,0.0
2025-03-25 01:00:00+01:00,96.46666666666667,554.2032005431877,0.0
2025-03-25 02:00:00+01:00,96.41666666666667,597.3747965528053,0.0
2025-03-25 03:00:00+01:00,103.45,627.425362163502,0.0
2025-03-25 04:00:00+01:00,97.6,721.2459770664558,0.0
2025-03-25 05:00:00+01:00,96.2,976.3207738338608,0.0
2025-03-25 06:00:00+01:00,95.0,1442.4919541329116,5.090804597701149
2025-03-25 07:00:00+01:00,94.46666666666667,1826.5700963918778,114.74022988505747
2025-03-25 08:00:00+01:00,95.28333333333333,1691.7029624688823,147.70689655172413
2025-03-25 09:00:00+01:00,96.6,1542.1763574672996,141.42988505747127
2025-03-25 10:00:00+01:00,619.8833333333333,1421.9686946228906,222.58505747126438
2025-03-25 11:00:00+01:00,98.38333333333334,1316.4205028570677,352.1908045977012
2025-03-25 12:00:00+01:00,108.51666666666667,1266.5783011898734,456.8
2025-03-25 13:00:00+01:00,721.7166666666667,1246.0550416798526,542.4413793103448
2025-03-25 14:00:00+01:00,634.35,1246.0550416798526,444.9068965517242
2025-03-25 15:00:00+01:00,173.31666666666666,1284.1696664841772,160.80114942528735
2025-03-25 16:00:00+01:00,147.05,1348.6713392299578,185.50344827586207
2025-03-25 17:00:00+01:00,145.66666666666666,1413.1730119757387,53.86551724137931
2025-03-25 18:00:00+01:00,141.98333333333332,1501.1298384472573,11.570114942528736
2025-03-25 19:00:00+01:00,222.76666666666668,1539.2444632515824,0.0
2025-03-25 20:00:00+01:00,131.21666666666667,1542.1763574672996,0.0
2025-03-25 21:00:00+01:00,131.53333333333333,1465.9471078586498,0.0
2025-03-25 22:00:00+01:00,102.0,1260.7145127584388,0.0
2025-03-25 23:00:00+01:00,101.61666666666666,844.3855341265823,0.0
2025-03-26 00:00:00+01:00,99.71666666666667,633.2891505949367,0.0
2025-03-26 01:00:00+01:00,95.98333333333333,551.2211856011353,0.0
2025-03-26 02:00:00+01:00,95.23333333333333,572.8112714756535,0.0
2025-03-26 03:00:00+01:00,103.83333333333333,600.532759591739,0.0
2025-03-26 04:00:00+01:00,96.78333333333333,690.3320507456441,0.0
2025-03-26 05:00:00+01:00,96.78333333333333,934.4738735703232,0.0
2025-03-26 06:00:00+01:00,98.03333333333333,1380.6641014912882,5.463218390804598
2025-03-26 07:00:00+01:00,97.61666666666666,1748.2799496525863,50.41954022988505
2025-03-26 08:00:00+01:00,99.55,1619.193468618848,133.34712643678162
2025-03-26 09:00:00+01:00,101.33333333333333,1476.0758483423122,285.03678160919543
2025-03-26 10:00:00+01:00,621.1166666666667,1361.0205065513715,446.17816091954023
2025-03-26 11:00:00+01:00,100.51666666666667,1259.9963040032285,160.0816091954023
2025-03-26 12:00:00+01:00,94.88333333333334,1212.2904305777163,122.06436781609196
2025-03-26 13:00:00+01:00,91.7,1192.6468356377998,131.73218390804598
2025-03-26 14:00:00+01:00,106.66666666666667,1192.6468356377998,70.483908045977
2025-03-26 15:00:00+01:00,179.81666666666666,1229.1277976690735,89.79655172413794
2025-03-26 16:00:00+01:00,135.88333333333333,1290.8648103373832,74.55402298850575
2025-03-26 17:00:00+01:00,137.41666666666666,1352.601823005693,32.89310344827586
2025-03-26 18:00:00+01:00,142.95,1436.7886584624787,3.417241379310345
2025-03-26 19:00:00+01:00,219.06666666666666,1473.2696204937524,0.0
2025-03-26 20:00:00+01:00,129.25,1476.0758483423122,0.0
2025-03-26 21:00:00+01:00,124.98333333333333,1403.1139242797644,0.0
2025-03-26 22:00:00+01:00,105.35,1206.6779748805973,0.0
2025-03-26 23:00:00+01:00,98.83333333333333,808.1936203851443,0.0
2025-03-27 00:00:00+01:00,98.98333333333333,606.1452152888581,0.0
2025-03-27 01:00:00+01:00,102.36666666666666,485.3629052234996,0.0
2025-03-27 02:00:00+01:00,97.31666666666666,487.8097783175263,0.0
2025-03-27 03:00:00+01:00,100.31666666666666,510.54811240238797,0.0
2025-03-27 04:00:00+01:00,95.56666666666666,586.891755378446,0.0
2025-03-27 05:00:00+01:00,93.71666666666667,794.4510347196036,0.0
2025-03-27 06:00:00+01:00,94.88333333333334,1173.783510756892,9.028735632183908
2025-03-27 07:00:00+01:00,94.33333333333333,1486.3152991901293,37.75632183908046
2025-03-27 08:00:00+01:00,95.46666666666667,1376.571312412046,125.57241379310344
2025-03-27 09:00:00+01:00,93.65,1254.8986314189535,458.983908045977
2025-03-27 10:00:00+01:00,591.55,1157.0833388558792,662.6586206896552
2025-03-27 11:00:00+01:00,99.91666666666667,1071.196740507814,474.6333333333333
2025-03-27 12:00:00+01:00,101.16666666666667,1030.6391801767832,375.5885057471265
2025-03-27 13:00:00+01:00,98.13333333333334,1013.9390082757704,300.78620689655173
2025-03-27 14:00:00+01:00,123.55,1013.9390082757704,418.8724137931034
2025-03-27 15:00:00+01:00,175.8,1044.9536132347941,297.15517241379314
2025-03-27 16:00:00+01:00,139.83333333333334,1097.439867780834,187.77816091954023
2025-03-27 17:00:00+01:00,138.36666666666667,1149.9261223268738,48.691954022988504
2025-03-27 18:00:00+01:00,143.21666666666667,1221.4982876169283,4.8517241379310345
2025-03-27 19:00:00+01:00,231.68333333333334,1252.5128925759516,0.0
2025-03-27 20:00:00+01:00,132.51666666666668,1254.8986314189535,0.0
2025-03-27 21:00:00+01:00,127.0,1192.8694215009066,0.0
2025-03-27 22:00:00+01:00,97.38333333333334,1025.8677024907795,0.0
2025-03-27 23:00:00+01:00,98.21666666666667,687.092786784522,0.0
2025-03-28 00:00:00+01:00,95.5,515.3195900883916,0.0
2025-03-28 01:00:00+01:00,95.73333333333333,376.35035532992566,0.0
2025-03-28 02:00:00+01:00,96.68333333333334,364.0210421973066,0.0
2025-03-28 03:00:00+01:00,104.73333333333333,380.2442466531089,0.0
2025-03-28 04:00:00+01:00,97.83333333333333,437.1031994236673,0.0
2025-03-28 05:00:00+01:00,84.65,591.6884772686228,0.0
2025-03-28 06:00:00+01:00,99.26666666666667,874.2063988473346,8.933333333333334
2025-03-28 07:00:00+01:00,97.85,1106.9727367518076,58.50114942528736
2025-03-28 08:00:00+01:00,104.03333333333333,1025.2379921441304,148.31264367816092
2025-03-28 09:00:00+01:00,98.36666666666666,934.619036166053,363.7459770114943
2025-03-28 10:00:00+01:00,607.9666666666667,861.7685029287751,757.1333333333333
2025-03-28 11:00:00+01:00,101.58333333333333,797.8021810618968,598.9827586206897
2025-03-28 12:00:00+01:00,94.75,767.5958624025377,352.8528735632184
2025-03-28 13:00:00+01:00,97.55,755.157966483978,183.3425287356322
2025-03-28 14:00:00+01:00,100.05,755.157966483978,139.3137931034483
2025-03-28 15:00:00+01:00,182.53333333333333,778.2569160470173,79.14137931034482
2025-03-28 16:00:00+01:00,143.43333333333334,817.3474460767762,58.43563218390805
2025-03-28 17:00:00+01:00,140.88333333333333,856.4379761065351,25.922988505747128
2025-03-28 18:00:00+01:00,144.61666666666667,909.7432443289337,6.227586206896551
2025-03-28 19:00:00+01:00,210.15,932.8421938919729,0.0
2025-03-28 20:00:00+01:00,123.15,934.619036166053,0.0
2025-03-28 21:00:00+01:00,123.26666666666667,888.4211370399742,0.0
2025-03-28 22:00:00+01:00,109.9,764.0421778543777,0.0
2025-03-28 23:00:00+01:00,96.46666666666667,511.73057493502506,0.0
2025-03-29 00:00:00+01:00,97.91666666666667,383.79793120126885,0.0
2025-03-29 01:00:00+01:00,98.61666666666666,301.13974831198175,0.0
2025-03-29 02:00:00+01:00,100.76666666666667,241.5068303648742,0.0
2025-03-29 03:00:00+01:00,110.26666666666667,256.86954301042516,0.0
2025-03-29 04:00:00+01:00,102.41666666666667,307.29791955234913,0.0
2025-03-29 05:00:00+01:00,102.3,480.64546391521276,0.0
2025-03-29 06:00:00+01:00,98.63333333333334,868.3136085812532,22.09080459770115
2025-03-29 07:00:00+01:00,96.31666666666666,1099.9689633207163,171.75862068965517
2025-03-29 08:00:00+01:00,97.11666666666666,1046.3888132449222,406.41379310344826
2025-03-29 09:00:00+01:00,93.18333333333334,904.5590042207609,608.7252873563218
2025-03-29 10:00:00+01:00,599.65,822.6128923401345,743.6551724137931
2025-03-29 11:00:00+01:00,96.11666666666666,737.515006925638,826.3597701149425
2025-03-29 12:00:00+01:00,95.4,680.7830833159735,849.6494252873563
2025-03-29 13:00:00+01:00,95.91666666666667,655.5688950450113,810.3172413793104
2025-03-29 14:00:00+01:00,110.63333333333334,630.3547067740495,720.8551724137931
2025-03-29 15:00:00+01:00,188.56666666666666,627.2029332401792,568.7034482758621
2025-03-29 16:00:00+01:00,141.35,657.1447818119466,370.45402298850576
2025-03-29 17:00:00+01:00,139.48333333333332,699.693724519195,148.33218390804598
2025-03-29 18:00:00+01:00,142.8,764.305081963535,19.17816091954023
2025-03-29 19:00:00+01:00,223.76666666666668,828.9164394078751,0.28045977011494255
2025-03-29 20:00:00+01:00,129.48333333333332,877.7689291828636,0.0
2025-03-29 21:00:00+01:00,126.36666666666666,846.2511938441613,0.0
2025-03-29 22:00:00+01:00,97.83333333333333,739.090893692573,0.0
2025-03-29 23:00:00+01:00,96.66666666666667,471.190143313602,0.0
2025-03-30 00:00:00+01:00,97.78333333333333,282.08373128138714,0.0
2025-03-30 01:00:00+01:00,91.78333333333333,228.58049855330654,0.0
2025-03-30 01:00:00+01:00,100.06666666666666,238.9594710430728,0.0
2025-03-30 03:00:00+01:00,105.11666666666666,254.5468505443361,0.0
2025-03-30 04:00:00+01:00,97.06666666666666,304.51923838126095,0.0
2025-03-30 05:00:00+01:00,95.6,476.2993215706903,0.0
2025-03-30 06:00:00+01:00,97.5,860.4620530670503,24.29195402298851
2025-03-30 07:00:00+01:00,96.35,1090.022709692924,176.28045977011496
2025-03-30 08:00:00+01:00,87.16666666666667,1036.9270476161914,409.14827586206894
2025-03-30 09:00:00+01:00,99.63333333333334,896.37970682484,612.8563218390805
2025-03-30 10:00:00+01:00,602.8166666666667,815.1745765898371,742.4701149425288
2025-03-30 11:00:00+01:00,100.55,730.8461721150264,811.1827586206896
2025-03-30 12:00:00+01:00,99.71666666666667,674.6272357984859,716.2551724137932
2025-03-30 13:00:00+01:00,123.88333333333334,649.6410418800234,583.3655172413794
2025-03-30 14:00:00+01:00,143.01666666666668,624.654847961561,519.864367816092
2025-03-30 15:00:00+01:00,176.45,621.5315737217533,525.183908045977
2025-03-30 16:00:00+01:00,149.0,651.2026789999273,379.1287356321839
2025-03-30 17:00:00+01:00,133.45,693.3668812373328,143.4287356321839
2025-03-30 18:00:00+01:00,236.68333333333334,757.3940031533926,19.9816091954023
2025-03-30 19:00:00+01:00,123.01666666666667,821.4211250694527,0.28735632183908044
2025-03-30 20:00:00+01:00,127.8,869.8318757864738,0.0
2025-03-30 21:00:00+01:00,104.73333333333333,838.5991333883957,0.0
2025-03-30 22:00:00+01:00,98.68333333333334,732.4078092349303,0.0
2025-03-30 23:00:00+01:00,98.68333333333334,466.9294988512669,0.0
2025-03-31 00:00:00+01:00,96.68333333333334,279.53304446279856,0.0
2025-03-31 01:00:00+01:00,99.35,430.43937940945267,0.0
2025-03-31 03:00:00+01:00,110.66666666666667,507.0217982417238,0.0
2025-03-31 04:00:00+01:00,99.3,534.8003752140502,0.0
2025-03-31 05:00:00+01:00,100.15,614.7705247787682,0.0
2025-03-31 06:00:00+01:00,100.78333333333333,832.1893689078446,0.0
2025-03-31 07:00:00+01:00,92.8,1229.5410495575363,12.329885057471264
2025-03-31 08:00:00+01:00,96.81666666666666,1556.9188493380996,66.85862068965517
2025-03-31 09:00:00+01:00,100.86666666666666,1441.9617593388177,173.03103448275863
2025-03-31 10:00:00+01:00,544.6166666666667,1314.5093334700484,126.43678160919539
2025-03-31 11:00:00+01:00,97.9,1212.0475793402538,109.55862068965517
2025-03-31 12:00:00+01:00,92.98333333333333,1122.0811610799467,190.80459770114942
2025-03-31 13:00:00+01:00,96.03333333333333,1079.5970191236902,256.24827586206897
2025-03-31 14:00:00+01:00,128.6,1062.1035489064082,523.087356321839
2025-03-31 15:00:00+01:00,199.41666666666666,1062.1035489064082,429.6218390804598
2025-03-31 16:00:00+01:00,135.2,1094.5914221670746,435.6
2025-03-31 17:00:00+01:00,173.18333333333334,1149.5708999928183,387.7609195402299
2025-03-31 18:00:00+01:00,139.7,1204.5503778185619,184.5022988505747
2025-03-31 19:00:00+01:00,211.23333333333332,1279.5223930354846,24.217241379310344
2025-03-31 20:00:00+01:00,120.36666666666666,1312.010266296151,0.5137931034482759
2025-03-31 21:00:00+01:00,128.25,1314.5093334700484,0.0
2025-03-31 22:00:00+01:00,97.58333333333333,1249.533586948715,0.0
2025-03-31 23:00:00+01:00,105.2,1074.5988847758952,0.0
2025-04-01 00:00:00+01:00,99.38333333333334,719.73134608246,0.0
2025-04-01 01:00:00+01:00,98.65,539.7985095618451,0.0
2025-04-01 02:00:00+01:00,99.36666666666666,500.52107430106145,0.0
2025-04-01 03:00:00+01:00,103.78333333333333,532.4677683874901,0.0
2025-04-01 04:00:00+01:00,96.11666666666666,558.8921058518937,0.0
2025-04-01 05:00:00+01:00,95.08333333333333,642.464757194233,0.0
2025-04-01 06:00:00+01:00,95.93333333333334,869.6779030312179,0.16781609195402297
2025-04-01 07:00:00+01:00,102.23333333333333,1284.929514388466,39.05862068965517
2025-04-01 08:00:00+01:00,98.25,1627.055055821167,207.77241379310345
2025-04-01 09:00:00+01:00,88.85,1506.9193695165545,448.69310344827585
2025-04-01 10:00:00+01:00,737.65,1373.7254564397012,653.0988505747126
2025-04-01 11:00:00+01:00,133.46666666666667,1266.6479969073291,801.6563218390804
2025-04-01 12:00:00+01:00,98.48333333333333,1172.6287641471974,886.6827586206896
2025-04-01 13:00:00+01:00,101.81666666666666,1128.2307931215798,911.2678160919539
2025-04-01 14:00:00+01:00,136.96666666666667,1109.9492756404431,876.5356321839081
2025-04-01 15:00:00+01:00,192.01666666666668,1109.9492756404431,782.6068965517242
2025-04-01 16:00:00+01:00,144.18333333333334,1143.900665248268,632.2206896551725
2025-04-01 17:00:00+01:00,115.83333333333333,1201.3568630461266,421.63103448275865
2025-04-01 18:00:00+01:00,104.35,1258.8130608439847,177.56206896551723
2025-04-01 19:00:00+01:00,102.16666666666667,1337.162421477428,23.388505747126437
2025-04-01 20:00:00+01:00,223.1,1371.1138110852532,0.5425287356321838
2025-04-01 21:00:00+01:00,126.58333333333333,1373.7254564397012,0.0
2025-04-01 22:00:00+01:00,102.53333333333333,1305.822677224051,0.0
2025-04-01 23:00:00+01:00,90.41666666666667,1123.0075024126834,0.0
2025-04-02 00:00:00+01:00,101.83333333333333,752.1538620810531,0.0
2025-04-02 01:00:00+01:00,94.86666666666666,564.1153965607899,0.0
2025-04-02 02:00:00+01:00,100.25,364.0824951548776,0.0
2025-04-02 03:00:00+01:00,105.35,332.49353638710204,0.0
2025-04-02 04:00:00+01:00,97.81666666666666,346.273367406628,0.0
2025-04-02 05:00:00+01:00,101.95,398.0525625328528,0.0
2025-04-02 06:00:00+01:00,100.73333333333333,538.8272492822763,0.20804597701149424
2025-04-02 07:00:00+01:00,97.65,796.1051250657056,31.97816091954023
2025-04-02 08:00:00+01:00,101.06666666666666,1008.076205113688,175.10689655172413
2025-04-02 09:00:00+01:00,422.65,933.6436121197402,347.4505747126437
2025-04-02 10:00:00+01:00,236.35,851.1205198873193,592.4781609195402
2025-04-02 11:00:00+01:00,99.0,784.7784261318437,643.8436781609196
2025-04-02 12:00:00+01:00,101.15,726.526831614841,491.8
2025-04-02 13:00:00+01:00,108.21666666666667,699.0191342040341,612.9781609195402
2025-04-02 14:00:00+01:00,156.05,687.6924352701724,464.7390804597701
2025-04-02 15:00:00+01:00,135.53333333333333,687.6924352701724,335.0609195402299
2025-04-02 16:00:00+01:00,127.55,708.7277332902012,295.3712643678161
2025-04-02 17:00:00+01:00,140.56666666666666,744.3259299394807,77.81494252873563
2025-04-02 18:00:00+01:00,150.03333333333333,779.9241265887603,12.302298850574713
2025-04-02 19:00:00+01:00,236.63333333333333,828.4671220195961,9.695402298850576
2025-04-02 20:00:00+01:00,140.68333333333334,849.5024200396248,0.0
2025-04-02 21:00:00+01:00,136.81666666666666,851.1205198873193,0.0
2025-04-02 22:00:00+01:00,94.38333333333334,809.0499238472618,0.0
2025-04-02 23:00:00+01:00,99.96666666666667,695.782934508645,0.0
2025-04-03 00:00:00+01:00,101.16666666666667,466.0127561360227,0.0
2025-04-03 01:00:00+01:00,103.81666666666666,349.50956710201706,0.0
2025-04-03 02:00:00+01:00,98.65,338.45175872218226,0.0
2025-04-03 03:00:00+01:00,100.98333333333333,365.70403632887053,0.0
2025-04-03 04:00:00+01:00,97.25,384.14979934749084,0.0
2025-04-03 05:00:00+01:00,97.85,441.59275999758296,0.0
2025-04-03 06:00:00+01:00,100.46666666666667,597.7658092650207,0.0
2025-04-03 07:00:00+01:00,100.36666666666666,883.1855199951659,14.422988505747126
2025-04-03 08:00:00+01:00,102.7,1118.3426401564805,83.23678160919539
2025-04-03 09:00:00+01:00,101.95,1035.768384221973,174.67241379310343
2025-04-03 10:00:00+01:00,551.7166666666667,944.2186656858887,224.69540229885058
2025-04-03 11:00:00+01:00,105.05,870.6198723529583,190.47701149425288
2025-04-03 12:00:00+01:00,103.68333333333334,805.9965416216047,171.2528735632184
2025-04-03 13:00:00+01:00,96.55,775.4799687762433,128.71954022988504
2025-04-03 14:00:00+01:00,141.83333333333334,762.9143211340356,174.87816091954022
2025-04-03 15:00:00+01:00,156.35,762.9143211340356,63.56666666666667
2025-04-03 16:00:00+01:00,102.66666666666667,786.2505238981354,236.0781609195402
2025-04-03 17:00:00+01:00,122.95,825.7425593450738,256.3436781609195
2025-04-03 18:00:00+01:00,141.98333333333332,865.2345947920122,64.69655172413793
2025-04-03 19:00:00+01:00,231.75,919.0873704014734,3.791954022988506
2025-04-03 20:00:00+01:00,118.9,942.4235731655733,0.0
2025-04-03 21:00:00+01:00,127.48333333333333,944.2186656858887,0.0
2025-04-03 22:00:00+01:00,100.26666666666667,897.546260157689,0.0
2025-04-03 23:00:00+01:00,96.91666666666667,771.8897837356124,0.0
2025-04-04 00:00:00+01:00,96.26666666666667,516.9866458508288,0.0
2025-04-04 01:00:00+01:00,103.0,387.7399843881216,0.0
2025-04-04 02:00:00+01:00,101.85,450.0380947869416,0.0
2025-04-04 03:00:00+01:00,106.35,515.3460878396639,0.0
2025-04-04 04:00:00+01:00,99.73333333333333,542.8548751698522,0.0
2025-04-04 05:00:00+01:00,101.28333333333333,624.0294359429141,0.0
2025-04-04 06:00:00+01:00,95.63333333333334,844.7227730446767,0.0
2025-04-04 07:00:00+01:00,102.25,1248.0588718858282,10.267816091954023
2025-04-04 08:00:00+01:00,97.93333333333334,1580.367230050551,37.21379310344828
2025-04-04 09:00:00+01:00,98.61666666666666,1463.6787989392747,63.04367816091954
2025-04-04 10:00:00+01:00,566.1833333333333,1334.306842707207,133.66666666666666
2025-04-04 11:00:00+01:00,103.63333333333334,1230.3019367167212,170.13793103448276
2025-04-04 12:00:00+01:00,106.86666666666666,1138.9805558470266,138.88045977011495
2025-04-04 13:00:00+01:00,103.81666666666666,1095.8565704363375,114.30919540229885
2025-04-04 14:00:00+01:00,219.68333333333334,1078.0996352672298,70.51724137931033
2025-04-04 15:00:00+01:00,145.23333333333332,1078.0996352672298,69.10689655172413
2025-04-04 16:00:00+01:00,143.6,1111.0768005812863,53.56091954022988
2025-04-04 17:00:00+01:00,139.18333333333334,1166.8843111127665,58.186206896551724
2025-04-04 18:00:00+01:00,144.86666666666667,1222.6918216442466,6.847126436781609
2025-04-04 19:00:00+01:00,212.36666666666667,1298.7929723689922,3.4413793103448276
2025-04-04 20:00:00+01:00,129.15,1331.7701376830485,0.0
2025-04-04 21:00:00+01:00,118.93333333333334,1334.306842707207,0.0
2025-04-04 22:00:00+01:00,98.73333333333333,1268.3525120790941,0.0
2025-04-04 23:00:00+01:00,100.36666666666666,1090.7831603880206,0.0
2025-04-05 00:00:00+01:00,99.83333333333333,730.571046957558,0.0
2025-04-05 01:00:00+01:00,102.53333333333333,547.9282852181688,0.0
2025-04-05 02:00:00+01:00,95.28333333333333,467.04124617901897,0.0
2025-04-05 03:00:00+01:00,103.8,481.4458916052489,0.0
2025-04-05 04:00:00+01:00,101.98333333333333,504.541046904404,0.0
2025-04-05 05:00:00+01:00,100.63333333333334,579.9864370957168,0.0
2025-04-05 06:00:00+01:00,103.03333333333333,785.1035916783484,0.0
2025-04-05 07:00:00+01:00,95.93333333333334,1159.9728741914337,2.518390804597701
2025-04-05 08:00:00+01:00,88.16666666666667,1468.8274402871202,13.050574712643678
2025-04-05 09:00:00+01:00,106.11666666666666,1360.3746918871082,34.0264367816092
2025-04-05 10:00:00+01:00,613.95,1240.1336012697034,39.791954022988506
2025-04-05 11:00:00+01:00,108.63333333333334,1143.469195087084,52.35632183908046
2025-04-05 12:00:00+01:00,105.63333333333334,1058.5931311218571,70.50689655172414
2025-04-05 13:00:00+01:00,97.23333333333333,1018.5127675827222,76.63448275862068
2025-04-05 14:00:00+01:00,123.28333333333333,1002.0090884783725,55.64712643678161
2025-04-05 15:00:00+01:00,191.1,1002.0090884783725,47.336781609195405
2025-04-05 16:00:00+01:00,148.26666666666668,1032.6587782435931,68.34942528735633
2025-04-05 17:00:00+01:00,145.11666666666667,1084.527484000121,41.204597701149424
2025-04-05 18:00:00+01:00,149.15,1136.396189756648,15.235632183908047
2025-04-05 19:00:00+01:00,227.26666666666668,1207.126243061004,6.274712643678161
2025-04-05 20:00:00+01:00,132.66666666666666,1237.7759328262248,0.0
2025-04-05 21:00:00+01:00,129.96666666666667,1240.1336012697034,0.0
2025-04-05 22:00:00+01:00,103.68333333333334,1178.8342217392617,0.0
2025-04-05 23:00:00+01:00,100.58333333333333,1013.7974306957651,0.0
2025-04-06 00:00:00+01:00,85.25,679.0085117218148,0.0
2025-04-06 01:00:00+01:00,102.96666666666667,509.2563837913611,0.0
2025-04-06 02:00:00+01:00,100.73333333333333,246.73651239825486,0.0
2025-04-06 03:00:00+01:00,116.43333333333334,182.96982868065965,0.0
2025-04-06 04:00:00+01:00,102.91666666666667,192.88186464814467,0.0
2025-04-06 05:00:00+01:00,100.55,230.7482429839767,0.0
2025-04-06 06:00:00+01:00,100.31666666666666,360.91391851339944,0.0
2025-04-06 07:00:00+01:00,91.08333333333333,652.0117019701086,25.942528735632187
2025-04-06 08:00:00+01:00,105.58333333333333,825.9603774503371,128.9390804597701
2025-04-06 09:00:00+01:00,98.05,785.7273504685156,316.85977011494253
2025-04-06 10:00:00+01:00,555.95,679.2281613989879,589.4137931034483
2025-04-06 11:00:00+01:00,93.43333333333334,617.6952966032609,735.5724137931034
2025-04-06 12:00:00+01:00,101.51666666666667,553.7957831615443,801.8137931034483
2025-04-06 13:00:00+01:00,102.1,511.19610753373314,819.0080459770114
2025-04-06 14:00:00+01:00,199.98333333333332,492.262918365817,781.9793103448276
2025-04-06 15:00:00+01:00,148.26666666666668,473.32972919790103,682.2816091954023
2025-04-06 16:00:00+01:00,145.33333333333334,470.96308055191156,551.367816091954
2025-04-06 17:00:00+01:00,197.93333333333334,493.4462426888119,341.79655172413794
2025-04-06 18:00:00+01:00,330.8666666666667,525.39599940967,146.10114942528736
2025-04-06 19:00:00+01:00,216.0,573.9122966524549,26.349425287356322
2025-04-06 20:00:00+01:00,125.43333333333334,622.4285938952398,0.6022988505747126
2025-04-06 21:00:00+01:00,133.53333333333333,659.1116479080771,0.0
2025-04-06 22:00:00+01:00,108.3,635.445161448182,0.0
2025-04-06 23:00:00+01:00,96.45,554.979107484539,0.0
2025-04-07 00:00:00+01:00,101.0,353.81397257543097,0.0
2025-04-07 01:00:00+01:00,98.4,211.81505381606067,0.0
2025-04-07 02:00:00+01:00,100.2,169.63970064538492,0.0
2025-04-07 03:00:00+01:00,108.15,176.5701198789607,0.0
2025-04-07 04:00:00+01:00,98.01666666666667,188.0467716624891,0.0
2025-04-07 05:00:00+01:00,103.3,224.96392928948083,0.0
2025-04-07 06:00:00+01:00,96.08333333333333,351.86665863226483,1.7471264367816093
2025-04-07 07:00:00+01:00,100.01666666666667,635.6673078897638,49.4080459770115
2025-04-07 08:00:00+01:00,99.7,805.2555007387571,192.01149425287355
2025-04-07 09:00:00+01:00,110.76666666666667,766.0310207600783,393.33103448275864
2025-04-07 10:00:00+01:00,565.0666666666667,662.201514934164,573.0574712643679
2025-04-07 11:00:00+01:00,102.15,602.2111337903026,718.4862068965517
2025-04-07 12:00:00+01:00,101.26666666666667,539.9134302947539,805.519540229885
2025-04-07 13:00:00+01:00,234.98333333333332,498.3816279643883,831.7781609195403
2025-04-07 14:00:00+01:00,168.38333333333333,479.92304915089244,804.8873563218391
2025-04-07 15:00:00+01:00,126.28333333333333,461.46447033739656,707.0275862068964
2025-04-07 16:00:00+01:00,122.71666666666667,459.1571479857096,573.6333333333333
2025-04-07 17:00:00+01:00,139.21666666666667,481.0767103267359,360.6
2025-04-07 18:00:00+01:00,143.48333333333332,512.2255620745102,143.46896551724137
2025-04-07 19:00:00+01:00,219.01666666666668,559.5256702840933,30.9
2025-04-07 20:00:00+01:00,133.8,606.8257784936765,0.9379310344827586
2025-04-07 21:00:00+01:00,127.16666666666667,642.5892749448248,0.0
2025-04-07 22:00:00+01:00,106.08333333333333,619.5160514279548,0.0
2025-04-07 23:00:00+01:00,102.81666666666666,541.0670914705973,0.0
2025-04-08 00:00:00+01:00,102.75,344.94469157720397,0.0
2025-04-08 01:00:00+01:00,96.48333333333333,206.50535047598498,0.0
2025-04-08 02:00:00+01:00,106.73333333333333,176.861616407147,0.0
2025-04-08 03:00:00+01:00,98.5,188.68470854048832,0.0
2025-04-08 04:00:00+01:00,100.48333333333333,201.196581149806,0.0
2025-04-08 05:00:00+01:00,100.28333333333333,240.69529646755936,0.0
2025-04-08 06:00:00+01:00,97.05,376.4721303723363,1.7678160919540231
2025-04-08 07:00:00+01:00,99.06666666666666,680.118504377565,46.47586206896552
2025-04-08 08:00:00+01:00,95.45,861.5657278684944,204.632183908046
2025-04-08 09:00:00+01:00,283.25,819.5983428433814,385.8
2025-04-08 10:00:00+01:00,412.01666666666665,708.5082060122002,604.7057471264368
2025-04-08 11:00:00+01:00,234.85,644.3227936208511,743.451724137931
2025-04-08 12:00:00+01:00,935.8,577.6687115221424,837.0091954022988
2025-04-08 13:00:00+01:00,296.9,533.2326567896699,849.7781609195403
2025-04-08 14:00:00+01:00,134.21666666666667,513.4832991307933,767.5103448275862
2025-04-08 15:00:00+01:00,190.05,493.73394147191664,702.3103448275863
2025-04-08 16:00:00+01:00,132.55,491.26527176455704,572.471264367816
2025-04-08 17:00:00+01:00,124.18333333333334,514.717633984473,382.9068965517242
2025-04-08 18:00:00+01:00,143.35,548.0446750338275,159.87241379310345
2025-04-08 19:00:00+01:00,238.6,598.6524040346987,29.333333333333332
2025-04-08 20:00:00+01:00,127.8,649.2601330355702,1.0827586206896553
2025-04-08 21:00:00+01:00,128.95,687.5245134996437,0.0
2025-04-08 22:00:00+01:00,101.65,662.837816426048,0.0
2025-04-08 23:00:00+01:00,101.68333333333334,578.9030463758221,0.0
2025-04-09 00:00:00+01:00,99.9,369.0661212502576,0.0
2025-04-09 01:00:00+01:00,99.9,220.94593880868263,0.0
2025-04-09 02:00:00+01:00,98.06666666666666,369.87256959234827,0.0
2025-04-09 03:00:00+01:00,109.6,447.3110958351971,0.0
2025-04-09 04:00:00+01:00,97.71666666666667,472.4244396253824,0.0
2025-04-09 05:00:00+01:00,102.86666666666666,543.0673464852526,0.0
2025-04-09 06:00:00+01:00,100.33333333333333,735.1277495105248,2.418390804597701
2025-04-09 07:00:00+01:00,98.88333333333334,1086.1346929705053,45.04252873563219
2025-04-09 08:00:00+01:00,101.51666666666667,1375.329092928099,176.72298850574714
2025-04-09 09:00:00+01:00,286.73333333333335,1273.7799143170357,383.38850574712643
2025-04-09 10:00:00+01:00,423.0833333333333,1161.1927815091174,256.3977011494253
2025-04-09 11:00:00+01:00,254.28333333333333,1070.6815570949084,269.23333333333335
2025-04-09 12:00:00+01:00,333.71666666666664,991.2082868775545,514.4965517241379
2025-04-09 13:00:00+01:00,91.88333333333334,953.6792426082484,849.0448275862069
2025-04-09 14:00:00+01:00,118.2,938.2261067326519,845.9505747126437
2025-04-09 15:00:00+01:00,192.13333333333333,938.2261067326519,742.9850574712643
2025-04-09 16:00:00+01:00,122.48333333333333,966.9247876444741,594.2206896551725
2025-04-09 17:00:00+01:00,142.93333333333334,1015.491786110635,369.70804597701147
2025-04-09 18:00:00+01:00,142.8,1064.0587845767957,181.08275862068965
2025-04-09 19:00:00+01:00,221.05,1130.2865097579243,34.16436781609195
2025-04-09 20:00:00+01:00,127.06666666666666,1158.9851906697463,1.610344827586207
2025-04-09 21:00:00+01:00,133.76666666666668,1161.1927815091174,0.0
2025-04-09 22:00:00+01:00,105.95,1103.795419685473,0.0
2025-04-09 23:00:00+01:00,100.7,949.2640609295065,0.0
2025-04-10 00:00:00+01:00,102.85,635.7861617388324,0.0
2025-04-10 01:00:00+01:00,102.91666666666667,476.8396213041242,0.0
2025-04-10 02:00:00+01:00,103.56666666666666,534.9316156765442,0.0
2025-04-10 03:00:00+01:00,108.78333333333333,605.3542054539367,0.0
2025-04-10 04:00:00+01:00,93.18333333333334,637.2906547917602,0.0
2025-04-10 05:00:00+01:00,105.01666666666667,732.586453639126,0.0
2025-04-10 06:00:00+01:00,90.65,991.6719067554023,3.0919540229885056
2025-04-10 07:00:00+01:00,101.35,1465.172907278252,50.07471264367816
2025-04-10 08:00:00+01:00,95.03333333333333,1855.2900838096568,107.10689655172413
2025-04-10 09:00:00+01:00,96.81666666666666,1718.3023729665679,411.53333333333336
2025-04-10 10:00:00+01:00,570.5333333333333,1566.4246935535784,641.8908045977012
2025-04-10 11:00:00+01:00,97.0,1444.3269512803906,815.8126436781608
2025-04-10 12:00:00+01:00,94.43333333333334,1337.119177577104,773.0333333333333
2025-04-10 13:00:00+01:00,94.38333333333334,1286.493284439441,692.4264367816091
2025-04-10 14:00:00+01:00,104.11666666666666,1265.6473284415795,676.4632183908046
2025-04-10 15:00:00+01:00,190.06666666666666,1265.6473284415795,686.3988505747127
2025-04-10 16:00:00+01:00,139.53333333333333,1304.361246723322,584.8597701149425
2025-04-10 17:00:00+01:00,140.78333333333333,1369.877108430886,369.78620689655173
2025-04-10 18:00:00+01:00,143.18333333333334,1435.3929701384502,170.90114942528734
2025-04-10 19:00:00+01:00,204.66666666666666,1524.732781557856,31.952873563218393
2025-04-10 20:00:00+01:00,120.18333333333334,1563.4466998395983,1.7873563218390804
2025-04-10 21:00:00+01:00,128.25,1566.4246935535784,0.0
2025-04-10 22:00:00+01:00,105.48333333333333,1488.9968569900936,0.0
2025-04-10 23:00:00+01:00,93.4,1280.5372970114804,0.0
2025-04-11 00:00:00+01:00,101.13333333333334,857.6621896262939,0.0
2025-04-11 01:00:00+01:00,100.43333333333334,643.2466422197205,0.0
2025-04-11 02:00:00+01:00,95.83333333333333,712.3580408634814,0.0
2025-04-11 03:00:00+01:00,105.7,741.8207371400098,0.0
2025-04-11 04:00:00+01:00,96.1,768.1130566323352,0.0
2025-04-11 05:00:00+01:00,99.21666666666667,828.9220069490617,0.0
2025-04-11 06:00:00+01:00,98.8,1014.5493289685426,2.410344827586207
2025-04-11 07:00:00+01:00,98.06666666666666,1462.615278670738,46.3
2025-04-11 08:00:00+01:00,96.33333333333333,1840.270864848303,147.416091954023
2025-04-11 09:00:00+01:00,94.96666666666667,1728.2543774227538,262.32758620689657
2025-04-11 10:00:00+01:00,578.8166666666667,1648.2426006902192,472.6264367816092
2025-04-11 11:00:00+01:00,98.61666666666666,1568.2308239576842,761.0310344827586
2025-04-11 12:00:00+01:00,99.15,1485.018576155848,263.11609195402303
2025-04-11 13:00:00+01:00,101.7,1433.8110390470256,266.18735632183905
2025-04-11 14:00:00+01:00,95.28333333333333,1405.0067994233132,185.2505747126437
2025-04-11 15:00:00+01:00,170.8,1411.407741561916,200.3494252873563
2025-04-11 16:00:00+01:00,125.4,1437.011510116327,130.99080459770116
2025-04-11 17:00:00+01:00,101.18333333333334,1485.018576155848,97.25977011494253
2025-04-11 18:00:00+01:00,148.26666666666668,1545.8275264725744,43.51494252873564
2025-04-11 19:00:00+01:00,145.23333333333332,1606.6364767893008,15.00574712643678
2025-04-11 20:00:00+01:00,243.25,1622.638832135808,0.8977011494252873
2025-04-11 21:00:00+01:00,125.41666666666667,1616.2378899972052,0.0
2025-04-11 22:00:00+01:00,108.63333333333334,1539.4265843339715,0.0
2025-04-11 23:00:00+01:00,93.63333333333334,1360.2002044530936,0.0
2025-04-12 00:00:00+01:00,95.43333333333334,960.141320790419,0.0
2025-04-12 01:00:00+01:00,100.88333333333334,768.1130566323352,0.0
2025-04-12 02:00:00+01:00,96.15,776.9405715698355,0.0
2025-04-12 03:00:00+01:00,105.33333333333333,813.0558012877219,0.0
2025-04-12 04:00:00+01:00,101.06666666666666,842.072696497181,0.0
2025-04-12 05:00:00+01:00,102.6,908.7367849698745,0.0
2025-04-12 06:00:00+01:00,102.1,1112.23768662336,1.0839080459770116
2025-04-12 07:00:00+01:00,101.3,1603.446759580049,26.471264367816094
2025-04-12 08:00:00+01:00,99.56666666666666,2017.4658353578297,61.760919540229885
2025-04-12 09:00:00+01:00,96.85,1894.6635671186573,125.41494252873562
2025-04-12 10:00:00+01:00,593.05,1806.9476612335347,151.80114942528735
2025-04-12 11:00:00+01:00,97.88333333333334,1719.2317553484115,211.70689655172413
2025-04-12 12:00:00+01:00,376.75,1628.0072132278835,215.60459770114943
2025-04-12 13:00:00+01:00,225.41666666666666,1571.8690334614048,239.93218390804597
2025-04-12 14:00:00+01:00,177.25,1540.2913073427605,268.7551724137931
2025-04-12 15:00:00+01:00,177.28333333333333,1547.30857981357,234.70459770114942
2025-04-12 16:00:00+01:00,141.25,1575.3776696968098,152.00919540229884
2025-04-12 17:00:00+01:00,143.0,1628.0072132278835,157.43218390804597
2025-04-12 18:00:00+01:00,141.23333333333332,1694.671301700577,93.37471264367815
2025-04-12 19:00:00+01:00,240.66666666666666,1761.3353901732705,18.578160919540228
2025-04-12 20:00:00+01:00,124.45,1778.8785713502953,0.9655172413793103
2025-04-12 21:00:00+01:00,138.73333333333332,1771.8612988794853,0.0
2025-04-12 22:00:00+01:00,109.43333333333334,1687.654029229767,0.0
2025-04-12 23:00:00+01:00,90.46666666666667,1491.1704000470916,0.0
2025-04-13 00:00:00+01:00,97.08333333333333,1052.5908706214764,0.0
2025-04-13 01:00:00+01:00,96.4,842.072696497181,0.0
2025-04-13 02:00:00+01:00,97.35,827.9684640083053,0.0
2025-04-13 03:00:00+01:00,107.03333333333333,858.0596871119407,0.0
2025-04-13 04:00:00+01:00,98.9,888.2595374906189,0.0
2025-04-13 05:00:00+01:00,99.61666666666666,958.5800842086261,0.0
2025-04-13 06:00:00+01:00,103.35,1173.242805768859,0.42758620689655175
2025-04-13 07:00:00+01:00,98.66666666666667,1691.3942026383863,18.282758620689656
2025-04-13 08:00:00+01:00,100.81666666666666,2128.121808571274,39.97011494252874
2025-04-13 09:00:00+01:00,137.38333333333333,1998.5839593538924,96.13333333333334
2025-04-13 10:00:00+01:00,560.6333333333333,1906.0569241986193,124.90114942528734
2025-04-13 11:00:00+01:00,96.36666666666666,1813.5298890433467,154.69885057471265
2025-04-13 12:00:00+01:00,102.06666666666666,1717.3017724818628,249.3183908045977
2025-04-13 13:00:00+01:00,122.86666666666666,1658.0844699824884,358.93103448275866
2025-04-13 14:00:00+01:00,196.13333333333333,1624.7747373265904,350.4022988505747
2025-04-13 15:00:00+01:00,165.26666666666668,1632.176900139012,295.9609195402299
2025-04-13 16:00:00+01:00,139.15,1661.785551388699,379.9896551724138
2025-04-13 17:00:00+01:00,131.08333333333334,1717.3017724818628,255.00344827586207
2025-04-13 18:00:00+01:00,141.45,1787.6223191998704,137.18045977011494
2025-04-13 19:00:00+01:00,220.66666666666666,1857.9428659178777,26.959770114942526
2025-04-13 20:00:00+01:00,127.51666666666667,1876.4482729489323,0.5850574712643678
2025-04-13 21:00:00+01:00,124.71666666666667,1869.0461101365106,0.0
2025-04-13 22:00:00+01:00,109.01666666666667,1780.2201563874485,0.0
2025-04-13 23:00:00+01:00,101.91666666666667,1572.9595976396379,0.0
2025-04-14 00:00:00+01:00,101.18333333333334,1110.3244218632733,0.0
2025-04-14 01:00:00+01:00,99.11666666666666,888.2595374906189,0.0
2025-04-14 02:00:00+01:00,100.46666666666667,805.9709714163089,0.0
2025-04-14 03:00:00+01:00,106.1,810.7064335494958,0.0
2025-04-14 04:00:00+01:00,98.23333333333333,837.9871596905465,0.0
2025-04-14 05:00:00+01:00,89.33333333333333,904.3278098327148,0.0
2025-04-14 06:00:00+01:00,98.65,1106.8413734245967,5.094252873563219
2025-04-14 07:00:00+01:00,95.66666666666667,1595.6672165774155,67.58275862068966
2025-04-14 08:00:00+01:00,80.33333333333333,2007.6775700919343,236.583908045977
2025-04-14 09:00:00+01:00,96.46666666666667,1885.4711093037292,439.2137931034483
2025-04-14 10:00:00+01:00,581.0333333333333,1798.180780169298,633.0609195402299
2025-04-14 11:00:00+01:00,96.25,1710.890451034866,557.3758620689655
2025-04-14 12:00:00+01:00,398.35,1620.1085087350564,354.083908045977
2025-04-14 13:00:00+01:00,101.16666666666667,1564.24269808902,183.18045977011494
2025-04-14 14:00:00+01:00,145.2,1532.8181796006247,96.15977011494253
2025-04-14 15:00:00+01:00,144.26666666666668,1539.8014059313791,144.44252873563218
2025-04-14 16:00:00+01:00,201.23333333333332,1567.7343112543974,99.43448275862069
2025-04-14 17:00:00+01:00,147.68333333333334,1620.1085087350564,80.59080459770115
2025-04-14 18:00:00+01:00,203.15,1686.4491588772248,15.517241379310345
2025-04-14 19:00:00+01:00,231.41666666666666,1752.789809019393,3.9494252873563216
2025-04-14 20:00:00+01:00,127.45,1770.2478748462795,0.23333333333333334
2025-04-14 21:00:00+01:00,126.43333333333334,1763.2646485155253,0.0
2025-04-14 22:00:00+01:00,100.05,1679.4659325464702,0.0
2025-04-14 23:00:00+01:00,95.55,1483.9355952853427,0.0
2025-04-15 00:00:00+01:00,98.38333333333334,1047.483949613183,0.0
2025-04-15 01:00:00+01:00,97.33333333333333,837.9871596905465,0.0
2025-04-15 02:00:00+01:00,88.31666666666666,454.9691466551549,0.0
2025-04-15 03:00:00+01:00,110.95,397.3144915070568,0.0
2025-04-15 04:00:00+01:00,90.16666666666667,412.7307365407554,0.0
2025-04-15 05:00:00+01:00,99.36666666666666,474.4474821917096,0.0
2025-04-15 06:00:00+01:00,104.88333333333334,642.2398844302411,4.424137931034482
2025-04-15 07:00:00+01:00,87.06666666666666,948.8949643834192,35.61609195402299
2025-04-15 08:00:00+01:00,99.15,1201.5478918920123,163.20114942528735
2025-04-15 09:00:00+01:00,101.01666666666667,1112.830070018766,467.8367816091954
2025-04-15 10:00:00+01:00,570.9833333333333,1014.4690066375578,657.2850574712644
2025-04-15 11:00:00+01:00,91.6,935.394426272273,792.1126436781609
2025-04-15 12:00:00+01:00,102.41666666666667,865.9630874149495,875.7390804597702
2025-04-15 13:00:00+01:00,782.3833333333333,833.1760662878802,898.0655172413793
2025-04-15 14:00:00+01:00,266.98333333333335,819.675528176734,869.16091954023
2025-04-15 15:00:00+01:00,196.96666666666667,819.675528176734,768.7770114942529
2025-04-15 16:00:00+01:00,99.8,844.7479560974339,618.4643678160919
2025-04-15 17:00:00+01:00,128.95,887.1782187324651,421.2931034482759
2025-04-15 18:00:00+01:00,138.11666666666667,929.6084813674959,192.05172413793105
2025-04-15 19:00:00+01:00,211.48333333333332,987.4679304152655,35.204597701149424
2025-04-15 20:00:00+01:00,114.38333333333334,1012.5403583359656,2.8264367816091953
2025-04-15 21:00:00+01:00,124.73333333333333,1014.4690066375578,0.0
2025-04-15 22:00:00+01:00,117.06666666666666,964.3241507961577,0.0
2025-04-15 23:00:00+01:00,98.46666666666667,829.3187696846956,0.0
2025-04-16 00:00:00+01:00,100.96666666666667,555.4507108585868,0.0
2025-04-16 01:00:00+01:00,101.61666666666666,416.5880331439401,0.0
2025-04-16 02:00:00+01:00,100.85,330.4239949512316,0.0
2025-04-16 03:00:00+01:00,101.4,331.1364260686514,0.0
2025-04-16 04:00:00+01:00,96.0,346.5271899600805,0.0
2025-04-16 05:00:00+01:00,99.58333333333333,398.34433986065324,0.0
2025-04-16 06:00:00+01:00,99.16666666666667,539.2222161528355,6.4896551724137925
2025-04-16 07:00:00+01:00,97.55,796.6886797213065,58.229885057471265
2025-04-16 08:00:00+01:00,94.15,1008.8151371267764,241.15402298850574
2025-04-16 09:00:00+01:00,92.55,934.327984144703,471.20804597701147
2025-04-16 10:00:00+01:00,578.1833333333333,851.7444014906653,662.2977011494253
2025-04-16 11:00:00+01:00,98.18333333333334,785.3536781805564,798.1919540229885
2025-04-16 12:00:00+01:00,99.08333333333333,727.059384542412,868.2448275862068
2025-04-16 13:00:00+01:00,98.01666666666667,699.5315236577325,882.2735632183908
2025-04-16 14:00:00+01:00,118.83333333333333,688.1965221169824,842.2080459770115
2025-04-16 15:00:00+01:00,176.35,688.1965221169824,744.8701149425287
2025-04-16 16:00:00+01:00,112.98333333333333,709.2472392640898,597.1471264367816
2025-04-16 17:00:00+01:00,124.9,744.8715298207338,409.60114942528736
2025-04-16 18:00:00+01:00,142.53333333333333,780.4958203773774,188.21954022988504
2025-04-16 19:00:00+01:00,233.5,829.0743984091644,38.48620689655172
2025-04-16 20:00:00+01:00,128.35,850.1251155562724,2.267816091954023
2025-04-16 21:00:00+01:00,127.55,851.7444014906653,0.0
2025-04-16 22:00:00+01:00,101.06666666666666,809.6429671964498,0.0
2025-04-16 23:00:00+01:00,91.65,696.2929517889467,0.0
2025-04-17 00:00:00+01:00,94.15,466.354349105155,0.0
2025-04-17 01:00:00+01:00,101.05,349.76576182886623,0.0
2025-04-17 02:00:00+01:00,93.96666666666667,191.55156217567767,0.0
2025-04-17 03:00:00+01:00,109.0,184.81444017951387,0.0
2025-04-17 04:00:00+01:00,101.43333333333334,196.07606087911117,0.0
2025-04-17 05:00:00+01:00,97.98333333333333,234.56952068359925,0.0
2025-04-17 06:00:00+01:00,100.08333333333333,366.89078876152706,7.703448275862069
2025-04-17 07:00:00+01:00,101.36666666666666,662.8092610085293,62.697701149425285
2025-04-17 08:00:00+01:00,101.45,839.6385919853964,245.09885057471266
2025-04-17 09:00:00+01:00,94.83333333333333,798.7392909431278,479.9367816091954
2025-04-17 10:00:00+01:00,561.0833333333334,690.4764352430051,668.332183908046
2025-04-17 11:00:00+01:00,101.76666666666667,627.9245630607121,792.2551724137932
2025-04-17 12:00:00+01:00,93.53333333333333,562.9668496406382,869.019540229885
2025-04-17 13:00:00+01:00,91.83333333333333,519.6617073605892,883.0425287356322
2025-04-17 14:00:00+01:00,97.9,500.41497745834516,841.3448275862069
2025-04-17 15:00:00+01:00,105.91666666666667,481.1682475561011,738.8
2025-04-17 16:00:00+01:00,196.61666666666667,478.76240631832053,597.5402298850574
2025-04-17 17:00:00+01:00,129.96666666666667,501.61789807723534,393.7597701149425
2025-04-17 18:00:00+01:00,144.1,534.0967547872723,170.61264367816094
2025-04-17 19:00:00+01:00,217.35,583.4165001617725,29.87816091954023
2025-04-17 20:00:00+01:00,111.31666666666666,632.7362455362729,2.4425287356321843
2025-04-17 21:00:00+01:00,128.91666666666666,670.0267847218709,0.0
2025-04-17 22:00:00+01:00,98.5,645.9683723440656,0.0
2025-04-17 23:00:00+01:00,93.16666666666667,564.1697702595285,0.0
2025-04-18 00:00:00+01:00,98.23333333333333,359.67326504818556,0.0
2025-04-18 01:00:00+01:00,97.31666666666666,215.3227907813552,0.0
2025-04-18 02:00:00+01:00,96.25,147.92280812255896,0.0
2025-04-18 03:00:00+01:00,104.71666666666667,145.1404561406542,0.0
2025-04-18 04:00:00+01:00,97.55,154.11807545820767,0.0
2025-04-18 05:00:00+01:00,92.63333333333334,184.37438475061654,0.0
2025-04-18 06:00:00+01:00,92.98333333333333,288.380447943272,8.371264367816092
2025-04-18 07:00:00+01:00,99.35,520.9758256286652,65.56781609195403
2025-04-18 08:00:00+01:00,92.28333333333333,659.9657464406685,238.21724137931037
2025-04-18 09:00:00+01:00,596.7166666666667,627.818417817484,460.10114942528736
2025-04-18 10:00:00+01:00,96.41666666666667,542.722547932584,634.7264367816092
2025-04-18 11:00:00+01:00,102.03333333333333,493.55604533241967,760.1724137931034
2025-04-18 12:00:00+01:00,103.85,442.49852340147976,839.7103448275863
2025-04-18 13:00:00+01:00,101.41666666666667,408.4601754475197,864.451724137931
2025-04-18 14:00:00+01:00,120.98333333333333,393.3320208013153,833.9471264367817
2025-04-18 15:00:00+01:00,182.46666666666667,378.20386615511086,744.2908045977013
2025-04-18 16:00:00+01:00,143.73333333333332,376.3128468243353,598.8425287356321
2025-04-18 17:00:00+01:00,145.38333333333333,394.2775304667031,395.19425287356324
2025-04-18 18:00:00+01:00,143.26666666666668,419.80629143217305,178.62413793103448
2025-04-18 19:00:00+01:00,176.63333333333333,458.5721877130719,35.122988505747124
2025-04-18 20:00:00+01:00,117.78333333333333,497.3380839939708,4.410344827586207
2025-04-18 21:00:00+01:00,202.4,526.6488836209919,0.0
2025-04-18 22:00:00+01:00,106.45,507.73869031323625,0.0
2025-04-18 23:00:00+01:00,91.7,443.44403306686746,0.0
2025-04-19 00:00:00+01:00,98.06666666666666,282.70738995094536,0.0
2025-04-19 01:00:00+01:00,97.76666666666667,169.2462301044121,0.0
2025-04-19 02:00:00+01:00,98.83333333333333,116.34416557483287,0.0
2025-04-19 03:00:00+01:00,106.06666666666666,114.26947980376141,0.0
2025-04-19 04:00:00+01:00,97.6,121.3453452016203,0.0
2025-04-19 05:00:00+01:00,91.85,145.16774425960713,0.0
2025-04-19 06:00:00+01:00,94.4,227.05724102143677,9.36551724137931
2025-04-19 07:00:00+01:00,98.38333333333334,410.1919337797105,64.18045977011495
2025-04-19 08:00:00+01:00,97.41666666666667,519.6260794523373,247.59080459770115
2025-04-19 09:00:00+01:00,96.13333333333334,494.3147804532264,471.1609195402299
2025-04-19 10:00:00+01:00,581.5833333333334,427.3142831026384,645.6735632183908
2025-04-19 11:00:00+01:00,102.2,388.60288463340993,759.7954022988506
2025-04-19 12:00:00+01:00,140.43333333333334,348.4025862230571,832.5379310344828
2025-04-19 13:00:00+01:00,77.68333333333334,321.60238728282195,848.7586206896552
2025-04-19 14:00:00+01:00,151.73333333333332,309.69118775382856,803.1919540229885
2025-04-19 15:00:00+01:00,92.68333333333334,297.77998822483517,711.0643678160919
2025-04-19 16:00:00+01:00,100.61666666666666,296.29108828371096,576.1137931034483
2025-04-19 17:00:00+01:00,106.08333333333333,310.4356377243906,393.4816091954023
2025-04-19 18:00:00+01:00,105.6,330.53578692956705,184.17701149425287
2025-04-19 19:00:00+01:00,138.4,361.05823572261266,38.35402298850575
2025-04-19 20:00:00+01:00,80.56666666666666,391.5806845156583,4.194252873563219
2025-04-19 21:00:00+01:00,153.45,414.65863360308293,0.0
2025-04-19 22:00:00+01:00,79.36666666666666,399.7696341918412,0.0
2025-04-19 23:00:00+01:00,67.48333333333333,349.1470361936192,0.0
2025-04-20 00:00:00+01:00,61.85,222.59054119806427,0.0
2025-04-20 01:00:00+01:00,71.1,133.25654473061374,0.0
2025-04-20 02:00:00+01:00,62.68333333333333,121.76842043914151,0.0
2025-04-20 03:00:00+01:00,77.66666666666667,133.01079009948793,0.0
2025-04-20 04:00:00+01:00,67.06666666666666,141.9987935675547,0.0
2025-04-20 05:00:00+01:00,65.3,169.87585733541826,0.0
2025-04-20 06:00:00+01:00,69.91666666666667,265.703264037449,10.241379310344827
2025-04-20 07:00:00+01:00,61.583333333333336,480.0081917528998,67.22528735632184
2025-04-20 08:00:00+01:00,71.0,608.0684534365228,248.70919540229886
2025-04-20 09:00:00+01:00,375.81666666666666,578.4490731831677,467.6436781609196
2025-04-20 10:00:00+01:00,185.31666666666666,500.0448313360516,644.832183908046
2025-04-20 11:00:00+01:00,66.93333333333334,454.7446027132734,765.8954022988506
2025-04-20 12:00:00+01:00,66.15,407.70205760500374,834.6068965517242
2025-04-20 13:00:00+01:00,66.2,376.3403608661573,855.4551724137931
2025-04-20 14:00:00+01:00,86.71666666666667,362.4018289822255,817.4494252873562
2025-04-20 15:00:00+01:00,140.13333333333333,348.4632970982938,731.5827586206896
2025-04-20 16:00:00+01:00,103.13333333333334,346.7209806128023,595.8747126436781
2025-04-20 17:00:00+01:00,79.21666666666667,363.2729872249713,415.848275862069
2025-04-20 18:00:00+01:00,92.26666666666667,386.79425977910614,189.90919540229885
2025-04-20 19:00:00+01:00,189.91666666666666,422.5117477316813,39.235632183908045
2025-04-20 20:00:00+01:00,80.78333333333333,458.2292356842563,4.680459770114942
2025-04-20 21:00:00+01:00,162.7,485.23514120937404,0.0
2025-04-20 22:00:00+01:00,62.46666666666667,467.8119763544594,0.0
2025-04-20 23:00:00+01:00,57.95,408.5732158477494,0.0
2025-04-21 00:00:00+01:00,70.16666666666667,260.47631458097464,0.0
2025-04-21 01:00:00+01:00,58.6,155.9373254514865,0.0
2025-04-21 02:00:00+01:00,74.45,139.07412679988573,0.0
2025-04-21 03:00:00+01:00,68.9,150.57171141619628,0.0
2025-04-21 04:00:00+01:00,69.43333333333334,160.67460528888233,0.0
2025-04-21 05:00:00+01:00,69.2,192.21808608179174,0.0
2025-04-21 06:00:00+01:00,66.25,300.6488013074179,11.486206896551725
2025-04-21 07:00:00+01:00,70.26666666666667,543.1393099029091,74.14712643678162
2025-04-21 08:00:00+01:00,66.58333333333333,688.0421747953366,260.9793103448276
2025-04-21 09:00:00+01:00,518.3833333333333,654.5272264528704,479.4367816091954
2025-04-21 10:00:00+01:00,100.08333333333333,565.8111867228126,651.2620689655173
2025-04-21 11:00:00+01:00,67.95,514.5530304343349,771.4436781609196
2025-04-21 12:00:00+01:00,66.03333333333333,461.32340659630023,828.0252873563219
2025-04-21 13:00:00+01:00,66.25,425.8369907042772,846.6620689655173
2025-04-21 14:00:00+01:00,59.61666666666667,410.0652503078224,812.9333333333333
2025-04-21 15:00:00+01:00,64.51666666666667,394.29350991136766,725.3919540229886
2025-04-21 16:00:00+01:00,61.766666666666666,392.3220423618108,591.2517241379311
2025-04-21 17:00:00+01:00,101.36666666666666,411.05098408260085,404.02643678160916
2025-04-21 18:00:00+01:00,107.7,437.6657960016182,187.52183908045976
2025-04-21 19:00:00+01:00,179.31666666666666,478.08088076753336,41.89310344827586
2025-04-21 20:00:00+01:00,96.1,518.4959655334485,5.195402298850575
2025-04-21 21:00:00+01:00,166.76666666666668,549.0537125515796,0.0
2025-04-21 22:00:00+01:00,82.93333333333334,529.3390370560111,0.0
2025-04-21 23:00:00+01:00,64.05,462.3091403710786,0.0
2025-04-22 00:00:00+01:00,66.08333333333333,294.73439865874735,0.0
2025-04-22 01:00:00+01:00,67.93333333333334,176.44634568533704,0.0
2025-04-22 02:00:00+01:00,65.56666666666666,131.12381610144115,0.0
2025-04-22 03:00:00+01:00,65.8,132.68345860786152,0.0
2025-04-22 04:00:00+01:00,64.66666666666667,141.10846774472174,0.0
2025-04-22 05:00:00+01:00,65.95,168.81074362098613,0.0
2025-04-22 06:00:00+01:00,65.78333333333333,264.03731694564493,12.188505747126436
2025-04-22 07:00:00+01:00,66.51666666666667,476.99856274442743,76.02068965517242
2025-04-22 08:00:00+01:00,58.85,604.2558925510169,265.7241379310345
2025-04-22 09:00:00+01:00,393.3333333333333,574.8222244324861,489.6436781609196
2025-04-22 10:00:00+01:00,214.88333333333333,496.9095735304925,663.9
2025-04-22 11:00:00+01:00,687.6666666666666,451.89337523156286,791.2241379310345
2025-04-22 12:00:00+01:00,698.2833333333333,405.1457846903667,859.7321839080461
2025-04-22 13:00:00+01:00,66.56666666666666,373.9807243295693,877.2850574712644
2025-04-22 14:00:00+01:00,124.36666666666666,360.12958639143704,850.5632183908045
2025-04-22 15:00:00+01:00,100.96666666666667,346.2784484533049,765.4574712643679
2025-04-22 16:00:00+01:00,81.9,344.5470562110384,601.9977011494252
2025-04-22 17:00:00+01:00,95.51666666666667,360.9952825125703,410.6816091954023
2025-04-22 18:00:00+01:00,111.98333333333333,384.3690777831684,209.42988505747127
2025-04-22 19:00:00+01:00,207.63333333333333,419.8626187496322,45.48160919540229
2025-04-22 20:00:00+01:00,84.43333333333334,455.35615971609593,5.359770114942529
2025-04-22 21:00:00+01:00,141.7,482.19273947122707,0.0
2025-04-22 22:00:00+01:00,90.0,464.87881704856176,0.0
2025-04-22 23:00:00+01:00,63.583333333333336,406.0114808115,0.0
2025-04-23 00:00:00+01:00,66.36666666666666,258.8431402188454,0.0
2025-04-23 01:00:00+01:00,73.28333333333333,154.95960568285395,0.0
2025-04-23 02:00:00+01:00,69.58333333333333,112.27254481725237,0.0
2025-04-23 03:00:00+01:00,78.1,112.53379653659405,0.0
2025-04-23 04:00:00+01:00,63.1,119.62311369738445,0.0
2025-04-23 05:00:00+01:00,68.08333333333333,143.10740595699366,0.0
2025-04-23 06:00:00+01:00,65.1,223.83466059940037,13.083908045977012
2025-04-23 07:00:00+01:00,65.11666666666666,404.37015734514625,72.72298850574713
2025-04-23 08:00:00+01:00,68.78333333333333,512.251124912726,260.64942528735634
2025-04-23 09:00:00+01:00,63.43333333333333,487.2990643868913,487.24367816091956
2025-04-23 10:00:00+01:00,560.7833333333333,421.2494924067404,663.9931034482759
2025-04-23 11:00:00+01:00,95.48333333333333,383.08751748487543,790.3045977011494
2025-04-23 12:00:00+01:00,99.13333333333334,343.4577742967848,873.6425287356321
2025-04-23 13:00:00+01:00,96.13333333333334,317.03794550472446,880.7321839080461
2025-04-23 14:00:00+01:00,228.38333333333333,305.29579937491985,834.6666666666666
2025-04-23 15:00:00+01:00,212.03333333333333,293.55365324511524,732.367816091954
2025-04-23 16:00:00+01:00,144.81666666666666,292.08588497888974,582.0712643678161
2025-04-23 17:00:00+01:00,140.78333333333333,306.02968350803263,393.935632183908
2025-04-23 18:00:00+01:00,132.63333333333333,325.84455510207795,185.8022988505747
2025-04-23 19:00:00+01:00,218.98333333333332,355.9338045597022,45.750574712643676
2025-04-23 20:00:00+01:00,123.46666666666667,386.0230540173265,4.496551724137931
2025-04-23 21:00:00+01:00,131.58333333333334,408.773462143823,0.0
2025-04-23 22:00:00+01:00,102.45,394.09577948156715,0.0
2025-04-23 23:00:00+01:00,102.03333333333333,344.1916584298976,0.0
2025-04-24 00:00:00+01:00,93.1,219.43135580072365,0.0
2025-04-24 01:00:00+01:00,103.46666666666667,131.36525982718908,0.0
2025-04-24 02:00:00+01:00,98.95,50.73175576307729,0.0
2025-04-24 03:00:00+01:00,106.93333333333334,45.76637353869017,0.0
2025-04-24 04:00:00+01:00,99.51666666666667,49.03904265034407,0.0
2025-04-24 05:00:00+01:00,99.95,70.4378976250397,0.0
2025-04-24 06:00:00+01:00,92.7,133.74284359184745,7.6563218390804595
2025-04-24 07:00:00+01:00,97.83333333333333,302.2588265175753,72.78735632183908
2025-04-24 08:00:00+01:00,97.98333333333333,381.61291371540483,217.3574712643678
2025-04-24 09:00:00+01:00,502.0833333333333,329.4532047145842,392.564367816092
2025-04-24 10:00:00+01:00,189.93333333333334,268.8231156196134,617.5379310344828
2025-04-24 11:00:00+01:00,75.86666666666666,267.0398777050555,737.9770114942529
2025-04-24 12:00:00+01:00,71.06666666666666,220.2298824479088,805.1816091954023
2025-04-24 13:00:00+01:00,64.65,213.54274026831646,816.1609195402299
2025-04-24 14:00:00+01:00,126.9,197.0477895586553,783.0379310344828
2025-04-24 15:00:00+01:00,117.51666666666667,173.86569666940173,628.5574712643679
2025-04-24 16:00:00+01:00,114.26666666666667,164.94950709661188,552.5873563218391
2025-04-24 17:00:00+01:00,110.08333333333333,158.2623649170195,385.93218390804594
2025-04-24 18:00:00+01:00,109.28333333333333,175.6489345839597,137.78390804597703
2025-04-24 19:00:00+01:00,218.91666666666666,188.13159998586545,52.05172413793103
2025-04-24 20:00:00+01:00,103.91666666666667,207.7472170460031,3.854022988505747
2025-04-24 21:00:00+01:00,120.23333333333333,231.82092889253565,0.0
2025-04-24 22:00:00+01:00,108.08333333333333,234.04997628573307,0.0
2025-04-24 23:00:00+01:00,98.96666666666667,197.49359903729479,0.0
2025-04-25 00:00:00+01:00,98.35,134.18865307048696,0.0
2025-04-25 01:00:00+01:00,97.61666666666666,68.6546597104817,0.0
2025-04-25 02:00:00+01:00,100.91666666666667,55.49884865270893,0.0
2025-04-25 03:00:00+01:00,105.6,62.269546974471496,0.0
2025-04-25 04:00:00+01:00,91.13333333333334,67.44396887749816,0.0
2025-04-25 05:00:00+01:00,94.8,96.87406438767918,0.0
2025-04-25 06:00:00+01:00,100.11666666666666,183.9380969386314,12.828735632183909
2025-04-25 07:00:00+01:00,99.55,415.7000990813069,75.39540229885057
2025-04-25 08:00:00+01:00,101.43333333333334,524.8367032648948,276.4689655172414
2025-04-25 09:00:00+01:00,578.3833333333333,453.1008454588286,502.42528735632186
2025-04-25 10:00:00+01:00,138.81666666666666,369.7155748466491,611.66091954023
2025-04-25 11:00:00+01:00,102.48333333333333,367.26306688746735,773.7919540229885
2025-04-25 12:00:00+01:00,76.98333333333333,302.8847329589463,816.2816091954023
2025-04-25 13:00:00+01:00,66.71666666666667,293.6878281120147,781.7620689655173
2025-04-25 14:00:00+01:00,68.06666666666666,271.0021294895836,796.3609195402298
2025-04-25 15:00:00+01:00,141.13333333333333,239.1195260202208,547.532183908046
2025-04-25 16:00:00+01:00,110.08333333333333,226.856986224312,419.60919540229884
2025-04-25 17:00:00+01:00,109.6,217.66008137738046,284.24942528735636
2025-04-25 18:00:00+01:00,111.05,241.5720339794025,163.5367816091954
2025-04-25 19:00:00+01:00,193.45,258.7395896936748,58.211494252873564
2025-04-25 20:00:00+01:00,108.76666666666667,285.717177244674,9.449425287356322
2025-04-25 21:00:00+01:00,191.91666666666666,318.8260346936277,0.0
2025-04-25 22:00:00+01:00,104.95,321.8916696426049,0.0
2025-04-25 23:00:00+01:00,98.95,271.615256479379,0.0
2025-04-26 00:00:00+01:00,101.31666666666666,184.5512239284268,0.0
2025-04-26 01:00:00+01:00,100.88333333333334,94.42155642849744,0.0
2025-04-26 02:00:00+01:00,104.43333333333334,154.2273125942157,0.0
2025-04-26 03:00:00+01:00,110.46666666666667,194.44916485316028,0.0
2025-04-26 04:00:00+01:00,98.23333333333333,209.06542966108893,0.0
2025-04-26 05:00:00+01:00,87.28333333333333,250.10894959455428,0.0
2025-04-26 06:00:00+01:00,97.08333333333333,391.1960493658413,17.525287356321837
2025-04-26 07:00:00+01:00,96.4,706.7181088543559,108.32988505747127
2025-04-26 08:00:00+01:00,95.41666666666667,895.2617785487123,184.00344827586207
2025-04-26 09:00:00+01:00,155.03333333333333,851.6530386194053,111.62068965517241
2025-04-26 10:00:00+01:00,138.86666666666667,736.2181388065341,162.30574712643678
2025-04-26 11:00:00+01:00,100.7,669.522418914653,177.19425287356322
2025-04-26 12:00:00+01:00,101.9,600.2614790269303,128.85862068965517
2025-04-26 13:00:00+01:00,97.65,554.0875191017818,118.92988505747127
2025-04-26 14:00:00+01:00,109.21666666666667,533.5657591350491,66.41724137931034
2025-04-26 15:00:00+01:00,192.65,513.0439991683164,71.55057471264368
2025-04-26 16:00:00+01:00,144.36666666666667,510.47877917247484,57.42643678160919
2025-04-26 17:00:00+01:00,143.33333333333334,534.8483691329699,42.90114942528736
2025-04-26 18:00:00+01:00,215.73333333333332,569.4788390768313,33.49885057471264
2025-04-26 19:00:00+01:00,143.75,622.0658489915837,11.514942528735633
2025-04-26 20:00:00+01:00,128.28333333333333,674.6528589063361,2.254022988505747
2025-04-26 21:00:00+01:00,189.65,714.4137688418807,0.0
2025-04-26 22:00:00+01:00,109.76666666666667,688.7615688834647,0.0
2025-04-26 23:00:00+01:00,97.23333333333333,601.5440890248511,0.0
2025-04-27 00:00:00+01:00,98.46666666666667,383.50038937831647,0.0
2025-04-27 01:00:00+01:00,98.23333333333333,229.5871896278216,0.0
2025-04-27 02:00:00+01:00,93.86666666666666,291.42522710522996,0.0
2025-04-27 03:00:00+01:00,102.06666666666666,368.7112358492936,0.0
2025-04-27 04:00:00+01:00,98.21666666666667,388.45781114384835,0.0
2025-04-27 05:00:00+01:00,97.48333333333333,446.5449604737696,0.0
2025-04-27 06:00:00+01:00,101.38333333333334,604.4693977144932,13.510344827586207
2025-04-27 07:00:00+01:00,101.08333333333333,893.0899209475392,60.38620689655172
2025-04-27 08:00:00+01:00,105.5,1130.8841885169045,282.3632183908046
2025-04-27 09:00:00+01:00,370.55,1047.3839113551426,512.1344827586207
2025-04-27 10:00:00+01:00,627.1833333333333,954.8075171105805,695.0896551724138
2025-04-27 11:00:00+01:00,131.63333333333333,880.3833570316191,766.4103448275862
2025-04-27 12:00:00+01:00,102.36666666666666,815.0353140354578,249.91149425287355
2025-04-27 13:00:00+01:00,247.98333333333332,784.1765159539372,175.47356321839078
2025-04-27 14:00:00+01:00,639.4333333333333,771.4699520380167,136.5781609195402
2025-04-27 15:00:00+01:00,138.65,771.4699520380167,114.2919540229885
2025-04-27 16:00:00+01:00,188.4,795.0678564532973,81.95172413793104
2025-04-27 17:00:00+01:00,755.8666666666667,835.002771617618,60.39310344827586
2025-04-27 18:00:00+01:00,720.7166666666667,874.937686781939,50.759770114942526
2025-04-27 19:00:00+01:00,173.23333333333332,929.3943892787403,28.317241379310346
2025-04-27 20:00:00+01:00,124.21666666666667,952.9922936940206,8.139080459770115
2025-04-27 21:00:00+01:00,175.31666666666666,954.8075171105805,0.0
2025-04-27 22:00:00+01:00,96.95,907.6117082800198,0.0
2025-04-27 23:00:00+01:00,98.61666666666666,780.5460691208167,0.0
2025-04-28 00:00:00+01:00,100.35,522.7843439692913,0.0
2025-04-28 01:00:00+01:00,93.61666666666666,392.0882579769686,0.0
2025-04-28 02:00:00+01:00,94.35,368.991566571238,0.0
2025-04-28 03:00:00+01:00,105.66666666666667,394.66493980185277,0.0
2025-04-28 04:00:00+01:00,95.51666666666667,414.36205101600586,0.0
2025-04-28 05:00:00+01:00,98.23333333333333,476.32273154176374,0.0
2025-04-28 06:00:00+01:00,98.78333333333333,644.778331721168,10.559770114942529
2025-04-28 07:00:00+01:00,93.96666666666667,952.6454630835275,58.83448275862069
2025-04-28 08:00:00+01:00,145.95,1206.2969989858489,177.2264367816092
2025-04-28 09:00:00+01:00,134.38333333333333,1117.2285207300718,323.0540229885057
2025-04-28 10:00:00+01:00,95.35,1018.4786861421451,685.5344827586207
2025-04-28 11:00:00+01:00,554.6833333333333,939.091564218518,414.564367816092
2025-04-28 12:00:00+01:00,1125.1833333333334,869.3857986270403,705.9091954022988
2025-04-28 13:00:00+01:00,169.45,836.4691870977315,285.01724137931035
2025-04-28 14:00:00+01:00,130.11666666666667,822.9152882327221,230.91724137931035
2025-04-28 15:00:00+01:00,103.21666666666667,822.9152882327221,653.1241379310345
2025-04-28 16:00:00+01:00,133.93333333333334,848.086814696311,274.78965517241375
2025-04-28 17:00:00+01:00,137.35,890.6847825577696,307.1850574712644
2025-04-28 18:00:00+01:00,194.86666666666667,933.2827504192281,162.86666666666667
2025-04-28 19:00:00+01:00,198.0,991.3708884121262,50.198850574712644
2025-04-28 20:00:00+01:00,121.78333333333333,1016.5424148757152,9.432183908045976
2025-04-28 21:00:00+01:00,129.3,1018.4786861421451,0.0
2025-04-28 22:00:00+01:00,129.06666666666666,968.135633214967,0.0
2025-04-28 23:00:00+01:00,101.33333333333333,832.5966445648716,0.0
2025-04-29 00:00:00+01:00,96.65,557.6461247318209,0.0
2025-04-29 01:00:00+01:00,100.61666666666666,418.23459354886575,0.0
2025-04-29 02:00:00+01:00,100.23333333333333,419.38393669337256,0.0
2025-04-29 03:00:00+01:00,106.28333333333333,458.53293885246865,0.0
2025-04-29 04:00:00+01:00,95.21666666666667,481.9384645620192,0.0
2025-04-29 05:00:00+01:00,98.66666666666667,554.0040293563399,0.0
2025-04-29 06:00:00+01:00,94.61666666666666,749.9322836408992,17.998850574712645
2025-04-29 07:00:00+01:00,94.51666666666667,1108.0080587126797,71.76896551724138
2025-04-29 08:00:00+01:00,94.11666666666666,1403.0264645894297,177.48390804597702
2025-04-29 09:00:00+01:00,101.1,1299.432215197594,221.7034482758621
2025-04-29 10:00:00+01:00,626.1333333333333,1184.5777213066453,356.5402298850575
2025-04-29 11:00:00+01:00,98.85,1092.2437164139221,190.04827586206895
2025-04-29 12:00:00+01:00,96.88333333333334,1011.1699560203114,152.91034482758621
2025-04-29 13:00:00+01:00,96.7,972.8851247233285,138.18735632183908
2025-04-29 14:00:00+01:00,110.73333333333333,957.1207824245707,70.71724137931034
2025-04-29 15:00:00+01:00,178.73333333333332,957.1207824245707,51.59885057471264
2025-04-29 16:00:00+01:00,141.03333333333333,986.3974181222635,39.32298850574713
2025-04-29 17:00:00+01:00,144.81666666666666,1035.942493918359,42.35287356321839
2025-04-29 18:00:00+01:00,144.6,1085.4875697144544,98.88275862068966
2025-04-29 19:00:00+01:00,198.65,1153.0490367091302,15.575862068965517
2025-04-29 20:00:00+01:00,124.68333333333334,1182.325672406823,2.9689655172413794
2025-04-29 21:00:00+01:00,221.83333333333334,1184.5777213066453,0.0
2025-04-29 22:00:00+01:00,121.65,1126.02444991126,0.0
2025-04-29 23:00:00+01:00,95.78333333333333,968.3810269236834,0.0
2025-04-30 00:00:00+01:00,93.01666666666667,648.5900831488857,0.0
2025-04-30 01:00:00+01:00,100.11666666666666,486.4425623616643,0.0
2025-04-30 02:00:00+01:00,101.33333333333333,257.4339294052122,0.0
2025-04-30 03:00:00+01:00,106.86666666666666,200.36618317169092,0.0
2025-04-30 04:00:00+01:00,99.11666666666666,211.71149862664308,0.0
2025-04-30 05:00:00+01:00,97.2,253.27449222205777,0.1413793103448276
2025-04-30 06:00:00+01:00,98.78333333333333,396.14728270629536,26.55287356321839
2025-04-30 07:00:00+01:00,94.21666666666667,715.6627959710453,121.56436781609196
2025-04-30 08:00:00+01:00,95.65,906.592797799981,291.9459770114943
2025-04-30 09:00:00+01:00,565.3,862.432117104853,504.5816091954023
2025-04-30 10:00:00+01:00,130.65,745.5361976177494,679.9367816091955
2025-04-30 11:00:00+01:00,103.18333333333334,677.9963330252007,772.5643678160919
2025-04-30 12:00:00+01:00,100.11666666666666,607.8587813329385,851.2252873563218
2025-04-30 13:00:00+01:00,99.63333333333334,561.1004135380971,887.0011494252873
2025-04-30 14:00:00+01:00,129.73333333333332,540.3189167403898,843.1988505747127
2025-04-30 15:00:00+01:00,180.76666666666668,519.5374199426825,741.9758620689655
2025-04-30 16:00:00+01:00,132.75,516.939732842969,600.2390804597702
2025-04-30 17:00:00+01:00,139.5,541.6177602902466,410.11034482758623
2025-04-30 18:00:00+01:00,139.98333333333332,576.6865361363776,180.44137931034484
2025-04-30 19:00:00+01:00,245.63333333333333,629.9391216805026,60.82758620689655
2025-04-30 20:00:00+01:00,118.26666666666667,683.1917072246274,11.202298850574714
2025-04-30 21:00:00+01:00,178.41666666666666,723.4558572701852,0.0
2025-04-30 22:00:00+01:00,102.63333333333334,697.4789862730514,0.0
2025-04-30 23:00:00+01:00,94.15,609.1576248827952,0.0
2025-05-01 00:00:00+01:00,91.51666666666667,388.35422140715514,0.0
2025-05-01 01:00:00+01:00,98.33333333333333,232.4929954243504,0.0
2025-05-01 02:00:00+01:00,98.9,175.25243085514867,0.0
2025-05-01 03:00:00+01:00,106.16666666666667,178.26938575917526,0.0
2025-05-01 04:00:00+01:00,99.23333333333333,189.63799264007233,0.0
2025-05-01 05:00:00+01:00,98.31666666666666,226.86753720744852,0.0
2025-05-01 06:00:00+01:00,88.53333333333333,354.8440966578041,11.944827586206896
2025-05-01 07:00:00+01:00,97.86666666666666,641.0462205195084,72.42758620689656
2025-05-01 08:00:00+01:00,95.93333333333334,812.0694408758925,256.00689655172414
2025-05-01 09:00:00+01:00,117.86666666666666,772.5130497730555,344.1827586206897
2025-05-01 10:00:00+01:00,166.68333333333334,667.8049556773099,631.2
2025-05-01 11:00:00+01:00,95.26666666666667,607.3069457553237,784.9850574712643
2025-05-01 12:00:00+01:00,98.28333333333333,544.4820892978764,871.5034482758621
2025-05-01 13:00:00+01:00,97.61666666666666,502.5988516595783,888.0298850574712
2025-05-01 14:00:00+01:00,137.78333333333333,483.98407937589013,843.2793103448275
2025-05-01 15:00:00+01:00,194.9,465.36930709220206,753.4022988505748
2025-05-01 16:00:00+01:00,100.96666666666667,463.0424605567411,623.4264367816091
2025-05-01 17:00:00+01:00,163.13333333333333,485.1475026436206,387.283908045977
2025-05-01 18:00:00+01:00,137.4,516.5599308723444,206.1712643678161
2025-05-01 19:00:00+01:00,190.55,564.260284849295,61.774712643678164
2025-05-01 20:00:00+01:00,102.3,611.9606388262457,13.018390804597702
2025-05-01 21:00:00+01:00,196.41666666666666,648.0267601258913,0.0
2025-05-01 22:00:00+01:00,107.81666666666666,624.7582947712813,0.0
2025-05-01 23:00:00+01:00,96.15,545.645512565607,0.0
2025-05-02 00:00:00+01:00,94.13333333333334,347.863557051421,0.0
2025-05-02 01:00:00+01:00,96.83333333333333,208.25276492376042,0.0
2025-05-02 02:00:00+01:00,97.35,241.23882383792838,0.0
2025-05-02 03:00:00+01:00,105.2,346.65605792270554,0.0
2025-05-02 04:00:00+01:00,96.58333333333333,365.38539096297035,0.0
2025-05-02 05:00:00+01:00,94.11666666666666,420.0224587705173,0.0
2025-05-02 06:00:00+01:00,89.63333333333334,568.5669868722857,5.877011494252873
2025-05-02 07:00:00+01:00,95.85,840.0449175410346,26.397701149425288
2025-05-02 08:00:00+01:00,95.91666666666667,1063.7154138781802,60.93908045977012
2025-05-02 09:00:00+01:00,535.7166666666667,985.1746289048314,76.2816091954023
2025-05-02 10:00:00+01:00,143.75,898.0968020865535,138.16896551724136
2025-05-02 11:00:00+01:00,103.08333333333333,828.0930589581341,207.46206896551723
2025-05-02 12:00:00+01:00,97.56666666666666,766.6263576746434,198.0632183908046
2025-05-02 13:00:00+01:00,91.11666666666666,737.6004154018841,305.02758620689656
2025-05-02 14:00:00+01:00,138.3,725.6485568189834,423.8586206896552
2025-05-02 15:00:00+01:00,187.6,725.6485568189834,394.29080459770114
2025-05-02 16:00:00+01:00,143.25,747.8448656157992,124.01954022988505
2025-05-02 17:00:00+01:00,145.35,785.4078497334875,32.36666666666667
2025-05-02 18:00:00+01:00,207.86666666666667,822.9708338511762,19.398850574712643
2025-05-02 19:00:00+01:00,215.31666666666666,874.1930849207515,10.344827586206897
2025-05-02 20:00:00+01:00,120.18333333333334,896.3893937175675,2.618390804597701
2025-05-02 21:00:00+01:00,190.33333333333334,898.0968020865535,0.0
2025-05-02 22:00:00+01:00,101.15,853.7041844929214,0.0
2025-05-02 23:00:00+01:00,100.0,734.1855986639124,0.0
2025-05-03 00:00:00+01:00,98.5,491.7336102679227,0.0
2025-05-03 01:00:00+01:00,97.65,368.80020770094205,0.0
2025-05-03 02:00:00+01:00,98.0,378.4985926409938,0.0
2025-05-03 03:00:00+01:00,107.75,417.1733230888149,0.0
2025-05-03 04:00:00+01:00,93.05,438.64206047212826,0.0
2025-05-03 05:00:00+01:00,93.15,504.2333966174932,0.08620689655172414
2025-05-03 06:00:00+01:00,98.01666666666667,682.5598417627044,26.45057471264368
2025-05-03 07:00:00+01:00,97.13333333333334,1008.4667932349864,116.31724137931035
2025-05-03 08:00:00+01:00,97.31666666666666,1276.9813255800743,233.94367816091955
2025-05-03 09:00:00+01:00,462.3833333333333,1182.6937798711124,196.2965517241379
2025-05-03 10:00:00+01:00,246.5,1078.1575878894369,420.1034482758621
2025-05-03 11:00:00+01:00,94.28333333333333,994.1186884531879,319.1218390804598
2025-05-03 12:00:00+01:00,97.76666666666667,920.3284352896527,313.94827586206895
2025-05-03 13:00:00+01:00,104.26666666666667,885.4830379624275,549.3873563218391
2025-05-03 14:00:00+01:00,120.26666666666667,871.1349331806288,416.216091954023
2025-05-03 15:00:00+01:00,196.7,871.1349331806288,296.89885057471264
2025-05-03 16:00:00+01:00,138.53333333333333,897.7814134896831,286.3080459770115
2025-05-03 17:00:00+01:00,137.58333333333334,942.8754570896216,206.6632183908046
2025-05-03 18:00:00+01:00,131.71666666666667,987.9695006895602,60.97701149425288
2025-05-03 19:00:00+01:00,141.26666666666668,1049.4613783258399,22.239080459770115
2025-05-03 20:00:00+01:00,205.51666666666668,1076.1078586348942,8.945977011494254
2025-05-03 21:00:00+01:00,120.68333333333334,1078.1575878894369,0.0
2025-05-03 22:00:00+01:00,107.65,1024.864627271328,0.0
2025-05-03 23:00:00+01:00,100.15,881.3835794533419,0.0
2025-05-04 00:00:00+01:00,98.41666666666667,590.3220253082849,0.0
2025-05-04 01:00:00+01:00,99.23333333333333,442.74151898121374,0.0
2025-05-04 02:00:00+01:00,90.08333333333333,508.93917560745246,0.0
2025-05-04 03:00:00+01:00,105.25,580.392575986531,0.0
2025-05-04 04:00:00+01:00,97.93333333333334,611.2389178822451,0.0
2025-05-04 05:00:00+01:00,99.23333333333333,702.6391299020203,0.0
2025-05-04 06:00:00+01:00,102.86666666666666,951.1334563307838,7.995402298850575
2025-05-04 07:00:00+01:00,98.38333333333334,1405.2782598040405,40.198850574712644
2025-05-04 08:00:00+01:00,97.3,1779.4478777599948,132.18505747126437
2025-05-04 09:00:00+01:00,93.7,1648.0600729815683,263.05632183908045
2025-05-04 10:00:00+01:00,570.45,1502.3909850750517,368.5045977011494
2025-05-04 11:00:00+01:00,99.06666666666666,1385.2844634247149,451.5494252873563
2025-05-04 12:00:00+01:00,99.96666666666667,1282.4592249024681,563.7011494252873
2025-05-04 13:00:00+01:00,756.2,1233.9028622669625,816.2954022988506
2025-05-04 14:00:00+01:00,963.75,1213.9090658876369,805.596551724138
2025-05-04 15:00:00+01:00,96.86666666666666,1213.9090658876369,742.9137931034483
2025-05-04 16:00:00+01:00,153.41666666666666,1251.0404020206702,377.5827586206897
2025-05-04 17:00:00+01:00,136.26666666666668,1313.8780477842656,418.3011494252873
2025-05-04 18:00:00+01:00,162.36666666666667,1376.7156935478608,191.97471264367817
2025-05-04 19:00:00+01:00,186.1,1462.4033923164002,44.340229885057475
2025-05-04 20:00:00+01:00,125.83333333333333,1499.5347284494333,16.89655172413793
2025-05-04 21:00:00+01:00,127.58333333333333,1502.3909850750517,0.11264367816091954
2025-05-04 22:00:00+01:00,107.93333333333334,1428.1283128089844,0.0
2025-05-04 23:00:00+01:00,90.9,1228.1903490157263,0.0
2025-05-05 00:00:00+01:00,105.05,822.6019081779749,0.0
2025-05-05 01:00:00+01:00,92.9,616.9514311334813,0.0
2025-05-05 02:00:00+01:00,97.48333333333333,568.7567318065721,0.0
2025-05-05 03:00:00+01:00,105.65,603.7872354674861,0.0
2025-05-05 04:00:00+01:00,99.0,633.6844845767756,0.0
2025-05-05 05:00:00+01:00,97.71666666666667,728.4410430181628,0.7965517241379311
2025-05-05 06:00:00+01:00,97.41666666666667,986.0604362806837,22.41609195402299
2025-05-05 07:00:00+01:00,95.96666666666667,1456.8820860363255,87.50689655172414
2025-05-05 08:00:00+01:00,91.91666666666667,1844.7917471557535,268.2022988505747
2025-05-05 09:00:00+01:00,90.28333333333333,1708.5791943962597,390.8551724137931
2025-05-05 10:00:00+01:00,610.7666666666667,1557.5609293802993,598.880459770115
2025-05-05 11:00:00+01:00,133.15,1436.154088877272,744.5988505747126
2025-05-05 12:00:00+01:00,95.86666666666666,1329.552960630712,519.5252873563219
2025-05-05 13:00:00+01:00,96.53333333333333,1279.213538958725,758.7712643678161
2025-05-05 14:00:00+01:00,168.85,1258.4855417996712,340.78620689655173
2025-05-05 15:00:00+01:00,138.08333333333334,1258.4855417996712,537.3494252873563
2025-05-05 16:00:00+01:00,136.75,1296.980393666485,339.47011494252877
2025-05-05 17:00:00+01:00,136.9,1362.1255275949384,422.59080459770115
2025-05-05 18:00:00+01:00,227.05,1427.270661523392,118.59655172413794
2025-05-05 19:00:00+01:00,111.43333333333334,1516.1049350621922,70.46781609195402
2025-05-05 20:00:00+01:00,128.93333333333334,1554.5997869290056,14.362068965517242
2025-05-05 21:00:00+01:00,113.8,1557.5609293802993,0.35402298850574715
2025-05-05 22:00:00+01:00,95.25,1480.5712256466722,0.0
2025-05-05 23:00:00+01:00,99.38333333333334,1273.2912540561379,0.0
2025-05-06 00:00:00+01:00,98.6,852.8090259724833,0.0
2025-05-06 01:00:00+01:00,96.4,639.6067694793625,0.0
2025-05-06 02:00:00+01:00,96.78333333333333,516.8591317106191,0.0
2025-05-06 03:00:00+01:00,103.63333333333334,521.3513234558139,0.0
2025-05-06 04:00:00+01:00,88.71666666666667,545.7530996219241,0.0
2025-05-06 05:00:00+01:00,92.28333333333333,627.3610397523054,0.08160919540229884
2025-05-06 06:00:00+01:00,94.3,849.2326269817792,19.357471264367817
2025-05-06 07:00:00+01:00,98.08333333333333,1254.7220795046107,71.87011494252874
2025-05-06 08:00:00+01:00,99.2,1588.8045844133583,141.0954022988506
2025-05-06 09:00:00+01:00,524.9833333333333,1471.4931704759356,350.6183908045977
2025-05-06 10:00:00+01:00,156.85,1341.4305158931406,463.51149425287355
2025-05-06 11:00:00+01:00,95.66666666666667,1236.8703426010895,484.3827586206897
2025-05-06 12:00:00+01:00,99.46666666666667,1145.0614099544107,423.0551724137931
2025-05-06 13:00:00+01:00,163.06666666666666,1101.7071917601459,589.6471264367816
2025-05-06 14:00:00+01:00,97.28333333333333,1083.8554548566249,592.1022988505748
2025-05-06 15:00:00+01:00,97.16666666666667,1083.8554548566249,280.0770114942529
2025-05-06 16:00:00+01:00,97.28333333333333,1117.0086805345923,229.36666666666667
2025-05-06 17:00:00+01:00,95.06666666666666,1173.1141393742294,141.58620689655172
2025-05-06 18:00:00+01:00,179.0,1229.2195982138662,80.40344827586206
2025-05-06 19:00:00+01:00,134.18333333333334,1305.727042086099,16.40344827586207
2025-05-06 20:00:00+01:00,200.93333333333334,1338.880267764066,3.8517241379310345
2025-05-06 21:00:00+01:00,130.1,1341.4305158931406,0.0
2025-05-06 22:00:00+01:00,117.11666666666666,1275.1240645372056,0.0
2025-05-06 23:00:00+01:00,95.95,1096.606695501997,0.0
2025-05-07 00:00:00+01:00,88.81666666666666,734.4714611734305,0.0
2025-05-07 01:00:00+01:00,95.8,550.8535958800729,0.0
2025-05-07 02:00:00+01:00,100.66666666666667,449.1424033778238,0.0
2025-05-07 03:00:00+01:00,105.08333333333333,454.8897896273319,0.0
2025-05-07 04:00:00+01:00,101.08333333333333,476.28322509340194,0.0
2025-05-07 05:00:00+01:00,99.7,547.5031466026958,1.4655172413793103
2025-05-07 06:00:00+01:00,98.36666666666666,741.1323082060882,26.90344827586207
2025-05-07 07:00:00+01:00,98.18333333333334,1095.0062932053916,114.97011494252872
2025-05-07 08:00:00+01:00,89.33333333333333,1386.562846884063,305.67126436781604
2025-05-07 09:00:00+01:00,101.26666666666667,1284.1842097144531,340.1172413793103
2025-05-07 10:00:00+01:00,529.7833333333333,1170.6774598090162,320.5494252873563
2025-05-07 11:00:00+01:00,103.78333333333333,1079.4269353752336,464.6264367816092
2025-05-07 12:00:00+01:00,95.43333333333334,999.3045236772782,479.2287356321839
2025-05-07 13:00:00+01:00,97.35,961.4689403754659,378.01264367816094
2025-05-07 14:00:00+01:00,183.6,945.8895825453079,744.7666666666667
2025-05-07 15:00:00+01:00,137.81666666666666,945.8895825453079,506.6
2025-05-07 16:00:00+01:00,136.96666666666667,974.822675658458,473.0229885057471
2025-05-07 17:00:00+01:00,131.75,1023.7863716960977,132.65402298850574
2025-05-07 18:00:00+01:00,141.73333333333332,1072.750067733737,81.76091954022989
2025-05-07 19:00:00+01:00,192.61666666666667,1139.5187441487,56.188505747126435
2025-05-07 20:00:00+01:00,123.61666666666666,1168.4518372618506,14.485057471264367
2025-05-07 21:00:00+01:00,114.01666666666667,1170.6774598090162,0.2873563218390805
2025-05-07 22:00:00+01:00,97.8,1112.8112735827149,0.0
2025-05-07 23:00:00+01:00,99.76666666666667,957.0176952811349,0.0
2025-05-08 00:00:00+01:00,102.76666666666667,640.9792935836438,0.0
2025-05-08 01:00:00+01:00,95.7,480.73447018773294,0.0
2025-05-08 02:00:00+01:00,100.06666666666666,370.1146332533162,0.0
2025-05-08 03:00:00+01:00,106.2,366.26072265504325,0.0
2025-05-08 04:00:00+01:00,99.13333333333334,383.0348709432326,0.0
2025-05-08 05:00:00+01:00,89.43333333333334,440.31111332726744,2.5310344827586206
2025-05-08 06:00:00+01:00,100.18333333333334,596.030897308862,37.74367816091954
2025-05-08 07:00:00+01:00,96.73333333333333,880.6222266545349,91.683908045977
2025-05-08 08:00:00+01:00,96.0,1115.096843914177,192.08850574712645
2025-05-08 09:00:00+01:00,499.55,1032.762245487127,422.56551724137927
2025-05-08 10:00:00+01:00,145.51666666666668,941.4782341875717,370.8425287356322
2025-05-08 11:00:00+01:00,87.65,868.0930486330271,299.7367816091954
2025-05-08 12:00:00+01:00,98.31666666666666,803.6572759509883,233.33793103448275
2025-05-08 13:00:00+01:00,97.7,773.2292721844697,238.81609195402297
2025-05-08 14:00:00+01:00,102.41666666666667,760.700094162962,226.05977011494252
2025-05-08 15:00:00+01:00,190.68333333333334,760.700094162962,92.02298850574714
2025-05-08 16:00:00+01:00,143.45,783.9685676314762,128.92183908045976
2025-05-08 17:00:00+01:00,136.03333333333333,823.3459842705,121.4264367816092
2025-05-08 18:00:00+01:00,142.68333333333334,862.7234009095239,68.4896551724138
2025-05-08 19:00:00+01:00,191.01666666666668,916.4198781445567,21.329885057471262
2025-05-08 20:00:00+01:00,126.51666666666667,939.6883516130706,4.031034482758621
2025-05-08 21:00:00+01:00,120.86666666666666,941.4782341875717,0.0
2025-05-08 22:00:00+01:00,97.73333333333333,894.9412872505435,0.0
2025-05-08 23:00:00+01:00,100.75,769.6495070354673,0.0
2025-05-09 00:00:00+01:00,93.08333333333333,515.4861814563129,0.0
2025-05-09 01:00:00+01:00,96.31666666666666,386.61463609223483,0.0
2025-05-09 02:00:00+01:00,100.53333333333333,193.3116617408415,0.0
2025-05-09 03:00:00+01:00,108.58333333333333,179.3354060776003,0.0
2025-05-09 04:00:00+01:00,101.53333333333333,189.88355360200694,0.0
2025-05-09 05:00:00+01:00,99.13333333333334,227.1613064563887,0.0
2025-05-09 06:00:00+01:00,94.78333333333333,355.3035818933259,9.241379310344827
2025-05-09 07:00:00+01:00,92.1,641.8763069613855,54.89080459770115
2025-05-09 08:00:00+01:00,98.05,813.1209841362015,292.50344827586207
2025-05-09 09:00:00+01:00,534.7166666666667,773.513371728421,446.6919540229885
2025-05-09 10:00:00+01:00,130.61666666666667,668.6696918254723,601.6563218390804
2025-05-09 11:00:00+01:00,99.68333333333334,608.0933434371021,738.8045977011494
2025-05-09 12:00:00+01:00,98.5,545.1871354953328,835.9620689655172
2025-05-09 13:00:00+01:00,91.21666666666667,503.24966353415346,907.1908045977011
2025-05-09 14:00:00+01:00,149.01666666666668,484.61078710696256,692.1344827586206
2025-05-09 15:00:00+01:00,182.16666666666666,465.9719106797717,428.12528735632185
2025-05-09 16:00:00+01:00,139.9,463.64205112637285,221.3816091954023
2025-05-09 17:00:00+01:00,139.8,485.775716883662,132.6
2025-05-09 18:00:00+01:00,141.95,517.2288208545465,95.85632183908046
2025-05-09 19:00:00+01:00,177.45,564.9909416992232,73.84022988505747
2025-05-09 20:00:00+01:00,96.21666666666667,612.7530625438998,25.913793103448274
2025-05-09 21:00:00+01:00,139.93333333333334,648.865885621582,0.6597701149425287
2025-05-09 22:00:00+01:00,102.4,625.5672900875935,0.0
2025-05-09 23:00:00+01:00,97.03333333333333,546.3520652720323,0.0
2025-05-10 00:00:00+01:00,94.73333333333333,348.3140032331293,0.0
2025-05-10 01:00:00+01:00,98.28333333333333,208.5224300291978,0.0
2025-05-10 02:00:00+01:00,98.28333333333333,193.10841529351924,0.0
2025-05-10 03:00:00+01:00,104.35,211.80261270765993,0.0
2025-05-10 04:00:00+01:00,98.41666666666667,226.15832118975015,0.0
2025-05-10 05:00:00+01:00,88.78333333333333,270.5575008098238,1.503448275862069
2025-05-10 06:00:00+01:00,98.31666666666666,423.179680753827,17.04367816091954
2025-05-10 07:00:00+01:00,97.21666666666667,764.4983740831432,68.70459770114942
2025-05-10 08:00:00+01:00,97.63333333333334,968.4571054628565,92.08620689655172
2025-05-10 09:00:00+01:00,469.93333333333334,921.2829771165282,78.32413793103449
2025-05-10 10:00:00+01:00,184.03333333333333,796.4102844350712,99.29310344827586
2025-05-10 11:00:00+01:00,100.75,724.2616175524514,288.6850574712644
2025-05-10 12:00:00+01:00,91.4,649.3380019435771,283.99655172413793
2025-05-10 13:00:00+01:00,96.86666666666666,599.3889248709943,298.0965517241379
2025-05-10 14:00:00+01:00,145.95,577.1893350609573,555.4080459770115
2025-05-10 15:00:00+01:00,197.48333333333332,554.9897452509206,324.21034482758625
2025-05-10 16:00:00+01:00,141.3,552.2147965246661,335.8965517241379
2025-05-10 17:00:00+01:00,139.96666666666667,578.5768094240849,170.15402298850574
2025-05-10 18:00:00+01:00,142.75,616.038617228522,162.61494252873564
2025-05-10 19:00:00+01:00,205.28333333333333,672.9250661167413,63.9080459770115
2025-05-10 20:00:00+01:00,121.01666666666667,729.8115150049606,16.89080459770115
2025-05-10 21:00:00+01:00,120.05,772.8232202619068,0.3839080459770115
2025-05-10 22:00:00+01:00,88.43333333333334,745.073732999361,0.0
2025-05-10 23:00:00+01:00,93.85,650.7254763067044,0.0
2025-05-11 00:00:00+01:00,97.9,414.8548345750632,0.0
2025-05-11 01:00:00+01:00,97.8,248.35791099978698,0.0
2025-05-11 02:00:00+01:00,98.56666666666666,342.06428138867994,0.0
2025-05-11 03:00:00+01:00,105.76666666666667,390.5096513148485,0.0
2025-05-11 04:00:00+01:00,97.85,411.3123187127158,0.0
2025-05-11 05:00:00+01:00,97.41666666666667,472.8169645015331,0.9126436781609196
2025-05-11 06:00:00+01:00,90.7,640.0327202398802,18.54252873563218
2025-05-11 07:00:00+01:00,91.4,945.6339290030662,66.08275862068966
2025-05-11 08:00:00+01:00,97.45,1197.4185727010372,121.86206896551724
2025-05-11 09:00:00+01:00,98.31666666666666,1109.0056443796122,159.41379310344828
2025-05-11 10:00:00+01:00,562.7166666666667,1010.9826151536846,138.88850574712646
2025-05-11 11:00:00+01:00,100.61666666666666,932.1797877367624,167.94022988505745
2025-05-11 12:00:00+01:00,98.13333333333334,862.9870612243428,113.63448275862068
2025-05-11 13:00:00+01:00,95.2,830.3127181490337,73.2103448275862
2025-05-11 14:00:00+01:00,127.98333333333333,816.85857688273,101.93103448275862
2025-05-11 15:00:00+01:00,193.26666666666668,816.85857688273,180.5793103448276
2025-05-11 16:00:00+01:00,361.48333333333335,841.844839234437,213.65862068965515
2025-05-11 17:00:00+01:00,761.4333333333333,884.1292832142489,195.85632183908046
2025-05-11 18:00:00+01:00,482.43333333333334,926.4137271940609,138.5609195402299
2025-05-11 19:00:00+01:00,184.96666666666667,984.0743326210772,103.03563218390805
2025-05-11 20:00:00+01:00,113.35,1009.0605949727837,29.636781609195403
2025-05-11 21:00:00+01:00,123.95,1010.9826151536846,1.2885057471264367
2025-05-11 22:00:00+01:00,102.31666666666666,961.0100904502706,0.0
2025-05-11 23:00:00+01:00,97.35,826.4686777872327,0.0
2025-05-12 00:00:00+01:00,97.85,553.5418120993559,0.0
2025-05-12 01:00:00+01:00,96.86666666666666,415.15635907451684,0.0
2025-05-12 02:00:00+01:00,97.08333333333333,368.0206659766557,0.0
2025-05-12 03:00:00+01:00,104.21666666666667,385.10902578556914,0.0
2025-05-12 04:00:00+01:00,96.4,403.8883677518766,0.0
2025-05-12 05:00:00+01:00,92.56666666666666,464.28289003253104,2.6586206896551725
2025-05-12 06:00:00+01:00,98.23333333333333,628.4804974830604,33.99310344827586
2025-05-12 07:00:00+01:00,94.25,928.5657800650621,83.48850574712644
2025-05-12 08:00:00+01:00,88.28333333333333,1175.8058556514911,290.7655172413793
2025-05-12 09:00:00+01:00,163.9,1088.9887298730503,310.07241379310346
2025-05-12 10:00:00+01:00,139.23333333333332,992.7349599882574,491.31149425287356
2025-05-12 11:00:00+01:00,96.75,915.3544783161689,691.4643678160919
2025-05-12 12:00:00+01:00,96.03333333333333,847.4106407504328,600.4781609195402
2025-05-12 13:00:00+01:00,112.7,815.3260507888351,676.7494252873563
2025-05-12 14:00:00+01:00,288.2,802.1147490399419,334.15517241379314
2025-05-12 15:00:00+01:00,129.68333333333334,802.1147490399419,304.7229885057471
2025-05-12 16:00:00+01:00,122.4,826.6500237164577,310.75747126436784
2025-05-12 17:00:00+01:00,172.66666666666666,868.1712577844075,318.73333333333335
2025-05-12 18:00:00+01:00,134.15,909.6924918523576,229.2505747126437
2025-05-12 19:00:00+01:00,132.68333333333334,966.3123564904713,57.08850574712643
2025-05-12 20:00:00+01:00,188.96666666666667,990.847631166987,16.733333333333334
2025-05-12 21:00:00+01:00,132.5,992.7349599882574,1.254022988505747
2025-05-12 22:00:00+01:00,112.71666666666667,943.6644106352259,0.0
2025-05-12 23:00:00+01:00,100.38333333333334,811.551393146294,0.0
2025-05-13 00:00:00+01:00,99.78333333333333,543.5507005258901,0.0
2025-05-13 01:00:00+01:00,97.25,407.66302539441756,0.0
2025-05-13 02:00:00+01:00,96.6,361.27655000881765,0.0
2025-05-13 03:00:00+01:00,104.61666666666666,378.0121911415127,0.0
2025-05-13 04:00:00+01:00,89.8,396.44338955859655,0.0
2025-05-13 05:00:00+01:00,98.31666666666666,455.7246440720316,3.8494252873563215
2025-05-13 06:00:00+01:00,88.43333333333334,616.8955547804331,30.558620689655175
2025-05-13 07:00:00+01:00,97.55,911.4492881440632,110.24137931034483
2025-05-13 08:00:00+01:00,90.0,1154.1319238084377,324.0965517241379
2025-05-13 09:00:00+01:00,149.86666666666667,1068.9151204453751,512.832183908046
2025-05-13 10:00:00+01:00,138.95,974.4356210645881,658.819540229885
2025-05-13 11:00:00+01:00,98.48333333333333,898.4815137192494,829.6298850574713
2025-05-13 12:00:00+01:00,101.0,831.7901023916351,889.4459770114942
2025-05-13 13:00:00+01:00,99.86666666666666,800.2969359313728,898.6666666666666
2025-05-13 14:00:00+01:00,122.51666666666667,787.3291615065589,856.5597701149425
2025-05-13 15:00:00+01:00,189.0,787.3291615065589,727.9172413793104
2025-05-13 16:00:00+01:00,123.8,811.4121711526417,646.3114942528736
2025-05-13 17:00:00+01:00,133.95,852.1680336306283,461.1758620689655
2025-05-13 18:00:00+01:00,139.11666666666667,892.9238961086149,230.55517241379312
2025-05-13 19:00:00+01:00,202.5,948.5000722149604,54.745977011494254
2025-05-13 20:00:00+01:00,107.26666666666667,972.5830818610431,16.83448275862069
2025-05-13 21:00:00+01:00,128.05,974.4356210645881,1.2310344827586206
2025-05-13 22:00:00+01:00,110.65,926.2696017724221,0.0
2025-05-13 23:00:00+01:00,96.65,796.5918575242829,0.0
2025-05-14 00:00:00+01:00,100.03333333333333,533.5312906209151,0.0
2025-05-14 01:00:00+01:00,91.43333333333334,400.1484679656864,0.0
2025-05-14 02:00:00+01:00,96.01666666666667,364.08592566070445,0.0
2025-05-14 03:00:00+01:00,106.18333333333334,384.6885448964209,0.0
2025-05-14 04:00:00+01:00,98.76666666666667,403.6422345895848,0.0
2025-05-14 05:00:00+01:00,96.71666666666667,463.999951911392,3.4045977011494255
2025-05-14 06:00:00+01:00,93.45,628.097495880055,37.53908045977012
2025-05-14 07:00:00+01:00,98.61666666666666,927.999903822784,113.7896551724138
2025-05-14 08:00:00+01:00,553.7666666666667,1175.0893091089315,295.14597701149427
2025-05-14 09:00:00+01:00,107.46666666666667,1088.3250904588342,539.8678160919541
2025-05-14 10:00:00+01:00,96.33333333333333,992.1299784772038,729.1057471264369
2025-05-14 11:00:00+01:00,96.65,914.7966531586387,803.803448275862
2025-05-14 12:00:00+01:00,95.86666666666666,846.8942211716057,677.2045977011494
2025-05-14 13:00:00+01:00,94.11666666666666,814.8291838443957,764.548275862069
2025-05-14 14:00:00+01:00,101.31666666666666,801.6259331802504,650.5229885057471
2025-05-14 15:00:00+01:00,185.88333333333333,801.6259331802504,809.3459770114943
2025-05-14 16:00:00+01:00,141.56666666666666,826.1462558422344,527.119540229885
2025-05-14 17:00:00+01:00,136.76666666666668,867.6421865009767,326.5770114942529
2025-05-14 18:00:00+01:00,138.96666666666667,909.1381171597193,141.38045977011495
2025-05-14 19:00:00+01:00,204.6,965.7234771489134,77.64367816091954
2025-05-14 20:00:00+01:00,115.23333333333333,990.2437998108975,16.291954022988506
2025-05-14 21:00:00+01:00,112.23333333333333,992.1299784772038,1.2057471264367814
2025-05-14 22:00:00+01:00,97.5,943.0893331532357,0.0
2025-05-14 23:00:00+01:00,97.13333333333334,811.0568265117826,0.0
2025-05-15 00:00:00+01:00,101.86666666666666,543.2194558962638,0.0
2025-05-15 01:00:00+01:00,97.41666666666667,407.41459192219787,0.0
2025-05-15 02:00:00+01:00,90.16666666666667,345.32946496799525,0.0
2025-05-15 03:00:00+01:00,107.05,355.26311186760074,0.0
2025-05-15 04:00:00+01:00,97.75,372.26838763235827,0.0
2025-05-15 05:00:00+01:00,96.96666666666667,427.93468858672964,4.567816091954024
2025-05-15 06:00:00+01:00,97.35,579.2774443064267,28.08735632183908
2025-05-15 07:00:00+01:00,96.4,855.8693771734593,104.11609195402299
2025-05-15 08:00:00+01:00,95.68333333333334,1083.753296705417,321.86436781609194
2025-05-15 09:00:00+01:00,557.75,1003.7329890835078,544.3977011494253
2025-05-15 10:00:00+01:00,95.58333333333333,915.0148219374787,712.2045977011494
2025-05-15 11:00:00+01:00,101.83333333333333,843.6923738396904,834.9183908045977
2025-05-15 12:00:00+01:00,92.73333333333333,781.0677852660227,775.5402298850574
2025-05-15 13:00:00+01:00,90.6,751.495062884013,488.36206896551727
2025-05-15 14:00:00+01:00,133.08333333333334,739.3180595502444,660.0252873563219
2025-05-15 15:00:00+01:00,176.53333333333333,739.3180595502444,607.4505747126437
2025-05-15 16:00:00+01:00,133.2,761.9324943129576,411.7287356321839
2025-05-15 17:00:00+01:00,130.86666666666667,800.203076219088,235.5310344827586
2025-05-15 18:00:00+01:00,138.63333333333333,838.4736581252181,105.9816091954023
2025-05-15 19:00:00+01:00,165.7,890.6608152699414,53.44827586206897
2025-05-15 20:00:00+01:00,127.53333333333333,913.2752500326546,14.67816091954023
2025-05-15 21:00:00+01:00,116.58333333333333,915.0148219374787,0.42528735632183906
2025-05-15 22:00:00+01:00,97.98333333333333,869.785952412052,0.0
2025-05-15 23:00:00+01:00,99.66666666666667,748.0159190743645,0.0
2025-05-16 00:00:00+01:00,154.33333333333334,500.9967085893419,0.0
2025-05-16 01:00:00+01:00,98.75,375.7475314420065,0.0
2025-05-16 02:00:00+01:00,98.48333333333333,366.5190418978736,0.0
2025-05-16 03:00:00+01:00,106.73333333333333,397.01856386380166,0.0
2025-05-16 04:00:00+01:00,90.88333333333334,417.0946221126168,0.0
2025-05-16 05:00:00+01:00,91.58333333333333,479.46391140048473,3.126436781609195
2025-05-16 06:00:00+01:00,92.23333333333333,649.0304166518757,15.019540229885058
2025-05-16 07:00:00+01:00,92.88333333333334,958.9278228009695,46.60804597701149
2025-05-16 08:00:00+01:00,95.2,1214.2521008231788,92.26896551724138
2025-05-16 09:00:00+01:00,553.0666666666667,1124.5962474718688,93.52183908045977
2025-05-16 10:00:00+01:00,179.03333333333333,1025.1951926693293,55.42873563218391
2025-05-16 11:00:00+01:00,103.8,945.2845407692483,63.91149425287357
2025-05-16 12:00:00+01:00,93.18333333333334,875.1190903203969,94.50689655172414
2025-05-16 13:00:00+01:00,93.55,841.9854053862172,106.06781609195401
2025-05-16 14:00:00+01:00,116.38333333333334,828.3421233544959,72.00114942528735
2025-05-16 15:00:00+01:00,194.71666666666667,828.3421233544959,83.65862068965518
2025-05-16 16:00:00+01:00,142.78333333333333,853.6796471276923,59.222988505747125
2025-05-16 17:00:00+01:00,143.91666666666666,896.5585335131016,32.42528735632184
2025-05-16 18:00:00+01:00,146.7,939.4374198985108,28.860919540229883
2025-05-16 19:00:00+01:00,142.23333333333332,997.9086286058869,14.06551724137931
2025-05-16 20:00:00+01:00,188.16666666666666,1023.2461523790832,4.527586206896552
2025-05-16 21:00:00+01:00,122.73333333333333,1025.1951926693293,0.26666666666666666
2025-05-16 22:00:00+01:00,106.21666666666667,974.5201451229364,0.0
2025-05-16 23:00:00+01:00,97.9,838.0873248057252,0.0
2025-05-17 00:00:00+01:00,97.61666666666666,561.3236035908111,0.0
2025-05-17 01:00:00+01:00,98.26666666666667,420.9927026931086,0.0
2025-05-17 02:00:00+01:00,96.73333333333333,216.75731013108182,0.0
2025-05-17 03:00:00+01:00,97.71666666666667,203.4634927743474,0.0
2025-05-17 04:00:00+01:00,94.71666666666667,215.55555700736141,0.0
2025-05-17 05:00:00+01:00,95.63333333333334,257.8732123707698,1.8770114942528735
2025-05-17 06:00:00+01:00,95.91666666666667,403.34015268248606,21.381609195402298
2025-05-17 07:00:00+01:00,95.98333333333333,728.6571282886881,57.083908045977005
2025-05-17 08:00:00+01:00,95.65,923.0538576143452,107.17471264367815
2025-05-17 09:00:00+01:00,159.93333333333334,878.0913487907239,239.56896551724137
2025-05-17 10:00:00+01:00,126.61666666666666,759.0729430811377,410.7781609195402
2025-05-17 11:00:00+01:00,91.3,690.3067531155992,371.9850574712644
2025-05-17 12:00:00+01:00,99.31666666666666,618.8957096898474,244.04827586206895
2025-05-17 13:00:00+01:00,96.58333333333333,571.288347406013,203.78735632183907
2025-05-17 14:00:00+01:00,128.31666666666666,550.1295197243089,321.1977011494253
2025-05-17 15:00:00+01:00,178.38333333333333,528.9706920426048,290.3080459770115
2025-05-17 16:00:00+01:00,137.3,526.3258385823917,346.82183908045977
2025-05-17 17:00:00+01:00,137.6,551.4519464544154,173.2080459770115
2025-05-17 18:00:00+01:00,145.33333333333334,587.1574681672913,76.37586206896552
2025-05-17 19:00:00+01:00,212.93333333333334,641.3769641016582,91.96781609195403
2025-05-17 20:00:00+01:00,121.71666666666667,695.5964600360253,20.20114942528736
2025-05-17 21:00:00+01:00,125.31666666666666,736.591688669327,1.3252873563218392
2025-05-17 22:00:00+01:00,108.06666666666666,710.1431540671967,0.0
2025-05-17 23:00:00+01:00,96.36666666666666,620.2181364199539,0.0
2025-05-18 00:00:00+01:00,91.05,395.40559230184704,0.0
2025-05-18 01:00:00+01:00,94.61666666666666,236.7143846890656,0.0
2025-05-18 02:00:00+01:00,100.56666666666666,135.1968926221461,0.0
2025-05-18 03:00:00+01:00,100.15,123.01063976598022,0.0
2025-05-18 04:00:00+01:00,97.56666666666666,130.1295381293309,0.0
2025-05-18 05:00:00+01:00,95.81666666666666,155.6764413203652,5.7137931034482765
2025-05-18 06:00:00+01:00,95.93333333333334,243.4939210395456,44.691954022988504
2025-05-18 07:00:00+01:00,93.95,439.8857393206218,127.88620689655173
2025-05-18 08:00:00+01:00,95.41666666666667,557.2418258544355,299.3551724137931
2025-05-18 09:00:00+01:00,398.1666666666667,530.0982412139615,519.1632183908046
2025-05-18 10:00:00+01:00,230.6,458.2475759891776,646.5781609195402
2025-05-18 11:00:00+01:00,85.43333333333334,416.73385830374696,780.2011494252873
2025-05-18 12:00:00+01:00,67.4,373.62345916887654,844.8735632183908
2025-05-18 13:00:00+01:00,647.9833333333333,344.88319307896296,842.1885057471264
2025-05-18 14:00:00+01:00,216.78333333333333,332.1097414834458,807.2931034482758
2025-05-18 15:00:00+01:00,216.35,319.3362898879286,732.1229885057471
2025-05-18 16:00:00+01:00,103.78333333333333,317.73960843848903,612.7505747126437
2025-05-18 17:00:00+01:00,444.95,332.90808220816564,435.15517241379314
2025-05-18 18:00:00+01:00,936.3166666666667,354.4632817756008,226.45862068965516
2025-05-18 19:00:00+01:00,149.06666666666666,387.19525148911356,68.32758620689656
2025-05-18 20:00:00+01:00,107.61666666666666,419.9272212026262,14.787356321839079
2025-05-18 21:00:00+01:00,124.6,444.67578366894065,1.77816091954023
2025-05-18 22:00:00+01:00,96.46666666666667,428.7089691745443,0.0
2025-05-18 23:00:00+01:00,97.46666666666667,374.4217998935963,0.0
2025-05-19 00:00:00+01:00,98.01666666666667,238.70387669122672,0.0
2025-05-19 01:00:00+01:00,97.08333333333333,142.90298972484808,0.0
2025-05-19 02:00:00+01:00,92.15,59.57363268399279,0.0
2025-05-19 03:00:00+01:00,100.9,55.18852867976178,0.0
2025-05-19 04:00:00+01:00,103.36666666666666,59.20650659834477,0.0
2025-05-19 05:00:00+01:00,96.21666666666667,85.04207311398613,4.7
2025-05-19 06:00:00+01:00,94.36666666666666,161.47229072275843,43.094252873563214
2025-05-19 07:00:00+01:00,94.23333333333333,364.9273770334341,121.26896551724138
2025-05-19 08:00:00+01:00,93.95,460.73426952893743,316.0551724137931
2025-05-19 09:00:00+01:00,464.4,397.7600761470616,513.0827586206897
2025-05-19 10:00:00+01:00,164.38333333333333,324.55930435274456,653.4252873563219
2025-05-19 11:00:00+01:00,65.8,322.4063404764411,773.7747126436782
2025-05-19 12:00:00+01:00,67.23333333333333,265.89103872347556,731.2333333333333
2025-05-19 13:00:00+01:00,98.53333333333333,257.8174241873377,841.551724137931
2025-05-19 14:00:00+01:00,272.4,237.90250833153084,806.7448275862068
2025-05-19 15:00:00+01:00,69.18333333333334,209.913977939586,733.2758620689655
2025-05-19 16:00:00+01:00,88.71666666666667,199.1491585580688,487.88505747126436
2025-05-19 17:00:00+01:00,150.0,191.07554402193085,300.45402298850576
2025-05-19 18:00:00+01:00,110.53333333333333,212.0669418158894,200.78045977011496
2025-05-19 19:00:00+01:00,171.98333333333332,227.13768895001357,93.99540229885058
2025-05-19 20:00:00+01:00,83.23333333333333,250.82029158935148,18.663218390804598
2025-05-19 21:00:00+01:00,123.9,279.885303919448,1.350574712643678
2025-05-19 22:00:00+01:00,111.93333333333334,282.57650876482734,0.0
2025-05-19 23:00:00+01:00,96.91666666666667,238.44074930060665,0.0
2025-05-20 00:00:00+01:00,90.26666666666667,162.01053169183433,0.0
2025-05-20 01:00:00+01:00,91.01666666666667,82.88910923768267,0.0
2025-05-20 02:00:00+01:00,95.56666666666666,59.19452477119429,0.0
2025-05-20 03:00:00+01:00,104.65,63.40540684768385,0.0
2025-05-20 04:00:00+01:00,95.81666666666666,68.51206803165738,0.0
2025-05-20 05:00:00+01:00,92.35,98.40824317274425,3.047126436781609
2025-05-20 06:00:00+01:00,94.86666666666666,186.85109463179288,25.559770114942527
2025-05-20 07:00:00+01:00,96.28333333333333,422.2834738678519,129.8735632183908
2025-05-20 08:00:00+01:00,90.26666666666667,533.1484566827157,313.5379310344827
2025-05-20 09:00:00+01:00,490.01666666666665,460.2765297763164,453.73793103448276
2025-05-20 10:00:00+01:00,105.56666666666666,375.5707002099037,604.6793103448275
2025-05-20 11:00:00+01:00,73.55,373.0793522814798,719.2252873563218
2025-05-20 12:00:00+01:00,63.516666666666666,307.6814691603523,801.2597701149425
2025-05-20 13:00:00+01:00,74.01666666666667,298.3389144287625,787.8747126436781
2025-05-20 14:00:00+01:00,164.88333333333333,275.29394609084153,708.1206896551724
2025-05-20 15:00:00+01:00,108.25,242.90642302133077,584.483908045977
2025-05-20 16:00:00+01:00,102.55,230.44968337921117,263.69425287356324
2025-05-20 17:00:00+01:00,121.46666666666667,221.10712864762155,94.59540229885057
2025-05-20 18:00:00+01:00,125.78333333333333,245.39777094975463,57.656321839080455
2025-05-20 19:00:00+01:00,161.2,262.83720644872204,5.371264367816092
2025-05-20 20:00:00+01:00,97.53333333333333,290.24203366138494,4.128735632183908
2025-05-20 21:00:00+01:00,106.5,323.87523069510763,0.0
2025-05-20 22:00:00+01:00,84.55,326.9894156056375,0.0
2025-05-20 23:00:00+01:00,63.15,275.9167830729474,0.0
2025-05-21 00:00:00+01:00,67.33333333333333,187.47393161389886,0.0
2025-05-21 01:00:00+01:00,67.65,95.91689524432036,0.0
2025-05-21 02:00:00+01:00,68.7,92.83699148751079,0.0
2025-05-21 03:00:00+01:00,76.88333333333334,117.40115451276567,0.0
2025-05-21 04:00:00+01:00,69.95,125.42552965658318,0.0
2025-05-21 05:00:00+01:00,67.81666666666666,150.04894652167928,0.0
2025-05-21 06:00:00+01:00,63.75,234.69194199544708,8.441379310344827
2025-05-21 07:00:00+01:00,68.36666666666666,423.98445914587325,18.155172413793103
2025-05-21 08:00:00+01:00,66.51666666666667,537.0982803699084,51.85977011494253
2025-05-21 09:00:00+01:00,496.85,510.93589995074376,70.24252873563219
2025-05-21 10:00:00+01:00,131.6,441.68254001766104,102.516091954023
2025-05-21 11:00:00+01:00,100.48333333333333,401.6694876118799,69.72988505747125
2025-05-21 12:00:00+01:00,95.58333333333333,360.1174716520303,90.60574712643678
2025-05-21 13:00:00+01:00,95.2,332.4161276787972,87.02873563218391
2025-05-21 14:00:00+01:00,118.88333333333334,320.10441924624905,53.5080459770115
2025-05-21 15:00:00+01:00,136.58333333333334,307.7927108137011,81.53448275862068
2025-05-21 16:00:00+01:00,189.86666666666667,306.25374725963263,51.378160919540235
2025-05-21 17:00:00+01:00,141.86666666666667,320.8739010232834,53.20919540229885
2025-05-21 18:00:00+01:00,143.56666666666666,341.64990900320817,51.377011494252876
2025-05-21 19:00:00+01:00,194.56666666666666,373.19866186161255,23.99655172413793
2025-05-21 20:00:00+01:00,127.15,404.74741472001693,10.288505747126436
2025-05-21 21:00:00+01:00,125.33333333333333,428.6013498080787,0.7885057471264367
2025-05-21 22:00:00+01:00,116.65,413.2117142673937,0.0
2025-05-21 23:00:00+01:00,97.78333333333333,360.8869534290645,0.0
2025-05-22 00:00:00+01:00,100.13333333333334,230.07505133324156,0.0
2025-05-22 01:00:00+01:00,98.71666666666667,137.7372380891312,0.0
2025-05-22 02:00:00+01:00,96.45,141.989024978843,0.0
2025-05-22 03:00:00+01:00,110.08333333333333,161.76207810783538,0.0
2025-05-22 04:00:00+01:00,99.6,173.05497413819674,0.0
2025-05-22 05:00:00+01:00,97.63333333333334,207.02895679109426,0.0
2025-05-22 06:00:00+01:00,100.0,323.8145221604294,7.226436781609196
2025-05-22 07:00:00+01:00,101.58333333333333,584.9895138045794,53.87011494252874
2025-05-22 08:00:00+01:00,89.3,741.0574966163272,41.93103448275862
2025-05-22 09:00:00+01:00,165.56666666666666,704.9601400476236,36.93218390804598
2025-05-22 10:00:00+01:00,138.83333333333334,609.4083138363492,88.38505747126437
2025-05-22 11:00:00+01:00,99.4,554.2005920253907,121.60114942528736
2025-05-22 12:00:00+01:00,140.6,496.8694962986262,131.97241379310344
2025-05-22 13:00:00+01:00,95.63333333333334,458.64876581411653,230.47241379310344
2025-05-22 14:00:00+01:00,136.85,441.6617744876677,387.57241379310346
2025-05-22 15:00:00+01:00,139.2,424.67478316121895,599.3183908045977
2025-05-22 16:00:00+01:00,192.76666666666668,422.5514092454129,464.2057471264368
2025-05-22 17:00:00+01:00,136.58333333333334,442.72346144557076,332.36436781609194
2025-05-22 18:00:00+01:00,135.9,471.389009308953,175.0816091954023
2025-05-22 19:00:00+01:00,184.03333333333333,514.918174582978,67.17586206896551
2025-05-22 20:00:00+01:00,103.35,558.447339857003,25.33103448275862
2025-05-22 21:00:00+01:00,122.91666666666667,591.3596355519975,2.3482758620689657
2025-05-22 22:00:00+01:00,132.95,570.1258963939364,0.0
2025-05-22 23:00:00+01:00,101.26666666666667,497.93118325652927,0.0
2025-05-23 00:00:00+01:00,94.81666666666666,317.4444004130112,0.0
2025-05-23 01:00:00+01:00,101.26666666666667,190.04196546464547,0.0
2025-05-23 02:00:00+01:00,102.71666666666667,138.37416532792284,0.0
2025-05-23 03:00:00+01:00,103.81666666666666,138.91896278282027,0.0
2025-05-23 04:00:00+01:00,91.05,147.6814590464094,0.0
2025-05-23 05:00:00+01:00,82.18333333333334,176.67413812300504,6.696551724137931
2025-05-23 06:00:00+01:00,91.4,276.3364724488028,38.770114942528735
2025-05-23 07:00:00+01:00,95.61666666666666,499.2176928501322,122.63333333333334
2025-05-23 08:00:00+01:00,92.0,632.4028123582438,243.08850574712645
2025-05-23 09:00:00+01:00,446.81666666666666,601.5980908393608,511.37126436781614
2025-05-23 10:00:00+01:00,237.21666666666667,520.0561809364353,675.0816091954023
2025-05-23 11:00:00+01:00,94.81666666666666,472.9430774369674,775.3022988505747
2025-05-23 12:00:00+01:00,91.0,424.0179314952122,818.2965517241379
2025-05-23 13:00:00+01:00,73.05,391.401167534042,753.9781609195402
2025-05-23 14:00:00+01:00,102.35,376.9048279957441,584.2379310344827
2025-05-23 15:00:00+01:00,159.53333333333333,362.40848845744625,518.3609195402299
2025-05-23 16:00:00+01:00,106.26666666666667,360.5964460151591,468.0781609195402
2025-05-23 17:00:00+01:00,99.21666666666667,377.8108492168878,321.2689655172414
2025-05-23 18:00:00+01:00,110.88333333333334,402.2734221877654,197.7206896551724
2025-05-23 19:00:00+01:00,147.93333333333334,439.42029225465365,91.683908045977
2025-05-23 20:00:00+01:00,96.75,476.56716232154196,31.620689655172416
2025-05-23 21:00:00+01:00,122.08333333333333,504.653820176994,2.6137931034482755
2025-05-23 22:00:00+01:00,120.88333333333334,486.53339575412167,0.0
2025-05-23 23:00:00+01:00,98.31666666666666,424.92395271635576,0.0
2025-05-24 00:00:00+01:00,94.13333333333334,270.9003451219411,0.0
2025-05-24 01:00:00+01:00,100.41666666666667,162.1777985847072,0.0
2025-05-24 02:00:00+01:00,98.96666666666667,64.83107697666813,0.0
2025-05-24 03:00:00+01:00,105.65,59.02692319650384,0.0
2025-05-24 04:00:00+01:00,97.16666666666667,63.26992348295453,0.0
2025-05-24 05:00:00+01:00,90.56666666666666,90.87861736642559,8.166666666666666
2025-05-24 06:00:00+01:00,96.98333333333333,172.55433677169415,59.698850574712644
2025-05-24 07:00:00+01:00,96.25,389.97280110402886,125.0103448275862
2025-05-24 08:00:00+01:00,92.61666666666666,492.3550409219007,275.0080459770115
2025-05-24 09:00:00+01:00,95.53333333333333,425.0588495809399,405.4172413793103
2025-05-24 10:00:00+01:00,548.2,346.83421691110533,658.5068965517241
2025-05-24 11:00:00+01:00,69.93333333333334,344.53349242081606,711.0448275862069
2025-05-24 12:00:00+01:00,61.43333333333333,284.1394745507231,853.6919540229885
2025-05-24 13:00:00+01:00,68.75,275.5117577121383,752.835632183908
2025-05-24 14:00:00+01:00,76.06666666666666,254.2300561769628,790.7448275862068
2025-05-24 15:00:00+01:00,112.36666666666666,224.32063780320246,613.8494252873563
2025-05-24 16:00:00+01:00,165.75,212.81701535175614,284.01149425287355
2025-05-24 17:00:00+01:00,112.81666666666666,204.18929851317145,175.52988505747126
2025-05-24 18:00:00+01:00,125.41666666666667,226.62136229349167,93.20919540229885
2025-05-24 19:00:00+01:00,193.9,242.7264337255165,59.742528735632185
2025-05-24 20:00:00+01:00,120.38333333333334,268.0344031186983,37.45057471264367
2025-05-24 21:00:00+01:00,122.58333333333333,299.0941837376032,4.073563218390804
2025-05-24 22:00:00+01:00,105.86666666666666,301.97008935046483,0.0
2025-05-24 23:00:00+01:00,97.93333333333334,254.8052372995351,0.0
2025-05-25 00:00:00+01:00,95.51666666666667,173.1295178942665,0.0
2025-05-25 01:00:00+01:00,93.15,88.57789287613635,0.0
2025-05-25 02:00:00+01:00,92.91666666666667,139.96591268970252,0.0
2025-05-25 03:00:00+01:00,112.35,175.00781432644573,0.0
2025-05-25 04:00:00+01:00,91.38333333333334,188.09342398503927,0.0
2025-05-25 05:00:00+01:00,92.23333333333333,225.01974035020032,3.8310344827586205
2025-05-25 06:00:00+01:00,101.9,351.9539528554415,32.682758620689654
2025-05-25 07:00:00+01:00,87.96666666666667,635.8250099126172,55.74712643678161
2025-05-25 08:00:00+01:00,98.65,805.455275715076,102.67816091954023
2025-05-25 09:00:00+01:00,318.1666666666667,766.2210645770923,81.85632183908046
2025-05-25 10:00:00+01:00,346.6333333333333,662.3657998000768,257.8149425287356
2025-05-25 11:00:00+01:00,101.88333333333334,602.3605357066901,308.8977011494253
2025-05-25 12:00:00+01:00,104.75,540.0473768404808,312.92528735632186
2025-05-25 13:00:00+01:00,98.11666666666666,498.50527092967457,361.8034482758621
2025-05-25 14:00:00+01:00,106.85,480.042112747094,354.6816091954023
2025-05-25 15:00:00+01:00,119.85,461.5789545645135,406.63218390804593
2025-05-25 16:00:00+01:00,198.16666666666666,459.27105979169096,422.3149425287356
2025-05-25 17:00:00+01:00,131.8,481.1960601335052,268.01264367816094
2025-05-25 18:00:00+01:00,138.05,512.35263956661,122.9344827586207
2025-05-25 19:00:00+01:00,181.73333333333332,559.6644824094725,79.38045977011494
2025-05-25 20:00:00+01:00,109.96666666666667,606.9763252523353,23.47241379310345
2025-05-25 21:00:00+01:00,131.98333333333332,642.7486942310851,3.0724137931034483
2025-05-25 22:00:00+01:00,109.33333333333333,619.6697465028593,0.0
2025-05-25 23:00:00+01:00,96.76666666666667,541.2013242268921,0.0
2025-05-26 00:00:00+01:00,97.16666666666667,345.0302685369739,0.0
2025-05-26 01:00:00+01:00,93.61666666666666,206.55658216761978,0.0
2025-05-26 02:00:00+01:00,93.28333333333333,108.91837689138308,0.0
2025-05-26 03:00:00+01:00,102.88333333333334,69.61946702725898,0.0
2025-05-26 04:00:00+01:00,94.8,74.53187857414355,0.0
2025-05-26 05:00:00+01:00,98.36666666666666,107.05488013376983,6.389655172413793
2025-05-26 06:00:00+01:00,97.93333333333334,203.26875974766423,55.24942528735632
2025-05-26 07:00:00+01:00,96.55,459.3873970297211,122.61724137931034
2025-05-26 08:00:00+01:00,97.7,579.9935278133354,245.06206896551723
2025-05-26 09:00:00+01:00,89.23333333333333,500.71871151174605,434.00344827586207
2025-05-26 10:00:00+01:00,554.2333333333333,408.570207092805,575.9540229885058
2025-05-26 11:00:00+01:00,195.01666666666668,405.8599569628363,539.4620689655172
2025-05-26 12:00:00+01:00,472.9166666666667,334.71589105115373,359.88965517241377
2025-05-26 13:00:00+01:00,98.43333333333334,324.55245306377043,474.3586206896552
2025-05-26 14:00:00+01:00,140.25,299.48263936155865,420.50689655172414
2025-05-26 15:00:00+01:00,171.6,264.24938767196346,730.8287356321839
2025-05-26 16:00:00+01:00,110.16666666666667,250.69813702211917,482.33103448275864
2025-05-26 17:00:00+01:00,106.6,240.53469903473598,331.9367816091954
2025-05-26 18:00:00+01:00,110.05,266.9596378019323,91.96896551724139
2025-05-26 19:00:00+01:00,162.73333333333332,285.9313887117143,93.84252873563219
2025-05-26 20:00:00+01:00,130.23333333333332,315.74414014137176,26.05632183908046
2025-05-26 21:00:00+01:00,123.65,352.33251689595124,2.873563218390805
2025-05-26 22:00:00+01:00,98.9,355.72032955841235,0.0
2025-05-26 23:00:00+01:00,99.35,300.1602018940508,0.0
2025-05-27 00:00:00+01:00,98.16666666666667,203.9463222801564,0.0
2025-05-27 01:00:00+01:00,97.05,104.34463000380096,0.0
2025-05-27 02:00:00+01:00,92.36666666666666,59.96169323083127,0.0
2025-05-27 03:00:00+01:00,106.3,59.252936383586885,0.0
2025-05-27 04:00:00+01:00,99.08333333333333,63.76775303744263,0.0
2025-05-27 05:00:00+01:00,99.05,91.59368163559942,1.64367816091954
2025-05-27 06:00:00+01:00,98.41666666666667,173.91205373847987,16.47241379310345
2025-05-27 07:00:00+01:00,98.08333333333333,393.0412414489646,38.718390804597696
2025-05-27 08:00:00+01:00,101.1,496.22906000046265,92.84252873563219
2025-05-27 09:00:00+01:00,425.96666666666664,428.4033590424554,124.14712643678162
2025-05-27 10:00:00+01:00,261.78333333333336,349.5632280143446,429.94827586206895
2025-05-27 11:00:00+01:00,106.28333333333333,347.2444006311649,791.8655172413794
2025-05-27 12:00:00+01:00,97.35,286.3751818226969,750.8160919540229
2025-05-27 13:00:00+01:00,98.3,277.6795791357729,542.3919540229886
2025-05-27 14:00:00+01:00,608.1833333333333,256.2304258413604,743.5586206896552
2025-05-27 15:00:00+01:00,272.96666666666664,226.0856698600239,567.8816091954023
2025-05-27 16:00:00+01:00,222.73333333333332,214.4915329441252,526.3436781609196
2025-05-27 17:00:00+01:00,475.25,205.79593025720123,234.8793103448276
2025-05-27 18:00:00+01:00,938.2833333333333,228.40449724320362,122.64252873563218
2025-05-27 19:00:00+01:00,284.8,244.63628892546174,56.242528735632185
2025-05-27 20:00:00+01:00,125.28333333333333,270.1433901404388,24.20919540229885
2025-05-27 21:00:00+01:00,127.46666666666667,301.4475598133651,3.044827586206897
2025-05-27 22:00:00+01:00,110.81666666666666,304.34609404233987,0.0
2025-05-27 23:00:00+01:00,98.68333333333334,256.8101326871553,0.0
2025-05-28 00:00:00+01:00,97.41666666666667,174.49176058427486,0.0
2025-05-28 01:00:00+01:00,87.75,89.2748542524197,0.0
2025-05-28 02:00:00+01:00,94.38333333333334,139.8118051927948,0.0
2025-05-28 03:00:00+01:00,101.21666666666667,174.30597286409764,0.0
2025-05-28 04:00:00+01:00,95.66666666666667,187.31212625188644,0.0
2025-05-28 05:00:00+01:00,95.61666666666666,224.08505901299299,7.236781609195402
2025-05-28 06:00:00+01:00,93.58333333333333,350.49201537929673,46.70574712643678
2025-05-28 07:00:00+01:00,95.5,633.1839359803034,87.76666666666667
2025-05-28 08:00:00+01:00,101.01666666666667,802.1095958516365,200.61264367816094
2025-05-28 09:00:00+01:00,422.9166666666667,763.038354792961,296.7988505747126
2025-05-28 10:00:00+01:00,277.93333333333334,659.6144814023487,276.5931034482758
2025-05-28 11:00:00+01:00,96.43333333333334,599.8584656655505,202.98390804597702
2025-05-28 12:00:00+01:00,100.55,537.8041416311833,483.735632183908
2025-05-28 13:00:00+01:00,524.8,496.43459227493844,463.8919540229885
2025-05-28 14:00:00+01:00,125.78333333333333,478.048125894385,241.3655172413793
2025-05-28 15:00:00+01:00,79.73333333333333,459.66165951383186,161.48160919540229
2025-05-28 16:00:00+01:00,200.93333333333334,457.36335121626263,43.118390804597695
2025-05-28 17:00:00+01:00,106.26666666666667,479.1972800431697,68.16206896551724
2025-05-28 18:00:00+01:00,110.56666666666666,510.2244420603534,118.89655172413794
2025-05-28 19:00:00+01:00,154.4,557.3397621605211,65.22873563218391
2025-05-28 20:00:00+01:00,92.75,604.4550822606889,9.03448275862069
2025-05-28 21:00:00+01:00,97.86666666666666,640.0788608730109,1.371264367816092
2025-05-28 22:00:00+01:00,100.23333333333333,617.0957778973192,0.0
2025-05-28 23:00:00+01:00,79.93333333333334,538.9532957799678,0.0
2025-05-29 00:00:00+01:00,68.38333333333334,343.59709048658925,0.0
2025-05-29 01:00:00+01:00,65.43333333333334,205.69859263243973,0.0
2025-05-29 02:00:00+01:00,64.28333333333333,170.47834087741657,0.0
2025-05-29 03:00:00+01:00,70.01666666666667,179.70834478419098,0.0
2025-05-29 04:00:00+01:00,67.96666666666667,191.51041323638188,0.0
2025-05-29 05:00:00+01:00,65.75,229.10754957726667,8.095402298850574
2025-05-29 06:00:00+01:00,67.13333333333334,358.34770574905815,31.65977011494253
2025-05-29 07:00:00+01:00,66.51666666666667,647.3756913696101,111.95287356321839
2025-05-29 08:00:00+01:00,63.85,820.0875364355494,326.54597701149424
2025-05-29 09:00:00+01:00,394.28333333333336,780.1405790733593,584.9206896551725
2025-05-29 10:00:00+01:00,241.28333333333333,674.3986331146209,761.1057471264368
2025-05-29 11:00:00+01:00,81.16666666666667,613.3032865606831,629.0459770114942
2025-05-29 12:00:00+01:00,70.86666666666666,549.85811898544,654.7471264367816
2025-05-29 13:00:00+01:00,70.0,507.56134060194466,883.971264367816
2025-05-29 14:00:00+01:00,78.21666666666667,488.76277243150224,689.532183908046
2025-05-29 15:00:00+01:00,156.86666666666667,469.96420426105976,574.6252873563219
2025-05-29 16:00:00+01:00,83.28333333333333,467.61438323975455,518.5
2025-05-29 17:00:00+01:00,100.0,489.93768294215494,491.57011494252873
2025-05-29 18:00:00+01:00,111.88333333333334,521.6602667297765,271.58045977011494
2025-05-29 19:00:00+01:00,98.03333333333333,569.831597666535,76.04252873563219
2025-05-29 20:00:00+01:00,133.3,618.0029286032938,24.99655172413793
2025-05-29 21:00:00+01:00,95.2,654.4251544335258,4.003448275862069
2025-05-29 22:00:00+01:00,89.93333333333334,630.9269442204728,0.0
2025-05-29 23:00:00+01:00,66.96666666666667,551.0330294960927,0.0
2025-05-30 00:00:00+01:00,57.7,351.29824268514227,0.0
2025-05-30 01:00:00+01:00,66.56666666666666,210.30898140682427,0.0
2025-05-30 02:00:00+01:00,67.86666666666666,123.97294884923579,0.0
2025-05-30 03:00:00+01:00,76.68333333333334,114.43690487284586,0.0
2025-05-30 04:00:00+01:00,69.75,121.1489444448449,0.0
2025-05-30 05:00:00+01:00,66.31666666666666,144.9327862990476,12.895402298850575
2025-05-30 06:00:00+01:00,64.63333333333334,226.68974267286933,55.698850574712644
2025-05-30 07:00:00+01:00,59.25,409.52802692705257,105.27011494252875
2025-05-30 08:00:00+01:00,66.93333333333334,518.7850504447962,235.1712643678161
2025-05-30 09:00:00+01:00,370.55,493.5147184747058,266.61954022988505
2025-05-30 10:00:00+01:00,258.81666666666666,426.6226632597607,264.3310344827586
2025-05-30 11:00:00+01:00,104.13333333333334,387.9739202466814,274.98735632183906
2025-05-30 12:00:00+01:00,99.16666666666667,347.8386871177143,289.6735632183908
2025-05-30 13:00:00+01:00,99.08333333333333,321.0818650317363,278.52183908045976
2025-05-30 14:00:00+01:00,288.01666666666665,309.1899441046349,229.37471264367818
2025-05-30 15:00:00+01:00,350.7,297.2980231775336,142.8816091954023
2025-05-30 16:00:00+01:00,102.55,295.81153306164595,137.4218390804598
2025-05-30 17:00:00+01:00,177.71666666666667,309.93318916257886,139.9183908045977
2025-05-30 18:00:00+01:00,140.7,330.00080572706236,108.53333333333333
2025-05-30 19:00:00+01:00,196.13333333333333,360.4738531027595,66.58620689655173
2025-05-30 20:00:00+01:00,121.95,390.9469004784567,20.319540229885057
2025-05-30 21:00:00+01:00,127.31666666666666,413.9874972747155,4.380459770114943
2025-05-30 22:00:00+01:00,104.38333333333334,399.12259611583886,0.0
2025-05-30 23:00:00+01:00,97.98333333333333,348.58193217565815,0.0
2025-05-31 00:00:00+01:00,89.9,222.23027232520636,0.0
2025-05-31 01:00:00+01:00,93.11666666666666,133.0408653719463,0.0
2025-05-31 02:00:00+01:00,96.0,49.22742445675064,0.0
2025-05-31 03:00:00+01:00,106.03333333333333,43.73906654279422,0.0
2025-05-31 04:00:00+01:00,96.26666666666667,46.83448618681762,0.0
2025-05-31 05:00:00+01:00,95.63333333333334,67.27135288651988,6.2011494252873565
2025-05-31 06:00:00+01:00,95.51666666666667,127.73041687313899,17.774712643678164
2025-05-31 07:00:00+01:00,95.81666666666666,288.67074213329414,56.95057471264367
2025-05-31 08:00:00+01:00,86.53333333333333,364.45745614468996,129.43218390804597
2025-05-31 09:00:00+01:00,552.4,314.6425935641657,199.97241379310344
2025-05-31 10:00:00+01:00,173.68333333333334,256.73813791500936,177.8425287356322
2025-05-31 11:00:00+01:00,98.93333333333334,255.0350656900342,408.1045977011494
2025-05-31 12:00:00+01:00,70.45,210.32941978443557,402.3172413793103
2025-05-31 13:00:00+01:00,69.48333333333333,203.94289894077858,455.9045977011494
2025-05-31 14:00:00+01:00,89.5,188.18948085975813,473.60114942528736
2025-05-31 15:00:00+01:00,164.05,166.04954193508067,602.6241379310345
2025-05-31 16:00:00+01:00,92.96666666666667,157.53418081020476,592.8471264367817
2025-05-31 17:00:00+01:00,104.96666666666667,151.1476599665478,351.57011494252873
2025-05-31 18:00:00+01:00,107.56666666666666,167.75261416005588,207.95632183908046
2025-05-31 19:00:00+01:00,167.96666666666667,179.67411973488223,92.87586206896552
2025-05-31 20:00:00+01:00,81.01666666666667,198.40791420960923,33.716091954022986
2025-05-31 21:00:00+01:00,117.55,221.39938924677423,4.424137931034482
2025-05-31 22:00:00+01:00,107.6,223.52822952799323,0.0
2025-05-31 23:00:00+01:00,97.8,188.61524891600192,0.0
2025-06-01 00:00:00+01:00,98.18333333333334,128.1561849293828,0.0
2025-06-01 01:00:00+01:00,97.0,65.56828066154469,0.0
2025-06-01 02:00:00+01:00,93.2,37.94060506413083,0.0
2025-06-01 03:00:00+01:00,105.13333333333334,37.62742391244867,0.0
2025-06-01 04:00:00+01:00,96.56666666666666,40.50248051292336,0.0
2025-06-01 05:00:00+01:00,95.8,58.17629019128993,11.87126436781609
2025-06-01 06:00:00+01:00,96.65,110.46131048979097,41.1367816091954
2025-06-01 07:00:00+01:00,97.16666666666667,249.6425617069276,123.82528735632185
2025-06-01 08:00:00+01:00,97.93333333333334,315.1829392642036,301.43448275862073
2025-06-01 09:00:00+01:00,556.8333333333334,272.10302817318507,494.1770114942529
2025-06-01 10:00:00+01:00,117.91666666666667,222.0272340844799,678.0218390804598
2025-06-01 11:00:00+01:00,69.95,220.55441661128265,740.9275862068965
2025-06-01 12:00:00+01:00,63.7,181.8929579398558,743.6126436781609
2025-06-01 13:00:00+01:00,68.71666666666667,176.36989241536628,822.948275862069
2025-06-01 14:00:00+01:00,79.2,162.74633078829203,797.516091954023
2025-06-01 15:00:00+01:00,150.51666666666668,143.59970363672826,745.8816091954023
2025-06-01 16:00:00+01:00,112.63333333333334,136.23561627074218,598.6114942528735
2025-06-01 17:00:00+01:00,109.65,130.71255074625265,397.25632183908044
2025-06-01 18:00:00+01:00,109.98333333333333,145.07252110992548,232.3574712643678
2025-06-01 19:00:00+01:00,87.05,155.382243422306,75.79425287356322
2025-06-01 20:00:00+01:00,70.6,171.58323562747532,23.398850574712643
2025-06-01 21:00:00+01:00,104.36666666666666,191.4662715156377,3.6574712643678158
2025-06-01 22:00:00+01:00,67.03333333333333,193.3072933571342,0.0
2025-06-01 23:00:00+01:00,64.31666666666666,163.11453515659133,0.0
2025-06-02 00:00:00+01:00,74.6,110.82951485809028,0.0
2025-06-02 01:00:00+01:00,62.86666666666667,56.7034727180927,0.0
2025-06-02 02:00:00+01:00,66.9,10.792311632004292,0.0
2025-06-02 03:00:00+01:00,76.91666666666667,10.551346165942755,0.0
2025-06-02 04:00:00+01:00,68.6,9.529295934267587,0.0
2025-06-02 05:00:00+01:00,68.51666666666667,18.569910025752225,11.971264367816092
2025-06-02 06:00:00+01:00,69.16666666666667,46.91345690716351,39.82528735632184
2025-06-02 07:00:00+01:00,68.5,149.0479620488007,129.03448275862067
2025-06-02 08:00:00+01:00,60.93333333333333,242.3861940203448,306.5735632183908
2025-06-02 09:00:00+01:00,416.26666666666665,190.5859186853518,460.1770114942529
2025-06-02 10:00:00+01:00,239.75,149.29230297019225,638.528735632184
2025-06-02 11:00:00+01:00,70.38333333333334,140.984711642882,688.1551724137931
2025-06-02 12:00:00+01:00,80.46666666666667,122.65914253852125,782.2850574712644
2025-06-02 13:00:00+01:00,94.5,137.31959782200985,834.5
2025-06-02 14:00:00+01:00,113.35,129.5006883374826,793.9436781609196
2025-06-02 15:00:00+01:00,164.0,100.91280053467985,739.7137931034483
2025-06-02 16:00:00+01:00,107.01666666666667,96.75900487102474,540.0988505747126
2025-06-02 17:00:00+01:00,109.05,86.7410270939742,347.67241379310343
2025-06-02 18:00:00+01:00,116.53333333333333,100.91280053467985,173.23908045977012
2025-06-02 19:00:00+01:00,116.13333333333334,124.12518806687012,65.13678160919541
2025-06-02 20:00:00+01:00,111.58333333333333,120.46007424599794,24.41609195402299
2025-06-02 21:00:00+01:00,83.86666666666666,126.32425635939343,4.142528735632184
2025-06-02 22:00:00+01:00,95.53333333333333,129.25634741609116,0.0
2025-06-02 23:00:00+01:00,69.71666666666667,112.39682384007924,0.0
2025-06-03 00:00:00+01:00,69.36666666666666,61.818253112043585,0.0
2025-06-03 01:00:00+01:00,59.416666666666664,26.38881951027948,0.0
2025-06-03 02:00:00+01:00,70.31666666666666,16.063731525199533,0.0
2025-06-03 03:00:00+01:00,78.68333333333334,34.17802529349492,0.0
2025-06-03 04:00:00+01:00,68.76666666666667,37.044531143493565,0.0
2025-06-03 05:00:00+01:00,68.63333333333334,53.20941746065441,9.563218390804597
2025-06-03 06:00:00+01:00,68.83333333333333,101.03053948225516,39.97011494252874
2025-06-03 07:00:00+01:00,69.31666666666666,228.32901922989672,118.65402298850576
2025-06-03 08:00:00+01:00,62.95,288.2738059893681,267.2505747126437
2025-06-03 09:00:00+01:00,372.26666666666665,248.87189559128856,299.03563218390804
2025-06-03 10:00:00+01:00,214.18333333333334,203.0713843593329,261.19310344827585
2025-06-03 11:00:00+01:00,75.16666666666667,201.72431049956953,513.4149425287357
2025-06-03 12:00:00+01:00,76.25,166.3636216807802,547.9448275862069
2025-06-03 13:00:00+01:00,75.01666666666667,161.31209470666744,77.68275862068965
2025-06-03 14:00:00+01:00,110.38333333333334,148.85166150385598,191.7597701149425
2025-06-03 15:00:00+01:00,160.56666666666666,131.33970132693173,395.1908045977012
2025-06-03 16:00:00+01:00,116.06666666666666,124.60433202811471,268.6103448275862
2025-06-03 17:00:00+01:00,105.4,119.55280505400194,58.05402298850574
2025-06-03 18:00:00+01:00,117.48333333333333,132.68677518669514,26.579310344827586
2025-06-03 19:00:00+01:00,104.66666666666667,142.11629220503897,24.47816091954023
2025-06-03 20:00:00+01:00,96.08333333333333,156.9341046624364,22.25747126436782
2025-06-03 21:00:00+01:00,99.81666666666666,175.1196017692423,4.818390804597701
2025-06-03 22:00:00+01:00,90.45,176.80344409394655,0.0
2025-06-03 23:00:00+01:00,68.76666666666667,149.18842996879684,0.0
2025-06-04 00:00:00+01:00,70.66666666666667,101.36730794719604,0.0
2025-06-04 01:00:00+01:00,68.88333333333334,51.862343600891,0.0
2025-06-04 02:00:00+01:00,64.88333333333334,12.650700666942878,0.0
2025-06-04 03:00:00+01:00,72.38333333333334,13.295093988704012,0.0
2025-06-04 04:00:00+01:00,69.16666666666667,12.04489740484094,0.0
2025-06-04 05:00:00+01:00,68.65,23.472107763279784,3.528735632183908
2025-06-04 06:00:00+01:00,67.85,59.297956454601554,34.03448275862069
2025-06-04 07:00:00+01:00,69.45,188.3945491526404,68.06206896551724
2025-06-04 08:00:00+01:00,69.01666666666667,306.37277501544133,105.78390804597701
2025-06-04 09:00:00+01:00,405.0833333333333,240.89794809681885,119.32413793103449
2025-06-04 10:00:00+01:00,250.76666666666668,188.7033926758414,126.08505747126438
2025-06-04 11:00:00+01:00,66.05,178.2027128870057,185.59425287356322
2025-06-04 12:00:00+01:00,66.36666666666666,155.039448646927,475.5597701149425
2025-06-04 13:00:00+01:00,71.88333333333334,173.57006003898996,705.2275862068965
2025-06-04 14:00:00+01:00,105.48333333333333,163.6870672965564,775.451724137931
2025-06-04 15:00:00+01:00,145.0,127.55237508203358,672.1551724137931
2025-06-04 16:00:00+01:00,111.43333333333334,122.30203518761573,518.3011494252873
2025-06-04 17:00:00+01:00,110.11666666666666,109.63945073637265,368.80689655172415
2025-06-04 18:00:00+01:00,113.86666666666666,127.55237508203358,189.53793103448277
2025-06-04 19:00:00+01:00,106.93333333333334,156.89250978613327,90.01724137931033
2025-06-04 20:00:00+01:00,78.8,152.25985693811754,29.495402298850575
2025-06-04 21:00:00+01:00,92.75,159.67210149494275,4.683908045977011
2025-06-04 22:00:00+01:00,77.11666666666666,163.37822377335533,0.0
2025-06-04 23:00:00+01:00,70.55,142.0680206724829,0.0
2025-06-05 00:00:00+01:00,71.38333333333334,78.1374113698656,0.0
2025-06-05 01:00:00+01:00,71.66666666666667,33.355100505713374,0.0
2025-06-05 02:00:00+01:00,72.98333333333333,9.631338437741361,0.0
2025-06-05 03:00:00+01:00,77.75,9.635816990814495,0.0
2025-06-05 04:00:00+01:00,69.96666666666667,8.711886023798915,0.0
2025-06-05 05:00:00+01:00,65.16666666666667,16.977008661761992,5.460919540229885
2025-06-05 06:00:00+01:00,70.4,42.889285040240814,44.55977011494253
2025-06-05 07:00:00+01:00,69.75,136.2628326799318,90.94942528735632
2025-06-05 08:00:00+01:00,72.33333333333333,221.5946393745775,235.12758620689655
2025-06-05 09:00:00+01:00,440.15,174.23772047597834,463.57586206896553
2025-06-05 10:00:00+01:00,192.76666666666668,136.48621437284967,576.9655172413793
2025-06-05 11:00:00+01:00,70.51666666666667,128.89123681364038,412.0
2025-06-05 12:00:00+01:00,75.15,112.13760984479629,174.52988505747126
2025-06-05 13:00:00+01:00,70.71666666666667,125.54051141987155,625.3643678160919
2025-06-05 14:00:00+01:00,102.26666666666667,118.39229724649807,514.6103448275861
2025-06-05 15:00:00+01:00,167.11666666666667,92.25663917510134,325.28850574712646
2025-06-05 16:00:00+01:00,90.56666666666666,88.45915039549669,176.49885057471266
2025-06-05 17:00:00+01:00,92.71666666666667,79.30050098586192,150.05517241379312
2025-06-05 18:00:00+01:00,112.35,92.25663917510134,157.9390804597701
2025-06-05 19:00:00+01:00,108.26666666666667,113.47790000230381,81.7
2025-06-05 20:00:00+01:00,71.25,110.12717460853501,33.836781609195405
2025-06-05 21:00:00+01:00,99.96666666666667,115.48833523856511,4.325287356321839
2025-06-05 22:00:00+01:00,89.01666666666667,118.16891555358016,0.0
2025-06-05 23:00:00+01:00,69.31666666666666,102.75557874224361,0.0
2025-06-06 00:00:00+01:00,69.86666666666666,56.515568308233995,0.0
2025-06-06 01:00:00+01:00,69.83333333333333,24.125222835135464,0.0
2025-06-06 02:00:00+01:00,71.25,40.88229849622173,0.0
2025-06-06 03:00:00+01:00,75.5,56.154194367549536,0.0
2025-06-06 04:00:00+01:00,63.63333333333333,61.50341883239193,0.0
2025-06-06 05:00:00+01:00,69.16666666666667,88.34127432289024,10.14367816091954
2025-06-06 06:00:00+01:00,69.63333333333334,167.73659681561438,37.38390804597701
2025-06-06 07:00:00+01:00,68.68333333333334,379.08470880328855,93.33793103448276
2025-06-06 08:00:00+01:00,69.05,478.6084229138863,112.24252873563219
2025-06-06 09:00:00+01:00,434.06666666666666,413.19115015579666,48.29310344827586
2025-06-06 10:00:00+01:00,209.23333333333332,337.1505595993849,44.99770114942529
2025-06-06 11:00:00+01:00,71.61666666666666,334.91407164184335,88.8632183908046
2025-06-06 12:00:00+01:00,73.83333333333333,276.20626275637835,65.69425287356322
2025-06-06 13:00:00+01:00,88.66666666666667,267.81943291559764,249.42298850574713
2025-06-06 14:00:00+01:00,157.08333333333334,247.13191930833852,293.2402298850575
2025-06-06 15:00:00+01:00,128.03333333333333,218.0575758602987,286.3724137931034
2025-06-06 16:00:00+01:00,138.81666666666666,206.87513607259106,239.96206896551723
2025-06-06 17:00:00+01:00,110.83333333333333,198.48830623181033,102.37241379310345
2025-06-06 18:00:00+01:00,183.93333333333334,220.29406381784017,91.88390804597701
2025-06-06 19:00:00+01:00,96.53333333333333,235.9494795206309,47.760919540229885
2025-06-06 20:00:00+01:00,98.2,260.5508470535877,30.817241379310346
2025-06-06 21:00:00+01:00,90.35,290.7434344803982,3.880459770114942
2025-06-06 22:00:00+01:00,65.38333333333334,293.53904442732517,0.0
2025-06-06 23:00:00+01:00,59.46666666666667,247.6910412977239,0.0
2025-06-07 00:00:00+01:00,67.41666666666667,168.29571880499972,0.0
2025-06-07 01:00:00+01:00,68.95,86.10478636534872,0.0
2025-06-07 02:00:00+01:00,71.18333333333334,54.43589182499589,0.0
2025-06-07 03:00:00+01:00,76.46666666666667,55.739477268974845,0.0
2025-06-07 04:00:00+01:00,67.71666666666667,60.092625008885726,0.0
2025-06-07 05:00:00+01:00,67.66666666666667,86.31486137639952,11.816091954022989
2025-06-07 06:00:00+01:00,65.76666666666667,163.88897729696112,55.849425287356325
2025-06-07 07:00:00+01:00,61.31666666666667,370.3890886911321,129.64022988505747
2025-06-07 08:00:00+01:00,68.48333333333333,467.629881887329,313.1344827586207
2025-06-07 09:00:00+01:00,539.95,403.7131807415141,445.0080459770115
2025-06-07 10:00:00+01:00,69.2,329.4168443668918,352.216091954023
2025-06-07 11:00:00+01:00,83.43333333333334,327.2316580029323,620.1494252873563
2025-06-07 12:00:00+01:00,69.91666666666667,269.8705159489959,807.8275862068966
2025-06-07 13:00:00+01:00,68.28333333333333,261.67606708414786,842.1229885057471
2025-06-07 14:00:00+01:00,147.58333333333334,241.46309321752273,683.7206896551725
2025-06-07 15:00:00+01:00,105.0,213.05567048604942,729.3287356321839
2025-06-07 16:00:00+01:00,451.3333333333333,202.12973866625205,622.0379310344828
2025-06-07 17:00:00+01:00,924.7166666666667,193.93528980140394,423.5
2025-06-07 18:00:00+01:00,113.65,215.2408568500089,233.71149425287356
2025-06-07 19:00:00+01:00,102.56666666666666,230.53716139772527,83.86436781609196
2025-06-07 20:00:00+01:00,89.03333333333333,254.57421140127963,23.118390804597702
2025-06-07 21:00:00+01:00,102.11666666666666,284.0742273147325,0.5310344827586208
2025-06-07 22:00:00+01:00,84.98333333333333,286.80571026968187,0.0
2025-06-07 23:00:00+01:00,70.35,242.00938980851257,0.0
2025-06-08 00:00:00+01:00,62.083333333333336,164.43527388795096,0.0
2025-06-08 01:00:00+01:00,68.3,84.12967501244003,0.0
2025-06-08 02:00:00+01:00,70.55,61.210619681379505,0.0
2025-06-08 03:00:00+01:00,80.13333333333334,66.01282252777418,0.0
2025-06-08 04:00:00+01:00,70.21666666666667,71.35394025471562,0.0
2025-06-08 05:00:00+01:00,73.0,102.490205093137,10.5
2025-06-08 06:00:00+01:00,68.7,194.60165524013357,38.240229885057474
2025-06-08 07:00:00+01:00,67.06666666666666,439.79974084270185,101.65402298850576
2025-06-08 08:00:00+01:00,61.45,555.2633896185145,292.82528735632184
2025-06-08 09:00:00+01:00,492.05,479.3687440748624,486.08045977011494
2025-06-08 10:00:00+01:00,104.43333333333334,391.14932703266845,583.380459770115
2025-06-08 11:00:00+01:00,67.6,388.5546382961334,326.74942528735636
2025-06-08 12:00:00+01:00,68.56666666666666,320.4440589620866,469.70804597701147
2025-06-08 13:00:00+01:00,98.78333333333333,310.7139762000799,314.67011494252876
2025-06-08 14:00:00+01:00,146.28333333333333,286.71310538713016,625.4413793103448
2025-06-08 15:00:00+01:00,108.6,252.98215181217364,482.7459770114943
2025-06-08 16:00:00+01:00,112.7,240.00870812949807,466.4126436781609
2025-06-08 17:00:00+01:00,104.18333333333334,230.27862536749137,303.3816091954023
2025-06-08 18:00:00+01:00,112.75,255.57684054870873,195.68505747126437
2025-06-08 19:00:00+01:00,86.05,273.7396617044546,64.8551724137931
2025-06-08 20:00:00+01:00,101.58333333333333,302.2812378063408,31.608045977011496
2025-06-08 21:00:00+01:00,98.71666666666667,337.3095357495649,4.916091954022988
2025-06-08 22:00:00+01:00,73.88333333333334,340.5528966702337,0.0
2025-06-08 23:00:00+01:00,67.71666666666667,287.36177757126393,0.0
2025-06-09 00:00:00+01:00,68.76666666666667,195.25032742426734,0.0
2025-06-09 01:00:00+01:00,66.26666666666667,99.89551635660187,0.0
2025-06-09 02:00:00+01:00,61.13333333333333,53.41787504569441,0.0
2025-06-09 03:00:00+01:00,73.93333333333334,51.405451354591825,0.0
2025-06-09 04:00:00+01:00,70.63333333333334,55.250829621990434,0.0
2025-06-09 05:00:00+01:00,67.25,79.36028254794991,10.927586206896553
2025-06-09 06:00:00+01:00,67.2,150.68408078724661,40.89770114942529
2025-06-09 07:00:00+01:00,70.23333333333333,340.5460225791774,115.98620689655172
2025-06-09 08:00:00+01:00,71.88333333333334,429.9519105129438,305.90459770114944
2025-06-09 09:00:00+01:00,138.63333333333333,371.18511900591756,494.8413793103448
2025-06-09 10:00:00+01:00,268.06666666666666,302.8750023823658,670.2218390804597
2025-06-09 11:00:00+01:00,70.48333333333333,300.8658813052025,792.9471264367817
2025-06-09 12:00:00+01:00,72.15,248.12645302966615,844.0091954022988
2025-06-09 13:00:00+01:00,105.88333333333334,240.59224899030383,731.8666666666667
2025-06-09 14:00:00+01:00,102.8,222.00787902654343,755.5505747126438
2025-06-09 15:00:00+01:00,217.58333333333334,195.88930502342066,676.1540229885057
2025-06-09 16:00:00+01:00,108.43333333333334,185.8436996376042,529.4701149425288
2025-06-09 17:00:00+01:00,153.55,178.30949559824185,481.86436781609194
2025-06-09 18:00:00+01:00,108.88333333333334,197.89842610058392,207.66666666666666
2025-06-09 19:00:00+01:00,99.18333333333334,211.96227364072695,119.7448275862069
2025-06-09 20:00:00+01:00,72.2,234.06260548952315,32.64712643678161
2025-06-09 21:00:00+01:00,97.31666666666666,261.1857400312275,3.5022988505747126
2025-06-09 22:00:00+01:00,84.16666666666667,263.69714137768165,0.0
2025-06-09 23:00:00+01:00,67.81666666666666,222.5101592958342,0.0
2025-06-10 00:00:00+01:00,69.61666666666666,151.18636105653746,0.0
2025-06-10 01:00:00+01:00,68.65,77.35116147078662,0.0
2025-06-10 02:00:00+01:00,69.6,36.16766524691109,0.0
2025-06-10 03:00:00+01:00,77.05,33.37292386188483,0.0
2025-06-10 04:00:00+01:00,70.4,35.80313496350085,0.0
2025-06-10 05:00:00+01:00,62.2,51.42632112939213,5.37816091954023
2025-06-10 06:00:00+01:00,65.53333333333333,97.6449135368205,66.6
2025-06-10 07:00:00+01:00,69.16666666666667,220.67750459321425,97.06896551724138
2025-06-10 08:00:00+01:00,68.3,278.6134866250611,220.37816091954022
2025-06-10 09:00:00+01:00,122.31666666666666,240.53197034570113,452.951724137931
2025-06-10 10:00:00+01:00,111.96666666666667,196.26627620900916,426.4793103448276
2025-06-10 11:00:00+01:00,124.93333333333334,194.96434402851824,51.695402298850574
2025-06-10 12:00:00+01:00,87.18333333333334,160.78862429063108,178.12873563218392
2025-06-10 13:00:00+01:00,78.55,155.90637861379003,219.9977011494253
2025-06-10 14:00:00+01:00,148.9,143.86350594424886,224.0390804597701
2025-06-10 15:00:00+01:00,109.86666666666666,126.93838759786664,147.16896551724136
2025-06-10 16:00:00+01:00,106.4,120.42872669541194,249.9022988505747
2025-06-10 17:00:00+01:00,103.26666666666667,115.5464810185709,246.48275862068965
2025-06-10 18:00:00+01:00,104.7,128.24031977835756,172.03448275862067
2025-06-10 19:00:00+01:00,96.86666666666666,137.35384504179416,42.00344827586207
2025-06-10 20:00:00+01:00,91.13333333333334,151.67509902719448,34.782758620689656
2025-06-10 21:00:00+01:00,102.08333333333333,169.25118346382217,6.386206896551724
2025-06-10 22:00:00+01:00,75.8,170.87859868943585,0.0
2025-06-10 23:00:00+01:00,69.35,144.18898898937158,0.0
2025-06-11 00:00:00+01:00,69.13333333333334,97.97039658194322,0.0
2025-06-11 01:00:00+01:00,66.68333333333334,50.12438894890118,0.0
2025-06-11 02:00:00+01:00,61.333333333333336,41.79285347770399,0.0
2025-06-11 03:00:00+01:00,78.15,47.660103517349725,0.0
2025-06-11 04:00:00+01:00,68.81666666666666,51.667431370272226,0.0
2025-06-11 05:00:00+01:00,66.35,74.21321960457284,1.9517241379310344
2025-06-11 06:00:00+01:00,67.81666666666666,140.91117646437883,10.419540229885058
2025-06-11 07:00:00+01:00,68.55,318.459258809496,29.573563218390806
2025-06-11 08:00:00+01:00,65.81666666666666,402.0665568450275,113.76896551724138
2025-06-11 09:00:00+01:00,382.8,347.1111980239197,114.74367816091953
2025-06-11 10:00:00+01:00,253.85,283.2314646934014,142.64367816091954
2025-06-11 11:00:00+01:00,72.18333333333334,281.35264900720966,347.64827586206894
2025-06-11 12:00:00+01:00,65.11666666666666,232.03373724467707,681.1103448275862
2025-06-11 13:00:00+01:00,65.28333333333333,224.98817842145814,582.6310344827585
2025-06-11 14:00:00+01:00,126.1,207.6091333241848,605.3126436781608
2025-06-11 15:00:00+01:00,112.01666666666667,183.18452940369247,324.78735632183907
2025-06-11 16:00:00+01:00,84.38333333333334,173.79045097273385,274.9942528735632
2025-06-11 17:00:00+01:00,109.78333333333333,166.7448921495149,149.01494252873562
2025-06-11 18:00:00+01:00,111.2,185.06334508988414,139.00344827586207
2025-06-11 19:00:00+01:00,92.25,198.21505489322618,61.9551724137931
2025-06-11 20:00:00+01:00,85.93333333333334,218.88202744133508,27.217241379310344
2025-06-11 21:00:00+01:00,101.9,244.24603920492325,2.875862068965517
2025-06-11 22:00:00+01:00,83.58333333333333,246.5945588126629,0.0
2025-06-11 23:00:00+01:00,65.01666666666667,208.07883724573267,0.0
2025-06-12 00:00:00+01:00,63.11666666666667,141.38088038592676,0.0
2025-06-12 01:00:00+01:00,69.51666666666667,72.33440391838113,0.0
2025-06-12 02:00:00+01:00,70.3,51.17412498325013,0.0
2025-06-12 03:00:00+01:00,77.23333333333333,54.636586972649255,0.0
2025-06-12 04:00:00+01:00,71.31666666666666,59.02755093510633,0.0
2025-06-12 05:00:00+01:00,69.2,84.7850277067891,3.9563218390804598
2025-06-12 06:00:00+01:00,70.1,160.9842298230173,56.635632183908044
2025-06-12 07:00:00+01:00,68.96666666666667,363.82435940001903,140.0632183908046
2025-06-12 08:00:00+01:00,65.0,459.3416690950093,154.6735632183908
2025-06-12 09:00:00+01:00,133.45,396.55781946403243,194.15977011494252
2025-06-12 10:00:00+01:00,108.98333333333333,323.57830194426475,128.21724137931034
2025-06-12 11:00:00+01:00,105.7,321.4318455466245,94.14367816091954
2025-06-12 12:00:00+01:00,96.26666666666667,265.08736510856846,81.72873563218391
2025-06-12 13:00:00+01:00,99.25,257.03815361741755,174.75172413793103
2025-06-12 14:00:00+01:00,101.16666666666667,237.18343193924542,57.38850574712644
2025-06-12 15:00:00+01:00,195.38333333333333,209.27949876992244,46.46206896551724
2025-06-12 16:00:00+01:00,144.78333333333333,198.5472167817213,62.695402298850574
2025-06-12 17:00:00+01:00,144.06666666666666,190.4980052905704,136.48505747126438
2025-06-12 18:00:00+01:00,141.66666666666666,211.42595516756268,208.08850574712645
2025-06-12 19:00:00+01:00,107.26666666666667,226.45114995104433,72.40344827586206
2025-06-12 20:00:00+01:00,66.68333333333334,250.0621703250868,28.73793103448276
2025-06-12 21:00:00+01:00,127.1,279.03933169322994,6.479310344827586
2025-06-12 22:00:00+01:00,108.28333333333333,281.7224021902802,0.0
2025-06-12 23:00:00+01:00,97.21666666666667,237.7200460386555,0.0
2025-06-13 00:00:00+01:00,97.63333333333334,161.52084392242733,0.0
2025-06-13 01:00:00+01:00,94.16666666666667,82.63857130914889,0.0
2025-06-13 02:00:00+01:00,98.01666666666667,46.02976048603622,0.0
2025-06-13 03:00:00+01:00,93.08333333333333,44.99634648584915,0.0
2025-06-13 04:00:00+01:00,87.23333333333333,48.39989231220475,0.0
2025-06-13 05:00:00+01:00,99.3,69.51984532116681,12.289655172413793
2025-06-13 06:00:00+01:00,91.36666666666666,131.99970630601297,53.46666666666667
2025-06-13 07:00:00+01:00,92.38333333333334,298.3193362515893,108.96666666666667
2025-06-13 08:00:00+01:00,96.26666666666667,376.63916199315696,251.9206896551724
2025-06-13 09:00:00+01:00,161.51666666666668,325.15927653381186,519.6402298850575
2025-06-13 10:00:00+01:00,118.05,265.31940967508604,668.4425287356321
2025-06-13 11:00:00+01:00,74.73333333333333,263.55941359100586,778.8724137931035
2025-06-13 12:00:00+01:00,70.16666666666667,217.3595163839013,710.8218390804598
2025-06-13 13:00:00+01:00,69.7,210.7595310686007,817.3149425287356
2025-06-13 14:00:00+01:00,94.66666666666667,194.47956729085914,830.1712643678161
2025-06-13 15:00:00+01:00,165.31666666666666,171.59961819781682,436.4712643678161
2025-06-13 16:00:00+01:00,110.5,162.79963777741597,311.8724137931034
2025-06-13 17:00:00+01:00,110.68333333333334,156.19965246211535,365.3655172413793
2025-06-13 18:00:00+01:00,112.33333333333333,173.359614281897,199.83793103448275
2025-06-13 19:00:00+01:00,89.28333333333333,185.67958687045822,48.60114942528735
2025-06-13 20:00:00+01:00,70.38333333333334,205.03954379534014,27.410344827586204
2025-06-13 21:00:00+01:00,99.8,228.79949093042245,6.285057471264368
2025-06-13 22:00:00+01:00,83.3,230.99948603552266,0.0
2025-06-13 23:00:00+01:00,69.26666666666667,194.91956631187915,0.0
2025-06-14 00:00:00+01:00,65.96666666666667,132.43970532703298,0.0
2025-06-14 01:00:00+01:00,69.48333333333333,67.75984923708666,0.0
2025-06-14 02:00:00+01:00,69.75,29.914185726125826,0.0
2025-06-14 03:00:00+01:00,69.6,13.372239103399867,0.0
2025-06-14 04:00:00+01:00,66.71666666666667,12.07730224012641,0.0
2025-06-14 05:00:00+01:00,70.7,23.535255647425824,12.203448275862069
2025-06-14 06:00:00+01:00,71.58333333333333,59.45748795139155,45.88045977011494
2025-06-14 07:00:00+01:00,67.53333333333333,188.9013940122336,115.72068965517242
2025-06-14 08:00:00+01:00,70.46666666666667,307.19702108218974,323.8
2025-06-14 09:00:00+01:00,81.63333333333334,241.54604480252817,346.9126436781609
2025-06-14 10:00:00+01:00,157.96666666666667,189.2110684286471,373.3264367816092
2025-06-14 11:00:00+01:00,72.73333333333333,178.68213827058818,728.2574712643678
2025-06-14 12:00:00+01:00,66.68333333333334,155.45655703957584,810.5643678160919
2025-06-14 13:00:00+01:00,66.75,174.0370220243857,740.2988505747127
2025-06-14 14:00:00+01:00,104.5,164.12744069915377,688.8551724137931
2025-06-14 15:00:00+01:00,172.85,127.89553397877457,666.5091954022988
2025-06-14 16:00:00+01:00,112.38333333333334,122.63106889974509,442.98850574712645
2025-06-14 17:00:00+01:00,113.86666666666666,109.93441782679169,298.3781609195402
2025-06-14 18:00:00+01:00,119.21666666666667,127.89553397877457,170.8505747126437
2025-06-14 19:00:00+01:00,88.46666666666667,157.31460353805684,124.73103448275862
2025-06-14 20:00:00+01:00,69.36666666666666,152.66948729185435,56.656321839080455
2025-06-14 21:00:00+01:00,96.28333333333333,160.1016732857783,6.618390804597701
2025-06-14 22:00:00+01:00,78.66666666666667,163.8177662827403,0.0
2025-06-14 23:00:00+01:00,63.666666666666664,142.45023155020897,0.0
2025-06-15 00:00:00+01:00,68.53333333333333,78.34762735261491,0.0
2025-06-15 01:00:00+01:00,71.15,33.44483697265776,0.0
2025-06-15 02:00:00+01:00,70.8,32.904545199260625,0.0
2025-06-15 03:00:00+01:00,80.3,34.82827035660396,0.0
2025-06-15 04:00:00+01:00,70.76666666666667,37.6113110253623,0.0
2025-06-15 05:00:00+01:00,70.0,54.023519472793126,2.2091954022988505
2025-06-15 06:00:00+01:00,71.11666666666666,102.57630279644262,27.4816091954023
2025-06-15 07:00:00+01:00,68.61666666666666,231.8224443199603,76.04367816091954
2025-06-15 08:00:00+01:00,62.9,292.68438397918294,175.02528735632183
2025-06-15 09:00:00+01:00,124.46666666666667,252.67962588857029,437.4896551724138
2025-06-15 10:00:00+01:00,103.2,206.17836862084965,557.4298850574712
2025-06-15 11:00:00+01:00,70.3,204.81068458356378,220.983908045977
2025-06-15 12:00:00+01:00,80.56666666666666,168.90897860480888,251.83103448275864
2025-06-15 13:00:00+01:00,112.55,163.7801634649867,638.3344827586207
2025-06-15 14:00:00+01:00,255.35,151.12908612009213,645.9160919540229
2025-06-15 15:00:00+01:00,75.98333333333333,133.34919363537543,395.98275862068965
2025-06-15 16:00:00+01:00,73.73333333333333,126.5107734489459,468.62413793103445
2025-06-15 17:00:00+01:00,541.15,121.38195830912376,413.92528735632186
2025-06-15 18:00:00+01:00,838.55,134.7168776726613,268.14137931034486
2025-06-15 19:00:00+01:00,104.81666666666666,144.29066593366264,107.7632183908046
2025-06-15 20:00:00+01:00,69.63333333333334,159.33519034380754,39.09655172413793
2025-06-15 21:00:00+01:00,91.35,177.79892484716723,7.467816091954023
2025-06-15 22:00:00+01:00,94.65,179.5085298937746,0.0
2025-06-15 23:00:00+01:00,70.76666666666667,151.4710071294136,0.0
2025-06-16 00:00:00+01:00,70.81666666666666,102.9182238057641,0.0
2025-06-16 01:00:00+01:00,70.13333333333334,52.65583543550722,0.0
2025-06-16 02:00:00+01:00,70.5,46.227759796164605,0.0
2025-06-16 03:00:00+01:00,79.08333333333333,53.72332859597323,0.0
2025-06-16 04:00:00+01:00,70.7,58.29640241966273,0.0
2025-06-16 05:00:00+01:00,70.3,83.73483256642467,12.752873563218392
2025-06-16 06:00:00+01:00,65.95,158.99018841726198,47.81609195402299
2025-06-16 07:00:00+01:00,66.55,359.31782582301213,117.91724137931034
2025-06-16 08:00:00+01:00,70.63333333333334,453.6520042839209,297.4183908045977
2025-06-16 09:00:00+01:00,406.56666666666666,391.6458308011887,350.8344827586207
2025-06-16 10:00:00+01:00,245.46666666666667,319.57027871869667,134.80459770114942
2025-06-16 11:00:00+01:00,73.75,317.45040953979975,118.14367816091954
2025-06-16 12:00:00+01:00,671.8,261.8038435937581,193.52758620689656
2025-06-16 13:00:00+01:00,115.61666666666666,253.854334172895,72.6712643678161
2025-06-16 14:00:00+01:00,169.31666666666666,234.24554426809934,112.21609195402299
2025-06-16 15:00:00+01:00,112.05,206.68724494244063,224.49540229885056
2025-06-16 16:00:00+01:00,105.8,196.08789904795645,332.12413793103445
2025-06-16 17:00:00+01:00,105.33333333333333,188.13838962709335,397.88505747126436
2025-06-16 18:00:00+01:00,113.88333333333334,208.80711412133743,200.64597701149427
2025-06-16 19:00:00+01:00,99.9,223.64619837361525,91.85632183908046
2025-06-16 20:00:00+01:00,81.71666666666667,246.96475934148035,36.94827586206897
2025-06-16 21:00:00+01:00,100.41666666666667,275.58299325658743,7.827586206896552
2025-06-16 22:00:00+01:00,76.33333333333333,278.2328297302085,0.0
2025-06-16 23:00:00+01:00,70.13333333333334,234.7755115628236,0.0
2025-06-17 00:00:00+01:00,71.18333333333334,159.5201557119862,0.0
2025-06-17 01:00:00+01:00,64.1,81.61496338752782,0.0
2025-06-17 02:00:00+01:00,69.53333333333333,40.36383394833579,0.0
2025-06-17 03:00:00+01:00,77.68333333333334,37.86609216553617,0.0
2025-06-17 04:00:00+01:00,69.3,40.651692882231934,0.0
2025-06-17 05:00:00+01:00,69.45,58.39061341266043,11.72528735632184
2025-06-17 06:00:00+01:00,69.35,110.86825331517802,56.34942528735632
2025-06-17 07:00:00+01:00,71.93333333333334,250.5622524923023,116.57471264367815
2025-06-17 08:00:00+01:00,68.71666666666667,316.34408279264125,302.3609195402299
2025-06-17 09:00:00+01:00,443.6666666666667,273.10546399972185,496.56781609195406
2025-06-17 10:00:00+01:00,389.31666666666666,222.84518916350785,651.628735632184
2025-06-17 11:00:00+01:00,71.13333333333334,221.3669457859721,775.2068965517242
2025-06-17 12:00:00+01:00,109.61666666666666,182.5630571256598,771.5747126436781
2025-06-17 13:00:00+01:00,70.53333333333333,177.0196444599009,789.6471264367816
2025-06-17 14:00:00+01:00,102.11666666666666,163.34589321769565,693.677011494253
2025-06-17 15:00:00+01:00,150.2,144.12872930973143,610.1735632183908
2025-06-17 16:00:00+01:00,113.53333333333333,136.7375124220529,634.4471264367817
2025-06-17 17:00:00+01:00,416.0833333333333,131.19409975629398,457.51149425287355
2025-06-17 18:00:00+01:00,283.28333333333336,145.6069726872671,262.82528735632184
2025-06-17 19:00:00+01:00,114.55,155.95467633001712,74.18045977011495
2025-06-17 20:00:00+01:00,67.1,172.21535348290988,30.098850574712642
2025-06-17 21:00:00+01:00,95.0,192.17163907964192,7.645977011494253
2025-06-17 22:00:00+01:00,89.25,194.01944330156155,0.0
2025-06-17 23:00:00+01:00,70.48333333333333,163.71545406207954,0.0
2025-06-18 00:00:00+01:00,69.95,111.23781415956195,0.0
2025-06-18 01:00:00+01:00,72.71666666666667,56.912370035124724,0.0
2025-06-18 02:00:00+01:00,71.63333333333334,11.395328335097476,0.0
2025-06-18 03:00:00+01:00,78.33333333333333,11.264227144604565,0.0
2025-06-18 04:00:00+01:00,70.61666666666666,10.17692006808374,0.0
2025-06-18 05:00:00+01:00,66.95,19.83194679934267,12.87471264367816
2025-06-18 06:00:00+01:00,63.6,50.10176033518148,52.64137931034483
2025-06-18 07:00:00+01:00,69.65,159.1774677315662,124.00114942528735
2025-06-18 08:00:00+01:00,70.11666666666666,258.8590950651044,273.9
2025-06-18 09:00:00+01:00,369.1,203.5384013616748,435.74252873563216
2025-06-18 10:00:00+01:00,251.01666666666668,159.4384143999786,538.6471264367816
2025-06-18 11:00:00+01:00,70.33333333333333,150.5662276739569,732.7057471264368
2025-06-18 12:00:00+01:00,513.7833333333333,130.9952275430266,774.4505747126437
2025-06-18 13:00:00+01:00,367.06666666666666,146.65202764777084,625.3022988505746
2025-06-18 14:00:00+01:00,106.51666666666667,138.3017342585739,664.3655172413794
2025-06-18 15:00:00+01:00,161.3,107.77097405432269,572.5379310344828
2025-06-18 16:00:00+01:00,653.95,103.33488069131184,257.9747126436782
2025-06-18 17:00:00+01:00,147.38333333333333,92.63606728640326,345.81954022988504
2025-06-18 18:00:00+01:00,118.65,107.77097405432269,166.73908045977012
2025-06-18 19:00:00+01:00,105.75,132.56090755350104,115.56551724137931
2025-06-18 20:00:00+01:00,82.68333333333334,128.64670752731496,35.95287356321839
2025-06-18 21:00:00+01:00,105.98333333333333,134.90942756921265,4.166666666666667
2025-06-18 22:00:00+01:00,99.53333333333333,138.04078759016153,0.0
2025-06-18 23:00:00+01:00,65.95,120.03546746970565,0.0
2025-06-19 00:00:00+01:00,66.95,66.01950710833812,0.0
2025-06-19 01:00:00+01:00,67.5,28.18224018853959,0.0
2025-06-19 02:00:00+01:00,71.1,10.554576878915759,0.0
2025-06-19 03:00:00+01:00,79.03333333333333,11.393467494276962,0.0
2025-06-19 04:00:00+01:00,72.43333333333334,10.335769092147506,0.0
2025-06-19 05:00:00+01:00,71.13333333333334,20.141498743672063,9.904597701149424
2025-06-19 06:00:00+01:00,71.8,50.8837862998031,63.24712643678161
2025-06-19 07:00:00+01:00,69.28333333333333,161.66202938999945,131.95632183908046
2025-06-19 08:00:00+01:00,69.48333333333333,262.8995625489827,300.24712643678157
2025-06-19 09:00:00+01:00,245.36666666666667,206.7153818429501,466.6862068965517
2025-06-19 10:00:00+01:00,381.8333333333333,161.92704911031095,620.0459770114942
2025-06-19 11:00:00+01:00,425.21666666666664,152.9163786197208,732.1862068965517
2025-06-19 12:00:00+01:00,418.6166666666667,133.03989959636021,799.2114942528735
2025-06-19 13:00:00+01:00,73.01666666666667,148.94108281504867,801.9436781609196
2025-06-19 14:00:00+01:00,145.91666666666666,140.4604517650815,459.9942528735632
2025-06-19 15:00:00+01:00,117.1,109.453144488639,9.8
2025-06-19 16:00:00+01:00,114.95,104.94780924334391,51.4919540229885
2025-06-19 17:00:00+01:00,111.5,94.08200071057344,355.8712643678161
2025-06-19 18:00:00+01:00,111.4,109.453144488639,306.17816091954023
2025-06-19 19:00:00+01:00,93.2,134.63001791822904,146.7206896551724
2025-06-19 20:00:00+01:00,71.33333333333333,130.65472211355691,67.1816091954023
2025-06-19 21:00:00+01:00,97.5,137.0151954010323,10.191954022988506
2025-06-19 22:00:00+01:00,72.95,140.19543204477,0.0
2025-06-19 23:00:00+01:00,71.06666666666666,121.90907134327823,0.0
2025-06-20 00:00:00+01:00,70.56666666666666,67.04998923880305,0.0
2025-06-20 01:00:00+01:00,73.03333333333333,28.622129793639246,0.0
2025-06-20 02:00:00+01:00,71.65,24.747005975328356,0.0
2025-06-20 03:00:00+01:00,86.56666666666666,35.676095287952876,0.0
2025-06-20 04:00:00+01:00,72.55,38.6368670406054,0.0
2025-06-20 05:00:00+01:00,70.96666666666667,55.496590840142325,10.054022988505746
2025-06-20 06:00:00+01:00,69.86666666666666,105.37327374710564,73.16551724137932
2025-06-20 07:00:00+01:00,67.88333333333334,238.14359866845876,115.13908045977011
2025-06-20 08:00:00+01:00,63.13333333333333,300.66507442507486,116.28505747126437
2025-06-20 09:00:00+01:00,394.95,259.5694976637036,153.54252873563217
2025-06-20 10:00:00+01:00,215.05,211.80028023168236,446.4528735632184
2025-06-20 11:00:00+01:00,75.38333333333334,210.39530324838765,459.0977011494253
2025-06-20 12:00:00+01:00,76.11666666666666,173.51465743690065,565.7954022988506
2025-06-20 13:00:00+01:00,71.48333333333333,168.24599374954533,480.30574712643676
2025-06-20 14:00:00+01:00,75.23333333333333,155.24995665406902,678.0264367816092
2025-06-20 15:00:00+01:00,147.28333333333333,136.98525587123734,628.1551724137931
2025-06-20 16:00:00+01:00,90.65,129.96037095476362,671.2908045977013
2025-06-20 17:00:00+01:00,79.6,124.69170726740835,273.8781609195402
2025-06-20 18:00:00+01:00,110.31666666666666,138.39023285453212,119.1609195402299
2025-06-20 19:00:00+01:00,87.88333333333334,148.2250717375953,36.41954022988505
2025-06-20 20:00:00+01:00,100.7,163.6798185538375,32.96551724137931
2025-06-20 21:00:00+01:00,100.45,182.64700782831648,7.811494252873563
2025-06-20 22:00:00+01:00,88.26666666666667,184.40322905743488,0.0
2025-06-20 23:00:00+01:00,69.7,155.6012008998927,0.0
2025-06-21 00:00:00+01:00,69.4,105.72451799292932,0.0
2025-06-21 01:00:00+01:00,69.66666666666667,54.091613856847566,0.0
2025-06-21 02:00:00+01:00,69.9,39.37466394403271,0.0
2025-06-21 03:00:00+01:00,79.06666666666666,42.53330083514728,0.0
2025-06-21 04:00:00+01:00,72.95,45.97966839999976,0.0
2025-06-21 05:00:00+01:00,62.71666666666667,66.04352370181785,10.819540229885058
2025-06-21 06:00:00+01:00,69.0,125.39909563636297,45.5080459770115
2025-06-21 07:00:00+01:00,69.1,283.40195613818037,129.1862068965517
2025-06-21 08:00:00+01:00,71.1,357.805419549089,243.97011494252874
2025-06-21 09:00:00+01:00,139.65,308.89977225090746,344.5781609195402
2025-06-21 10:00:00+01:00,107.45,252.0521822290896,544.3264367816092
2025-06-21 11:00:00+01:00,71.51666666666667,250.38019428727142,712.8586206896551
2025-06-21 12:00:00+01:00,80.15,206.49051081454436,669.0252873563219
2025-06-21 13:00:00+01:00,73.35,200.22055603272622,659.6172413793104
2025-06-21 14:00:00+01:00,87.88333333333334,184.75466757090817,642.8206896551725
2025-06-21 15:00:00+01:00,154.01666666666668,163.0188243272719,741.580459770115
2025-06-21 16:00:00+01:00,99.58333333333333,154.65888461818096,514.871264367816
2025-06-21 17:00:00+01:00,68.03333333333333,148.38892983636285,423.6022988505747
2025-06-21 18:00:00+01:00,95.76666666666667,164.69081226909006,259.98275862068965
2025-06-21 19:00:00+01:00,81.75,176.3947278618173,80.22758620689656
2025-06-21 20:00:00+01:00,74.88333333333334,194.78659522181715,29.360919540229883
2025-06-21 21:00:00+01:00,102.36666666666666,217.3584324363625,6.993103448275862
2025-06-21 22:00:00+01:00,90.45,219.4484173636352,0.3344827586206896
2025-06-21 23:00:00+01:00,69.73333333333333,185.17266455636266,0.0
2025-06-22 00:00:00+01:00,70.01666666666667,125.81709262181751,0.0
2025-06-22 01:00:00+01:00,69.7,64.37153575999967,0.0
2025-06-22 02:00:00+01:00,69.7,41.20431124314962,0.0
2025-06-22 03:00:00+01:00,81.2,42.38548075995199,0.0
2025-06-22 04:00:00+01:00,68.63333333333334,45.70620032064489,0.0
2025-06-22 05:00:00+01:00,62.9,65.6507240969263,12.39080459770115
2025-06-22 06:00:00+01:00,66.81666666666666,124.6532736017588,42.12068965517241
2025-06-22 07:00:00+01:00,71.61666666666666,281.7163983399749,113.58045977011494
2025-06-22 08:00:00+01:00,66.35,355.6773406770184,300.7344827586207
2025-06-22 09:00:00+01:00,443.5833333333333,307.0625639723325,446.28735632183907
2025-06-22 10:00:00+01:00,199.11666666666667,250.55307993953514,560.2034482758621
2025-06-22 11:00:00+01:00,71.68333333333334,248.89103629151174,285.9758620689655
2025-06-22 12:00:00+01:00,73.76666666666667,205.26239053089614,707.380459770115
2025-06-22 13:00:00+01:00,166.13333333333333,199.02972685080823,744.2275862068965
2025-06-22 14:00:00+01:00,113.36666666666666,183.6558231065913,769.648275862069
2025-06-22 15:00:00+01:00,106.91666666666667,162.04925568228646,541.9471264367816
2025-06-22 16:00:00+01:00,108.41666666666667,153.73903744216915,488.1770114942529
2025-06-22 17:00:00+01:00,112.15,147.50637376208124,462.1632183908046
2025-06-22 18:00:00+01:00,110.9,163.71129933030986,279.2850574712644
2025-06-22 19:00:00+01:00,72.28333333333333,175.34560486647402,87.8448275862069
2025-06-22 20:00:00+01:00,100.71666666666667,193.628084994732,41.53448275862069
2025-06-22 21:00:00+01:00,101.41666666666667,216.06567424304856,12.475862068965517
2025-06-22 22:00:00+01:00,106.65,218.14322880307785,0.0
2025-06-22 23:00:00+01:00,99.76666666666667,184.07133401859713,0.0
2025-06-23 00:00:00+01:00,96.88333333333334,125.06878451376464,0.0
2025-06-23 01:00:00+01:00,99.85,63.988680448902855,0.0
2025-06-23 02:00:00+01:00,95.1,20.29394055241101,0.0
2025-06-23 03:00:00+01:00,105.4,12.15413591566986,0.0
2025-06-23 04:00:00+01:00,103.0,10.974450522813106,0.0
2025-06-23 05:00:00+01:00,99.01666666666667,21.386108711122972,11.580459770114942
2025-06-23 06:00:00+01:00,94.31666666666666,54.028064112310666,39.714942528735634
2025-06-23 07:00:00+01:00,89.08333333333333,171.65166202348703,105.8712643678161
2025-06-23 08:00:00+01:00,95.6,279.14499791360515,290.0816091954023
2025-06-23 09:00:00+01:00,287.03333333333336,219.4890104562621,482.9747126436781
2025-06-23 10:00:00+01:00,358.9166666666667,171.93305819073865,635.6586206896552
2025-06-23 11:00:00+01:00,71.86666666666666,162.36558850418365,744.5770114942529
2025-06-23 12:00:00+01:00,105.33333333333333,141.2608759603123,807.1586206896552
2025-06-23 13:00:00+01:00,113.73333333333333,158.14464599540938,824.8160919540229
2025-06-23 14:00:00+01:00,660.6833333333333,149.13996864335758,803.5701149425288
2025-06-23 15:00:00+01:00,156.73333333333332,116.21661707491828,741.2873563218392
2025-06-23 16:00:00+01:00,569.7666666666667,111.43288223164076,613.5310344827586
2025-06-23 17:00:00+01:00,146.68333333333334,99.89563937432442,450.80689655172415
2025-06-23 18:00:00+01:00,108.93333333333334,116.21661707491828,247.6781609195402
2025-06-23 19:00:00+01:00,84.45,142.949252963822,76.0
2025-06-23 20:00:00+01:00,98.95,138.7283104550477,24.50804597701149
2025-06-23 21:00:00+01:00,100.41666666666667,145.48181846908656,5.7137931034482765
2025-06-23 22:00:00+01:00,76.03333333333333,148.85857247610596,0.0
2025-06-23 23:00:00+01:00,70.68333333333334,129.4422369357443,0.0
2025-06-24 00:00:00+01:00,71.23333333333333,71.19323031465939,0.0
2025-06-24 01:00:00+01:00,70.46666666666667,30.39078606317476,0.0
2025-06-24 02:00:00+01:00,73.41666666666667,9.764754415182562,0.0
2025-06-24 03:00:00+01:00,79.51666666666667,10.03170221508128,0.0
2025-06-24 04:00:00+01:00,69.96666666666667,9.079325089971395,0.0
2025-06-24 05:00:00+01:00,64.7,17.693043765072463,11.048275862068966
2025-06-24 06:00:00+01:00,66.96666666666667,44.69821582755148,39.405747126436786
2025-06-24 07:00:00+01:00,73.58333333333333,142.00995653545002,105.92988505747127
2025-06-24 08:00:00+01:00,71.51666666666667,230.94078177568264,289.39310344827584
2025-06-24 09:00:00+01:00,480.51666666666665,181.5865017994279,481.66781609195397
2025-06-24 10:00:00+01:00,407.7,142.2427597428852,646.9609195402298
2025-06-24 11:00:00+01:00,77.06666666666666,134.32745069008962,647.1172413793104
2025-06-24 12:00:00+01:00,71.21666666666667,116.8672101324523,686.0816091954023
2025-06-24 13:00:00+01:00,381.6666666666667,130.83540257856217,820.2080459770115
2025-06-24 14:00:00+01:00,403.7,123.38569994063688,784.180459770115
2025-06-24 15:00:00+01:00,266.98333333333335,96.14772467072272,724.0022988505748
2025-06-24 16:00:00+01:00,114.61666666666666,92.19007014432493,583.3862068965517
2025-06-24 17:00:00+01:00,116.15,82.64513863948319,449.5091954022989
2025-06-24 18:00:00+01:00,110.78333333333333,96.14772467072272,253.11149425287354
2025-06-24 19:00:00+01:00,90.8,118.2640293770633,76.75172413793103
2025-06-24 20:00:00+01:00,68.68333333333334,114.77198126553584,26.326436781609193
2025-06-24 21:00:00+01:00,102.56666666666666,120.35925824397978,7.227586206896551
2025-06-24 22:00:00+01:00,77.96666666666667,123.15289673320174,0.0896551724137931
2025-06-24 23:00:00+01:00,73.58333333333333,107.08947542017542,0.0
2025-06-25 00:00:00+01:00,72.3,58.89921148109648,0.0
2025-06-25 01:00:00+01:00,72.83333333333333,25.142746402997712,0.0
2025-06-25 02:00:00+01:00,72.13333333333334,8.51992208909864,0.0
2025-06-25 03:00:00+01:00,80.98333333333333,8.9149572693059,0.0
2025-06-25 04:00:00+01:00,71.75,8.075649301810927,0.0
2025-06-25 05:00:00+01:00,70.43333333333334,15.737162741990527,11.473563218390805
2025-06-25 06:00:00+01:00,64.65,39.75704271660765,38.9632183908046
2025-06-25 07:00:00+01:00,70.98333333333333,126.31143779755557,106.18735632183909
2025-06-25 08:00:00+01:00,75.7,205.41138736913953,279.8655172413793
2025-06-25 09:00:00+01:00,525.7333333333333,161.5129860362186,472.7563218390805
2025-06-25 10:00:00+01:00,629.6833333333333,126.51850572837124,615.8643678160919
2025-06-25 11:00:00+01:00,767.0333333333333,119.4781960806386,697.1885057471264
2025-06-25 12:00:00+01:00,595.4166666666666,103.94810126946375,776.8919540229886
2025-06-25 13:00:00+01:00,104.85,116.37217711840364,799.3482758620689
2025-06-25 14:00:00+01:00,155.18333333333334,109.74600333230237,773.3540229885058
2025-06-25 15:00:00+01:00,96.76666666666667,85.51905542686958,704.3505747126437
2025-06-25 16:00:00+01:00,116.28333333333333,81.99890060300328,544.0022988505747
2025-06-25 17:00:00+01:00,108.3,73.50911543956103,356.9413793103448
2025-06-25 18:00:00+01:00,113.81666666666666,85.51905542686958,209.66781609195402
2025-06-25 19:00:00+01:00,108.23333333333333,105.19050885435772,78.97586206896553
2025-06-25 20:00:00+01:00,78.23333333333333,102.08448989212275,32.818390804597705
2025-06-25 21:00:00+01:00,107.4,107.05412023169873,5.643678160919539
2025-06-25 22:00:00+01:00,85.93333333333334,109.53893540148671,0.0
2025-06-25 23:00:00+01:00,74.95,95.25124817520583,0.0
2025-06-26 00:00:00+01:00,73.6,52.388186496363204,0.0
2025-06-26 01:00:00+01:00,77.5,22.363336528091804,0.0
2025-06-26 02:00:00+01:00,73.9,7.806894607622664,0.0
2025-06-26 03:00:00+01:00,82.23333333333333,8.257197694784606,0.0
2025-06-26 04:00:00+01:00,70.33333333333333,7.483718305363195,0.0
2025-06-26 05:00:00+01:00,66.7,14.583656184810325,9.705747126436782
2025-06-26 06:00:00+01:00,72.03333333333333,36.84292088794187,39.97126436781609
2025-06-26 07:00:00+01:00,73.38333333333334,117.05302990439868,102.7655172413793
2025-06-26 08:00:00+01:00,73.81666666666666,190.35509125436636,260.0137931034483
2025-06-26 09:00:00+01:00,528.7833333333333,149.6743661072639,439.65402298850574
2025-06-26 10:00:00+01:00,481.8833333333333,117.24492011735674,593.2333333333333
2025-06-26 11:00:00+01:00,82.93333333333334,110.72065287678366,654.580459770115
2025-06-26 12:00:00+01:00,75.1,96.3288869049314,702.9574712643679
2025-06-26 13:00:00+01:00,105.86666666666666,107.84229968241321,808.2712643678161
2025-06-26 14:00:00+01:00,160.75,101.70181286775623,771.7850574712644
2025-06-26 15:00:00+01:00,118.55,79.25065795166665,649.4160919540229
2025-06-26 16:00:00+01:00,139.88333333333333,75.98852433138013,557.6701149425287
2025-06-26 17:00:00+01:00,113.01666666666667,68.12102560010088,399.21379310344827
2025-06-26 18:00:00+01:00,113.1,79.25065795166665,231.56551724137933
2025-06-26 19:00:00+01:00,85.6,97.48022818267954,89.94942528735632
2025-06-26 20:00:00+01:00,75.38333333333334,94.6018749883091,34.2
2025-06-26 21:00:00+01:00,98.95,99.20724009930184,7.491954022988506
2025-06-26 22:00:00+01:00,83.53333333333333,101.5099226547982,0.3149425287356322
2025-06-26 23:00:00+01:00,71.73333333333333,88.26949796069408,0.0
2025-06-27 00:00:00+01:00,74.1,48.54822387838174,0.0
2025-06-27 01:00:00+01:00,74.45,20.724142999467308,0.0
2025-06-27 02:00:00+01:00,74.33333333333333,25.41851128730894,0.0
2025-06-27 03:00:00+01:00,82.73333333333333,44.39519642544816,0.0
2025-06-27 04:00:00+01:00,73.63333333333334,48.75856440555923,0.0
2025-06-27 05:00:00+01:00,73.13333333333334,70.03502887343964,8.116091954022988
2025-06-27 06:00:00+01:00,70.2,132.97790292425248,58.742528735632185
2025-06-27 07:00:00+01:00,66.9,300.5300606088106,128.61149425287357
2025-06-27 08:00:00+01:00,73.08333333333333,379.43028301053374,282.3333333333333
2025-06-27 09:00:00+01:00,473.55,327.5689008700753,489.61149425287357
2025-06-27 10:00:00+01:00,450.6666666666667,267.28558487774745,668.3183908045977
2025-06-27 11:00:00+01:00,79.88333333333334,265.51254617209077,772.6873563218392
2025-06-27 12:00:00+01:00,73.66666666666667,218.97028014860243,837.8747126436781
2025-06-27 13:00:00+01:00,74.31666666666666,212.32138500238977,852.8908045977012
2025-06-27 14:00:00+01:00,165.51666666666668,195.9207769750653,821.167816091954
2025-06-27 15:00:00+01:00,115.16666666666667,172.87127380152822,742.6252873563219
2025-06-27 16:00:00+01:00,112.55,164.0060802732447,619.6275862068965
2025-06-27 17:00:00+01:00,97.48333333333333,157.3571851270321,451.9448275862069
2025-06-27 18:00:00+01:00,75.38333333333334,174.6443125071849,256.3436781609195
2025-06-27 19:00:00+01:00,72.7,187.05558344678184,77.71379310344828
2025-06-27 20:00:00+01:00,70.88333333333334,206.55900920900552,28.610344827586207
2025-06-27 21:00:00+01:00,90.96666666666667,230.49503173537096,7.81264367816092
2025-06-27 22:00:00+01:00,74.25,232.71133011744183,0.15632183908045977
2025-06-27 23:00:00+01:00,71.23333333333333,196.3640366514795,0.0
2025-06-28 00:00:00+01:00,76.26666666666667,133.42116260066666,0.0
2025-06-28 01:00:00+01:00,70.25,68.26199016778294,0.0
2025-06-28 02:00:00+01:00,68.75,45.394603890976555,0.0
2025-06-28 03:00:00+01:00,77.83333333333333,47.36268041179373,0.0
2025-06-28 04:00:00+01:00,72.53333333333333,51.10966455152067,0.0
2025-06-28 05:00:00+01:00,77.36666666666666,73.41206362854788,6.008045977011494
2025-06-28 06:00:00+01:00,72.13333333333334,139.38999423142002,31.81034482758621
2025-06-28 07:00:00+01:00,74.18333333333334,315.0213869630092,86.65977011494253
2025-06-28 08:00:00+01:00,72.73333333333333,397.72611687365173,219.19655172413792
2025-06-28 09:00:00+01:00,524.5,343.3640191233979,289.64022988505747
2025-06-28 10:00:00+01:00,347.2,280.1738884051543,528.1908045977011
2025-06-28 11:00:00+01:00,74.76666666666667,278.31535514873525,769.7965517241379
2025-06-28 12:00:00+01:00,93.7,229.52885716773827,832.664367816092
2025-06-28 13:00:00+01:00,86.9,222.55935745616725,841.380459770115
2025-06-28 14:00:00+01:00,114.16666666666667,205.36792483429215,808.8655172413794
2025-06-28 15:00:00+01:00,151.36666666666667,181.206992500846,732.2770114942529
2025-06-28 16:00:00+01:00,116.08333333333333,171.91432621875134,617.3873563218391
2025-06-28 17:00:00+01:00,79.21666666666667,164.94482650718035,459.68045977011496
2025-06-28 18:00:00+01:00,106.98333333333333,183.06552575726494,257.4103448275862
2025-06-28 19:00:00+01:00,110.35,196.07525855219748,76.2
2025-06-28 20:00:00+01:00,67.36666666666666,216.51912437280578,26.420689655172414
2025-06-28 21:00:00+01:00,94.18333333333334,241.6093233344613,7.585057471264367
2025-06-28 22:00:00+01:00,78.6,243.93248990498498,0.24597701149425286
2025-06-28 23:00:00+01:00,72.3,205.83255814839686,0.0
2025-06-29 00:00:00+01:00,72.25,139.85462754552475,0.0
2025-06-29 01:00:00+01:00,69.23333333333333,71.55353037212895,0.0
2025-06-29 02:00:00+01:00,72.16666666666667,20.876807093629,0.0
2025-06-29 03:00:00+01:00,80.68333333333334,12.06734448924979,0.0
2025-06-29 04:00:00+01:00,71.78333333333333,10.883115157189872,0.0
2025-06-29 05:00:00+01:00,71.85,21.20812184478027,10.304597701149424
2025-06-29 06:00:00+01:00,71.15,53.578413081550146,32.814942528735635
2025-06-29 07:00:00+01:00,70.76666666666667,170.2230832278416,101.43218390804599
2025-06-29 08:00:00+01:00,66.33333333333333,276.82180092134246,296.8045977011494
2025-06-29 09:00:00+01:00,637.3666666666667,217.6623031437975,494.8563218390804
2025-06-29 10:00:00+01:00,205.41666666666666,170.50213746264134,646.5954022988506
2025-06-29 11:00:00+01:00,75.08333333333333,161.01429347945017,747.7609195402298
2025-06-29 12:00:00+01:00,93.1,140.08522586946967,806.7011494252873
2025-06-29 13:00:00+01:00,114.58333333333333,156.82847995745408,819.7379310344827
2025-06-29 14:00:00+01:00,113.46666666666667,147.8987444438624,794.5505747126438
2025-06-29 15:00:00+01:00,143.9,115.24939897229278,721.0448275862069
2025-06-29 16:00:00+01:00,115.51666666666667,110.50547698069718,607.9540229885058
2025-06-29 17:00:00+01:00,115.91666666666667,99.06425335390782,448.0206896551724
2025-06-29 18:00:00+01:00,110.28333333333333,115.24939897229278,249.82988505747124
2025-06-29 19:00:00+01:00,76.86666666666666,141.75955127826808,72.75632183908047
2025-06-29 20:00:00+01:00,80.81666666666666,137.57373775627195,25.144827586206894
2025-06-29 21:00:00+01:00,99.0,144.27103939146576,7.5954022988505745
2025-06-29 22:00:00+01:00,75.33333333333333,147.61969020906267,0.0
2025-06-29 23:00:00+01:00,72.76666666666667,128.36494800788057,0.0
2025-06-30 00:00:00+01:00,79.11666666666666,70.60072140433431,0.0
2025-06-30 01:00:00+01:00,72.35,30.13785735837196,0.0
2025-06-30 02:00:00+01:00,73.1,8.771567028572024,0.0
2025-06-30 03:00:00+01:00,80.43333333333334,8.866029700903713,0.0
2025-06-30 04:00:00+01:00,69.45,8.020681101409876,0.0
2025-06-30 05:00:00+01:00,66.88333333333334,15.63004522326027,10.093103448275862
2025-06-30 06:00:00+01:00,71.35,39.48643003771016,31.51954022988506
2025-06-30 07:00:00+01:00,71.55,125.45167876564167,96.04712643678161
2025-06-30 08:00:00+01:00,71.15,204.0132218615025,284.63563218390806
2025-06-30 09:00:00+01:00,522.35,160.41362202819752,475.5195402298851
2025-06-30 10:00:00+01:00,349.0,125.65733725542141,628.483908045977
2025-06-30 11:00:00+01:00,113.75,118.66494860291023,728.9505747126437
2025-06-30 12:00:00+01:00,110.43333333333334,103.24056186942968,778.7310344827586
2025-06-30 13:00:00+01:00,92.86666666666666,115.5800712562141,800.971264367816
2025-06-30 14:00:00+01:00,107.93333333333334,108.9989995832624,774.5390804597702
2025-06-30 15:00:00+01:00,96.83333333333333,84.93695627903278,665.148275862069
2025-06-30 16:00:00+01:00,100.16666666666667,81.44076195277721,553.9540229885058
2025-06-30 17:00:00+01:00,166.05,73.00876387180783,358.08505747126435
2025-06-30 18:00:00+01:00,121.05,84.93695627903278,223.8287356321839
2025-06-30 19:00:00+01:00,91.65,104.47451280810812,97.64252873563218
2025-06-30 20:00:00+01:00,74.13333333333334,101.389635461412,37.86206896551724
2025-06-30 21:00:00+01:00,96.33333333333333,106.32543921612579,7.782758620689655
2025-06-30 22:00:00+01:00,77.28333333333333,108.79334109348268,0.35172413793103446
2025-06-30 23:00:00+01:00,74.11666666666666,94.60290529868058,0.0
2025-07-01 00:00:00+01:00,73.55,52.03159791427432,0.0
2025-07-01 01:00:00+01:00,76.53333333333333,22.211116896211966,0.0
2025-07-01 02:00:00+01:00,74.98333333333333,10.779981175377117,0.0
2025-07-01 03:00:00+01:00,82.35,13.3486161785926,0.0
2025-07-01 04:00:00+01:00,75.65,12.203274766136643,0.0
2025-07-01 05:00:00+01:00,73.36666666666666,23.78074056990731,8.943678160919541
2025-07-01 06:00:00+01:00,73.75,60.07766038713424,51.71379310344828
2025-07-01 07:00:00+01:00,69.0,190.87173352162446,100.80574712643677
2025-07-01 08:00:00+01:00,74.88333333333334,310.4012453335269,293.9218390804598
2025-07-01 09:00:00+01:00,518.5166666666667,244.06549532273286,499.61609195402303
2025-07-01 10:00:00+01:00,364.6,191.18463800280742,586.596551724138
2025-07-01 11:00:00+01:00,81.46666666666667,180.54588564258572,514.6275862068966
2025-07-01 12:00:00+01:00,75.11666666666666,157.07804955386143,745.6689655172414
2025-07-01 13:00:00+01:00,76.66666666666667,175.8523184248409,754.1517241379311
2025-07-01 14:00:00+01:00,111.26666666666667,165.83937502698518,514.2068965517242
2025-07-01 15:00:00+01:00,166.93333333333334,129.22955072857522,444.6218390804598
2025-07-01 16:00:00+01:00,116.68333333333334,123.91017454846438,529.0885057471264
2025-07-01 17:00:00+01:00,102.33333333333333,111.08109081996174,444.2551724137931
2025-07-01 18:00:00+01:00,110.91666666666667,129.22955072857522,227.9390804597701
2025-07-01 19:00:00+01:00,94.3,158.95547644095933,102.20919540229885
2025-07-01 20:00:00+01:00,70.1,154.2619092232145,39.26551724137931
2025-07-01 21:00:00+01:00,95.35,161.7716167716063,7.3965517241379315
2025-07-01 22:00:00+01:00,94.2,165.5264705458022,0.0
2025-07-01 23:00:00+01:00,74.88333333333334,143.9360613441758,0.0
2025-07-02 00:00:00+01:00,74.36666666666666,79.16483373929668,0.0
2025-07-02 01:00:00+01:00,73.48333333333333,33.793683967763016,0.0
2025-07-02 02:00:00+01:00,75.15,45.314356044351435,0.0
2025-07-02 03:00:00+01:00,82.68333333333334,54.24621323313893,0.0
2025-07-02 04:00:00+01:00,77.43333333333334,58.9568328558473,0.0
2025-07-02 05:00:00+01:00,73.46666666666667,84.68345082930796,6.154022988505747
2025-07-02 06:00:00+01:00,70.23333333333333,160.791362334129,49.03218390804598
2025-07-02 07:00:00+01:00,67.13333333333334,363.3884788751315,84.5390804597701
2025-07-02 08:00:00+01:00,71.65,458.7913538600481,124.40344827586208
2025-07-02 09:00:00+01:00,467.2,396.08272254973775,200.21724137931037
2025-07-02 10:00:00+01:00,450.8666666666667,323.1906382915993,401.6229885057471
2025-07-02 11:00:00+01:00,81.65,321.04675346047765,647.2298850574713
2025-07-02 12:00:00+01:00,74.58333333333333,264.76977664353245,579.448275862069
2025-07-02 13:00:00+01:00,87.0,256.730208526826,645.8977011494252
2025-07-02 14:00:00+01:00,163.15,236.8992738389501,692.5643678160919
2025-07-02 15:00:00+01:00,110.06666666666666,209.0287710343677,467.61379310344824
2025-07-02 16:00:00+01:00,102.08333333333333,198.30934687875916,258.45287356321836
2025-07-02 17:00:00+01:00,114.38333333333334,190.26977876205268,260.92873563218393
2025-07-02 18:00:00+01:00,111.03333333333333,211.17265586548942,166.28505747126437
2025-07-02 19:00:00+01:00,90.18333333333334,226.1798496833415,90.74597701149425
2025-07-02 20:00:00+01:00,69.86666666666666,249.76258282568043,32.682758620689654
2025-07-02 21:00:00+01:00,95.95,278.70502804582367,7.2988505747126435
2025-07-02 22:00:00+01:00,94.83333333333333,281.3848840847258,0.0
2025-07-02 23:00:00+01:00,73.35,237.43524504673056,0.0
2025-07-03 00:00:00+01:00,74.05,161.3273335419094,0.0
2025-07-03 01:00:00+01:00,72.56666666666666,82.53956599818623,0.0
2025-07-03 02:00:00+01:00,76.03333333333333,65.11786127032204,0.0
2025-07-03 03:00:00+01:00,80.65,72.32541805093996,0.0
2025-07-03 04:00:00+01:00,73.73333333333333,78.29357606896693,0.0
2025-07-03 05:00:00+01:00,67.63333333333334,112.45804562633434,10.873563218390805
2025-07-03 06:00:00+01:00,65.36666666666666,213.52793473354618,47.92413793103448
2025-07-03 07:00:00+01:00,71.36666666666666,482.5731324978144,99.88735632183908
2025-07-03 08:00:00+01:00,71.65,609.2663737730519,291.7540229885057
2025-07-03 09:00:00+01:00,521.7833333333333,525.9904792269688,387.4183908045977
2025-07-03 10:00:00+01:00,140.68333333333334,429.1911488144279,390.2310344827586
2025-07-03 11:00:00+01:00,73.75,426.34410968464726,694.7885057471265
2025-07-03 12:00:00+01:00,638.8166666666667,351.6093325279061,626.5252873563219
2025-07-03 13:00:00+01:00,114.53333333333333,340.9329357912288,461.5471264367816
2025-07-03 14:00:00+01:00,113.33333333333333,314.59782384075805,633.6712643678161
2025-07-03 15:00:00+01:00,114.76666666666667,277.58631515361,598.851724137931
2025-07-03 16:00:00+01:00,112.76666666666667,263.3511195047069,460.8333333333333
2025-07-03 17:00:00+01:00,83.5,252.67472276802965,287.10114942528736
2025-07-03 18:00:00+01:00,121.88333333333334,280.43335428339066,200.96896551724137
2025-07-03 19:00:00+01:00,85.88333333333334,300.362628191855,77.84942528735633
2025-07-03 20:00:00+01:00,71.21666666666667,331.6800586194417,27.871264367816092
2025-07-03 21:00:00+01:00,95.28333333333333,370.11508687148006,6.983908045977012
2025-07-03 22:00:00+01:00,86.05,373.67388578370577,0.0
2025-07-03 23:00:00+01:00,70.36666666666666,315.3095836232032,0.0
2025-07-04 00:00:00+01:00,68.38333333333334,214.23969451599135,0.0
2025-07-04 01:00:00+01:00,71.35,109.61100649655371,0.0
2025-07-04 02:00:00+01:00,70.5,65.52075434010438,0.0
2025-07-04 03:00:00+01:00,75.38333333333334,65.7026977845857,0.0
2025-07-04 04:00:00+01:00,68.51666666666667,70.76024263879877,0.0
2025-07-04 05:00:00+01:00,77.1,101.63743942663828,9.674712643678161
2025-07-04 06:00:00+01:00,64.76666666666667,192.98247992399672,36.14137931034483
2025-07-04 07:00:00+01:00,68.23333333333333,436.14040462823255,99.15862068965518
2025-07-04 08:00:00+01:00,72.0,550.6433427164706,295.0402298850575
2025-07-04 09:00:00+01:00,538.15,475.3801755461119,500.55172413793105
2025-07-04 10:00:00+01:00,532.4166666666666,387.8947846472334,670.1218390804598
2025-07-04 11:00:00+01:00,72.48333333333333,385.3216849149134,737.7643678160919
2025-07-04 12:00:00+01:00,319.35,317.7778169415146,799.6471264367816
2025-07-04 13:00:00+01:00,903.45,308.1286929453147,809.9436781609196
2025-07-04 14:00:00+01:00,136.1,284.3275204213552,786.3126436781608
2025-07-04 15:00:00+01:00,166.43333333333334,250.87722390119572,747.9114942528736
2025-07-04 16:00:00+01:00,115.83333333333333,238.01172523959588,501.56896551724134
2025-07-04 17:00:00+01:00,81.25,228.3626012433961,334.05172413793105
2025-07-04 18:00:00+01:00,106.21666666666667,253.45032363351567,234.54597701149427
2025-07-04 19:00:00+01:00,86.31666666666666,271.4620217597554,107.39425287356322
2025-07-04 20:00:00+01:00,76.46666666666667,299.76611881527487,49.90114942528736
2025-07-04 21:00:00+01:00,101.31666666666666,334.5029652015943,7.341379310344828
2025-07-04 22:00:00+01:00,71.91666666666667,337.71933986699423,0.0
2025-07-04 23:00:00+01:00,72.31666666666666,284.9707953544351,0.0
2025-07-05 00:00:00+01:00,72.48333333333333,193.62575485707663,0.0
2025-07-05 01:00:00+01:00,72.26666666666667,99.0643396943183,0.0
2025-07-05 02:00:00+01:00,72.68333333333334,43.05221968713565,0.0
2025-07-05 03:00:00+01:00,80.46666666666667,38.54530130447037,0.0
2025-07-05 04:00:00+01:00,75.46666666666667,41.29129435851051,0.0
2025-07-05 05:00:00+01:00,75.28333333333333,59.30931371495147,3.3517241379310345
2025-07-05 06:00:00+01:00,65.38333333333334,112.61262097775594,18.102298850574712
2025-07-05 07:00:00+01:00,75.9,254.5045234097284,70.24367816091953
2025-07-05 08:00:00+01:00,71.28333333333333,321.3213451898636,181.2494252873563
2025-07-05 09:00:00+01:00,515.95,277.4024230085388,280.0
2025-07-05 10:00:00+01:00,438.96666666666664,226.35136816528944,525.6517241379311
2025-07-05 11:00:00+01:00,72.5,224.84986655225273,580.7298850574713
2025-07-05 12:00:00+01:00,74.3,185.43544921003812,556.4816091954023
2025-07-05 13:00:00+01:00,73.43333333333334,179.8048181611503,683.2321839080461
2025-07-05 14:00:00+01:00,109.28333333333333,165.91592824056042,872.7218390804597
2025-07-05 15:00:00+01:00,167.28333333333333,146.39640727108272,524.8632183908046
2025-07-05 16:00:00+01:00,109.6,138.888899205899,401.60689655172416
2025-07-05 17:00:00+01:00,114.28333333333333,133.2582681570112,429.4620689655173
2025-07-05 18:00:00+01:00,113.46666666666667,147.89790888411946,252.48045977011495
2025-07-05 19:00:00+01:00,96.5,158.40842017537668,97.81379310344828
2025-07-05 20:00:00+01:00,73.31666666666666,174.92493791878093,39.41724137931034
2025-07-05 21:00:00+01:00,105.58333333333333,195.19520969477696,7.060919540229885
2025-07-05 22:00:00+01:00,91.31666666666666,197.0720867110729,0.0
2025-07-05 23:00:00+01:00,71.65,166.2913036438196,0.0
2025-07-06 00:00:00+01:00,66.33333333333333,112.98799638101512,0.0
2025-07-06 01:00:00+01:00,69.41666666666667,57.80781210191472,0.0
2025-07-06 02:00:00+01:00,71.88333333333334,43.243617478677855,0.0
2025-07-06 03:00:00+01:00,79.88333333333334,47.18810375211084,0.0
2025-07-06 04:00:00+01:00,74.83333333333333,51.03783790177493,0.0
2025-07-06 05:00:00+01:00,71.66666666666667,73.30889444073128,5.4977011494252865
2025-07-06 06:00:00+01:00,71.78333333333333,139.1941033684771,30.15862068965517
2025-07-06 07:00:00+01:00,71.21666666666667,314.5786736127582,99.45057471264367
2025-07-06 08:00:00+01:00,68.71666666666667,397.1671749447213,263.5057471264368
2025-07-06 09:00:00+01:00,496.21666666666664,342.8814746310152,366.76666666666665
2025-07-06 10:00:00+01:00,172.93333333333334,279.7801477706389,350.37471264367815
2025-07-06 11:00:00+01:00,74.8,277.9242263923926,657.4505747126437
2025-07-06 12:00:00+01:00,73.55,229.2062902134256,316.8103448275862
2025-07-06 13:00:00+01:00,267.3833333333333,222.24658504500178,497.32068965517243
2025-07-06 14:00:00+01:00,401.98333333333335,205.07931229622292,346.61379310344824
2025-07-06 15:00:00+01:00,115.68333333333334,180.95233437902021,190.45517241379312
2025-07-06 16:00:00+01:00,113.06666666666666,171.67272748778842,39.09655172413793
2025-07-06 17:00:00+01:00,152.65,164.71302231936457,44.788505747126436
2025-07-06 18:00:00+01:00,146.23333333333332,182.80825575726655,17.036781609195405
2025-07-06 19:00:00+01:00,79.63333333333334,195.7997054049911,20.964367816091954
2025-07-06 20:00:00+01:00,99.08333333333333,216.2148405657011,4.932183908045976
2025-07-06 21:00:00+01:00,103.8,241.26977917202697,0.33678160919540223
2025-07-06 22:00:00+01:00,76.15,243.5896808948349,0.0
2025-07-06 23:00:00+01:00,71.93333333333334,205.5432926407845,0.0
2025-07-07 00:00:00+01:00,71.65,139.65808371303868,0.0
2025-07-07 01:00:00+01:00,72.43333333333334,71.45297306248492,0.0
2025-07-07 02:00:00+01:00,72.18333333333334,89.9464639237881,0.0
2025-07-07 03:00:00+01:00,80.06666666666666,123.48636729290939,0.0
2025-07-07 04:00:00+01:00,69.3,132.54129858009307,0.0
2025-07-07 05:00:00+01:00,65.73333333333333,158.56167621544878,8.493103448275862
2025-07-07 06:00:00+01:00,71.7,248.00672433698395,48.68275862068966
2025-07-07 07:00:00+01:00,71.25,448.03837740878095,99.33103448275862
2025-07-07 08:00:00+01:00,70.98333333333333,567.5694871711961,148.12298850574714
2025-07-07 09:00:00+01:00,496.48333333333335,539.9228359336306,234.03563218390804
2025-07-07 10:00:00+01:00,565.05,466.74052383419274,306.7459770114943
2025-07-07 11:00:00+01:00,115.21666666666667,424.45741017673976,298.4597701149425
2025-07-07 12:00:00+01:00,102.05,380.54802291707705,200.63563218390806
2025-07-07 13:00:00+01:00,112.7,351.2750980773019,256.2390804597701
2025-07-07 14:00:00+01:00,514.9,338.264909259624,677.8988505747127
2025-07-07 15:00:00+01:00,116.06666666666666,325.2547204419462,476.5597701149425
2025-07-07 16:00:00+01:00,110.38333333333334,323.62844683973645,514.1436781609195
2025-07-07 17:00:00+01:00,173.33333333333334,339.0780460607288,361.89425287356323
2025-07-07 18:00:00+01:00,114.21666666666667,361.0327396905603,207.22528735632184
2025-07-07 19:00:00+01:00,89.06666666666666,394.37134853585974,80.25632183908047
2025-07-07 20:00:00+01:00,100.73333333333333,427.70995738115926,28.654022988505748
2025-07-07 21:00:00+01:00,100.46666666666667,452.91719821541005,5.6482758620689655
2025-07-07 22:00:00+01:00,80.7,436.6544621933127,0.0
2025-07-07 23:00:00+01:00,71.63333333333334,381.3611597181819,0.0
2025-07-08 00:00:00+01:00,65.91666666666667,243.12790353035476,0.0
2025-07-08 01:00:00+01:00,65.6,145.5514873977709,0.0
2025-07-08 02:00:00+01:00,70.48333333333333,139.28794152655942,0.0
2025-07-08 03:00:00+01:00,80.56666666666666,154.63370296202322,0.0
2025-07-08 04:00:00+01:00,70.16666666666667,165.2159654430731,0.0
2025-07-08 05:00:00+01:00,70.08333333333333,197.65100160367646,4.117241379310345
2025-07-08 06:00:00+01:00,70.2,309.1464384057503,37.788505747126436
2025-07-08 07:00:00+01:00,74.35,558.4907788903885,108.22413793103448
2025-07-08 08:00:00+01:00,165.48333333333332,707.4892262531598,286.3425287356322
2025-07-08 09:00:00+01:00,71.61666666666666,673.0270003325188,294.4574712643678
2025-07-08 10:00:00+01:00,87.05,581.803461130822,278.55287356321844
2025-07-08 11:00:00+01:00,379.28333333333336,529.0965273698416,262.28735632183907
2025-07-08 12:00:00+01:00,223.73333333333332,474.36240384882353,265.85632183908046
2025-07-08 13:00:00+01:00,172.36666666666667,437.87298816814473,265.39080459770116
2025-07-08 14:00:00+01:00,112.2,421.65547008784307,189.12528735632182
2025-07-08 15:00:00+01:00,105.83333333333333,405.43795200754147,287.08620689655174
2025-07-08 16:00:00+01:00,167.71666666666667,403.4107622475038,99.79655172413794
2025-07-08 17:00:00+01:00,84.28333333333333,422.6690649678619,134.26436781609195
2025-07-08 18:00:00+01:00,101.11666666666666,450.036126728371,103.26551724137931
2025-07-08 19:00:00+01:00,98.81666666666666,491.5935168091441,86.84367816091954
2025-07-08 20:00:00+01:00,71.43333333333334,533.1509068899171,10.757471264367815
2025-07-08 21:00:00+01:00,73.0,564.5723481705014,2.873563218390805
2025-07-08 22:00:00+01:00,66.0,544.3004505701243,0.0
2025-07-08 23:00:00+01:00,67.76666666666667,475.3759987288423,0.0
2025-07-09 00:00:00+01:00,70.45,303.06486912563724,0.0
2025-07-09 01:00:00+01:00,81.03333333333333,181.4334835233748,0.0
2025-07-09 02:00:00+01:00,69.9,139.0322109877787,0.0
2025-07-09 03:00:00+01:00,69.5,142.33283967689007,0.0
2025-07-09 04:00:00+01:00,72.88333333333334,151.45854171431048,0.0
2025-07-09 05:00:00+01:00,70.73333333333333,181.19273395270272,3.8793103448275863
2025-07-09 06:00:00+01:00,64.23333333333333,283.40401977217607,27.55632183908046
2025-07-09 07:00:00+01:00,159.81666666666666,511.98562260481646,111.04137931034482
2025-07-09 08:00:00+01:00,70.25,648.5770681999309,197.66436781609198
2025-07-09 09:00:00+01:00,44.083333333333336,616.9844889466391,286.1827586206897
2025-07-09 10:00:00+01:00,37.0,533.3570732761608,293.73333333333335
2025-07-09 11:00:00+01:00,65.9,485.0390108887735,270.1126436781609
2025-07-09 12:00:00+01:00,75.01666666666667,434.8625614864865,282.77126436781606
2025-07-09 13:00:00+01:00,115.35,401.4115952182953,486.71264367816093
2025-07-09 14:00:00+01:00,137.21666666666667,386.5444990990991,324.27241379310345
2025-07-09 15:00:00+01:00,129.75,371.677402979903,506.9034482758621
2025-07-09 16:00:00+01:00,168.8,369.8190159650034,126.8390804597701
2025-07-09 17:00:00+01:00,134.83333333333334,387.4736926065489,189.04252873563217
2025-07-09 18:00:00+01:00,135.28333333333333,412.56191730769234,191.16091954022988
2025-07-09 19:00:00+01:00,106.05,450.65885111313247,103.09080459770115
2025-07-09 20:00:00+01:00,119.7,488.7557849185725,43.84942528735632
2025-07-09 21:00:00+01:00,123.1,517.5607836495149,6.242528735632184
2025-07-09 22:00:00+01:00,102.05,498.97691350051974,0.0
2025-07-09 23:00:00+01:00,89.58333333333333,435.79175499393625,0.0
2025-07-10 00:00:00+01:00,87.2,277.82885872747755,0.0
2025-07-10 01:00:00+01:00,94.21666666666667,166.3256378335066,0.0
2025-07-10 02:00:00+01:00,95.68333333333334,117.23174806491471,0.0
2025-07-10 03:00:00+01:00,101.35,116.2591857663352,0.0
2025-07-10 04:00:00+01:00,91.85,123.51751825314655,0.0
2025-07-10 05:00:00+01:00,90.06666666666666,147.7663561924146,8.680459770114942
2025-07-10 06:00:00+01:00,93.05,231.12173660864843,31.664367816091954
2025-07-10 07:00:00+01:00,93.53333333333333,417.53467826677155,64.64827586206897
2025-07-10 08:00:00+01:00,93.0,528.9277775502841,156.63333333333333
2025-07-10 09:00:00+01:00,156.63333333333333,503.1633872398117,227.73908045977012
2025-07-10 10:00:00+01:00,163.98333333333332,434.9635305356204,263.5287356321839
2025-07-10 11:00:00+01:00,95.23333333333333,395.5591688843099,378.75632183908044
2025-07-10 12:00:00+01:00,93.63333333333334,354.63925486179505,642.4172413793104
2025-07-10 13:00:00+01:00,91.01666666666667,327.35931218011854,735.9206896551725
2025-07-10 14:00:00+01:00,118.3,315.2348932104845,458.4218390804598
2025-07-10 15:00:00+01:00,188.55,303.11047424085046,485.3367816091954
2025-07-10 16:00:00+01:00,124.6,301.5949218696462,389.07241379310346
2025-07-10 17:00:00+01:00,103.6,315.9926693960867,377.12873563218386
2025-07-10 18:00:00+01:00,126.86666666666666,336.45262640734404,138.18505747126437
2025-07-10 19:00:00+01:00,116.16666666666667,367.52145001703116,109.92988505747127
2025-07-10 20:00:00+01:00,117.4,398.59027362671833,29.729885057471265
2025-07-10 21:00:00+01:00,133.43333333333334,422.0813353803843,1.7839080459770114
2025-07-10 22:00:00+01:00,105.41666666666667,406.92581166834174,0.0
2025-07-10 23:00:00+01:00,94.35,355.3970310473971,0.0
2025-07-11 00:00:00+01:00,98.41666666666667,226.57507949503574,0.0
2025-07-11 01:00:00+01:00,89.63333333333334,135.64193722278057,0.0
2025-07-11 02:00:00+01:00,91.43333333333334,62.17499354632286,0.0
2025-07-11 03:00:00+01:00,102.46666666666667,59.70610585835363,0.0
2025-07-11 04:00:00+01:00,93.68333333333334,64.1647963290813,0.0
2025-07-11 05:00:00+01:00,93.38333333333334,92.16398018177134,1.3183908045977013
2025-07-11 06:00:00+01:00,93.8,174.99489907931266,18.066666666666666
2025-07-11 07:00:00+01:00,219.03333333333333,395.48847191924665,72.9632183908046
2025-07-11 08:00:00+01:00,92.78333333333333,499.31877870630547,206.76436781609198
2025-07-11 09:00:00+01:00,88.21666666666667,431.0707680653735,420.4505747126437
2025-07-11 10:00:00+01:00,94.55,351.7397471494184,351.2954022988506
2025-07-11 11:00:00+01:00,78.73333333333333,349.406481828361,472.36436781609194
2025-07-11 12:00:00+01:00,70.53333333333333,288.1582671506015,291.39310344827584
2025-07-11 13:00:00+01:00,153.56666666666666,279.4085221966359,303.73333333333335
2025-07-11 14:00:00+01:00,121.2,257.825817976854,216.18045977011494
2025-07-11 15:00:00+01:00,119.2,227.49336880310648,182.22298850574714
2025-07-11 16:00:00+01:00,118.15,215.8270421978189,229.83333333333334
2025-07-11 17:00:00+01:00,109.9,207.07729724385328,166.23793103448276
2025-07-11 18:00:00+01:00,194.81666666666666,229.82663412416395,131.9586206896552
2025-07-11 19:00:00+01:00,82.91666666666667,246.1594913715665,84.20459770114942
2025-07-11 20:00:00+01:00,126.63333333333334,271.82540990319904,13.74367816091954
2025-07-11 21:00:00+01:00,110.95,303.3244917374753,1.928735632183908
2025-07-11 22:00:00+01:00,90.91666666666667,306.2410733887972,0.0
2025-07-11 23:00:00+01:00,95.0,258.4091343071184,0.0
2025-07-12 00:00:00+01:00,95.28333333333333,175.578215409577,0.0
2025-07-12 01:00:00+01:00,95.36666666666666,89.83071486071384,0.0
2025-07-12 02:00:00+01:00,97.08333333333333,57.73411158157072,0.0
2025-07-12 03:00:00+01:00,102.88333333333334,59.47821041947796,0.0
2025-07-12 04:00:00+01:00,87.73333333333333,64.14287587884164,0.0
2025-07-12 05:00:00+01:00,80.61666666666666,92.13249444415436,4.259770114942529
2025-07-12 06:00:00+01:00,97.96666666666667,174.93511603320445,31.533333333333335
2025-07-12 07:00:00+01:00,162.48333333333332,395.3533622350421,117.65862068965518
2025-07-12 08:00:00+01:00,143.93333333333334,499.1481977480767,266.94367816091955
2025-07-12 09:00:00+01:00,96.4,430.9235024951269,470.11149425287357
2025-07-12 10:00:00+01:00,75.5,351.61958322674093,475.13103448275865
2025-07-12 11:00:00+01:00,65.91666666666667,349.28711501296493,442.0988505747126
2025-07-12 12:00:00+01:00,71.95,288.0598244013433,611.0241379310345
2025-07-12 13:00:00+01:00,80.91666666666667,279.3130685996831,609.5540229885057
2025-07-12 14:00:00+01:00,163.68333333333334,257.7377376222546,412.02183908045976
2025-07-12 15:00:00+01:00,112.6,227.41565084316582,311.1229885057471
2025-07-12 16:00:00+01:00,129.86666666666667,215.75330977428547,105.23333333333333
2025-07-12 17:00:00+01:00,131.26666666666668,207.00655397262526,136.1551724137931
2025-07-12 18:00:00+01:00,139.4,229.74811905694185,18.94367816091954
2025-07-12 19:00:00+01:00,125.85,246.0753965533743,15.101149425287357
2025-07-12 20:00:00+01:00,185.28333333333333,271.7325469049109,18.297701149425286
2025-07-12 21:00:00+01:00,127.41666666666667,303.2208677908877,3.071264367816092
2025-07-12 22:00:00+01:00,98.7,306.13645305810775,0.0
2025-07-12 23:00:00+01:00,94.6,258.3208546756986,0.0
2025-07-13 00:00:00+01:00,91.48333333333333,175.51823308664845,0.0
2025-07-13 01:00:00+01:00,88.51666666666667,89.8000262303783,0.0
2025-07-13 02:00:00+01:00,95.01666666666667,61.830084699272156,0.0
2025-07-13 03:00:00+01:00,103.15,65.33942122913935,0.0
2025-07-13 04:00:00+01:00,98.3,70.55372413159861,0.0
2025-07-13 05:00:00+01:00,95.11666666666666,101.34080375265982,0.1954022988505747
2025-07-13 06:00:00+01:00,95.05,192.41924763163257,7.82183908045977
2025-07-13 07:00:00+01:00,96.78333333333333,434.8674996474896,28.463218390804595
2025-07-13 08:00:00+01:00,92.75,549.0362532422582,36.722988505747125
2025-07-13 09:00:00+01:00,156.38333333333333,473.9927466659216,50.17816091954023
2025-07-13 10:00:00+01:00,169.56666666666666,386.7626877395815,61.53448275862069
2025-07-13 11:00:00+01:00,92.91666666666667,384.19709777115975,82.30229885057472
2025-07-13 12:00:00+01:00,719.0833333333334,316.8503611000884,108.05632183908047
2025-07-13 13:00:00+01:00,645.7666666666667,307.2293987185067,212.98850574712645
2025-07-13 14:00:00+01:00,197.46666666666667,283.4976915106053,142.73793103448276
2025-07-13 15:00:00+01:00,136.53333333333333,250.14502192112238,178.98275862068965
2025-07-13 16:00:00+01:00,136.41666666666666,237.3170720790135,178.45632183908046
2025-07-13 17:00:00+01:00,140.13333333333333,227.69610969743184,179.77011494252875
2025-07-13 18:00:00+01:00,135.23333333333332,252.71061188954414,89.13678160919541
2025-07-13 19:00:00+01:00,171.75,270.66974166849656,66.49770114942528
2025-07-13 20:00:00+01:00,90.55,298.891231321136,43.3551724137931
2025-07-13 21:00:00+01:00,135.1,333.5266958948298,4.002298850574713
2025-07-13 22:00:00+01:00,96.9,336.733683355357,0.0
2025-07-13 23:00:00+01:00,95.6,284.13908900271076,0.0
2025-07-14 00:00:00+01:00,86.66666666666667,193.060645123738,0.0
2025-07-14 01:00:00+01:00,93.01666666666667,98.77521378423805,0.0
2025-07-14 02:00:00+01:00,92.75,92.34360157007606,0.0
2025-07-14 03:00:00+01:00,97.18333333333334,115.51639792932146,0.0
2025-07-14 04:00:00+01:00,92.96666666666667,123.3367831668576,0.0
2025-07-14 05:00:00+01:00,94.38333333333334,147.5501393713941,1.013793103448276
2025-07-14 06:00:00+01:00,94.96666666666667,230.7835513244882,25.385057471264368
2025-07-14 07:00:00+01:00,93.9,416.9237271468623,68.74712643678161
2025-07-14 08:00:00+01:00,93.2,528.1538322114517,180.97471264367817
2025-07-14 09:00:00+01:00,142.3,502.4271412441318,138.26896551724136
2025-07-14 10:00:00+01:00,172.83333333333334,434.3270769188728,156.69195402298848
2025-07-14 11:00:00+01:00,102.38333333333334,394.9803730865011,172.33103448275864
2025-07-14 12:00:00+01:00,119.45,354.12033449134583,115.45632183908046
2025-07-14 13:00:00+01:00,326.5,326.8803087612423,112.57586206896552
2025-07-14 14:00:00+01:00,391.1166666666667,314.773630658974,152.18390804597703
2025-07-14 15:00:00+01:00,521.45,302.6669525567058,155.94712643678162
2025-07-14 16:00:00+01:00,172.3,301.1536177939223,168.80919540229885
2025-07-14 17:00:00+01:00,257.26666666666665,315.53029804036584,110.94597701149425
2025-07-14 18:00:00+01:00,131.5,335.96031733794354,75.7816091954023
2025-07-14 19:00:00+01:00,172.0,366.9836799750058,34.66206896551724
2025-07-14 20:00:00+01:00,123.36666666666666,398.0070426120682,6.929885057471265
2025-07-14 21:00:00+01:00,113.51666666666667,421.4637314352129,1.4724137931034482
2025-07-14 22:00:00+01:00,95.76666666666667,406.3303838073776,0.0
2025-07-14 23:00:00+01:00,96.18333333333334,354.8770018727376,0.0
2025-07-15 00:00:00+01:00,95.96666666666667,226.2435470361376,0.0
2025-07-15 01:00:00+01:00,94.68333333333334,135.44346126912583,0.0
2025-07-15 02:00:00+01:00,97.51666666666667,119.61364637265667,0.0
2025-07-15 03:00:00+01:00,101.91666666666667,129.05628480278108,0.0
2025-07-15 04:00:00+01:00,91.93333333333334,137.69205887294257,0.0
2025-07-15 05:00:00+01:00,94.43333333333334,164.72362871302948,0.24597701149425286
2025-07-15 06:00:00+01:00,94.76666666666667,257.64465003832817,10.159770114942528
2025-07-15 07:00:00+01:00,90.96666666666667,465.44984318399605,41.759770114942526
2025-07-15 08:00:00+01:00,94.6,589.6261171368952,71.17586206896551
2025-07-15 09:00:00+01:00,94.6,560.905074181803,100.28735632183908
2025-07-15 10:00:00+01:00,473.1,484.8787840065585,137.46206896551723
2025-07-15 11:00:00+01:00,84.06666666666666,440.9524830164174,223.61494252873564
2025-07-15 12:00:00+01:00,97.75,395.3367089112707,152.76206896551724
2025-07-15 13:00:00+01:00,89.28333333333333,364.926192841173,156.84022988505745
2025-07-15 14:00:00+01:00,134.03333333333333,351.4104079211295,178.80114942528735
2025-07-15 15:00:00+01:00,194.35,337.89462300108613,147.916091954023
2025-07-15 16:00:00+01:00,131.48333333333332,336.2051498860807,150.416091954023
2025-07-15 17:00:00+01:00,128.85,352.2551444786322,145.7816091954023
2025-07-15 18:00:00+01:00,135.6,375.0630315312056,87.8287356321839
2025-07-15 19:00:00+01:00,133.03333333333333,409.69723038881693,106.82528735632185
2025-07-15 20:00:00+01:00,97.1,444.3314292464283,35.50689655172414
2025-07-15 21:00:00+01:00,119.11666666666666,470.5182625290124,5.417241379310345
2025-07-15 22:00:00+01:00,108.86666666666666,453.6235313789581,0.0
2025-07-15 23:00:00+01:00,97.48333333333333,396.1814454687734,0.0
2025-07-16 00:00:00+01:00,94.05,252.5762306933119,0.0
2025-07-16 01:00:00+01:00,88.65,151.20784379298604,0.0
2025-07-16 02:00:00+01:00,97.85,119.76959819461008,0.0
2025-07-16 03:00:00+01:00,102.11666666666666,124.1517383261863,0.0
2025-07-16 04:00:00+01:00,89.46666666666667,132.19421427590086,0.0
2025-07-16 05:00:00+01:00,79.6,158.14645266135383,0.6367816091954024
2025-07-16 06:00:00+01:00,99.83333333333333,247.35727211134824,12.955172413793104
2025-07-16 07:00:00+01:00,85.61666666666666,446.8651046995177,43.02988505747126
2025-07-16 08:00:00+01:00,93.83333333333333,566.083199782692,104.44252873563218
2025-07-16 09:00:00+01:00,219.4,538.5089464981482,160.9183908045977
2025-07-16 10:00:00+01:00,95.66666666666667,465.5182760390619,222.4632183908046
2025-07-16 11:00:00+01:00,94.45,423.3458886627008,205.12988505747126
2025-07-16 12:00:00+01:00,94.68333333333334,379.5514863872491,218.5080459770115
2025-07-16 13:00:00+01:00,111.26666666666667,350.3552182036146,220.1816091954023
2025-07-16 14:00:00+01:00,138.6,337.37909901088807,187.49885057471266
2025-07-16 15:00:00+01:00,114.65,324.4029798181616,135.99885057471263
2025-07-16 16:00:00+01:00,183.1,322.78096491907087,110.3712643678161
2025-07-16 17:00:00+01:00,131.71666666666667,338.1901064604335,92.88390804597701
2025-07-16 18:00:00+01:00,140.86666666666667,360.0873075981594,62.88735632183908
2025-07-16 19:00:00+01:00,144.3,393.33861302952096,44.46896551724138
2025-07-16 20:00:00+01:00,183.76666666666668,426.58991846088253,10.718390804597702
2025-07-16 21:00:00+01:00,127.88333333333334,451.7311493967901,4.048275862068966
2025-07-16 22:00:00+01:00,110.2,435.51100040588193,0.0
2025-07-16 23:00:00+01:00,82.85,380.3624938367945,0.0
2025-07-17 00:00:00+01:00,94.66666666666667,242.49122741407584,0.0
2025-07-17 01:00:00+01:00,93.28333333333333,145.17033346862735,0.0
2025-07-17 02:00:00+01:00,88.7,60.15980570254929,0.0
2025-07-17 03:00:00+01:00,102.78333333333333,55.59818855186807,0.0
2025-07-17 04:00:00+01:00,95.26666666666667,59.638950046946704,0.0
2025-07-17 05:00:00+01:00,93.7,85.66321915834165,0.8850574712643678
2025-07-17 06:00:00+01:00,95.81666666666666,162.65168194621828,17.918390804597703
2025-07-17 07:00:00+01:00,96.71666666666667,367.59280119845334,49.16551724137931
2025-07-17 08:00:00+01:00,91.11666666666666,464.09946581987623,114.36551724137932
2025-07-17 09:00:00+01:00,325.8666666666667,400.6653098608511,186.19655172413792
2025-07-17 10:00:00+01:00,254.11666666666667,326.9298807118987,284.3620689655172
2025-07-17 11:00:00+01:00,98.18333333333334,324.76119161928256,224.78045977011496
2025-07-17 12:00:00+01:00,89.0,267.8331029381061,428.46436781609196
2025-07-17 13:00:00+01:00,117.83333333333333,259.7005188407952,487.16436781609195
2025-07-17 14:00:00+01:00,121.81666666666666,239.64014473409492,485.75287356321843
2025-07-17 15:00:00+01:00,141.66666666666666,211.44718653008374,568.2793103448275
2025-07-17 16:00:00+01:00,112.26666666666667,200.60374106700255,294.42988505747127
2025-07-17 17:00:00+01:00,90.23333333333333,192.4711569696916,191.71724137931037
2025-07-17 18:00:00+01:00,108.7,213.6158756227,133.6425287356322
2025-07-17 19:00:00+01:00,109.88333333333334,228.79669927101375,98.98620689655172
2025-07-17 20:00:00+01:00,86.98333333333333,252.6522792897924,28.581609195402297
2025-07-17 21:00:00+01:00,124.35,281.9295820401117,4.398850574712643
2025-07-17 22:00:00+01:00,112.91666666666667,284.640443405882,0.0
2025-07-17 23:00:00+01:00,94.83333333333333,240.18231700724903,0.0
2025-07-18 00:00:00+01:00,94.16666666666667,163.19385421937235,0.0
2025-07-18 01:00:00+01:00,94.93333333333334,83.49453006572539,0.0
2025-07-18 02:00:00+01:00,95.26666666666667,41.28386380790941,0.0
2025-07-18 03:00:00+01:00,94.33333333333333,38.71197095553388,0.0
2025-07-18 04:00:00+01:00,98.38333333333334,41.558599277838326,0.0
2025-07-18 05:00:00+01:00,90.01666666666667,59.69326078089505,5.066666666666666
2025-07-18 06:00:00+01:00,90.18333333333334,113.34163439410453,38.92643678160919
2025-07-18 07:00:00+01:00,95.06666666666666,256.1520937306762,113.95517241379311
2025-07-18 08:00:00+01:00,94.98333333333333,323.40146347117826,208.43793103448277
2025-07-18 09:00:00+01:00,221.58333333333334,279.1982260574775,441.13563218390806
2025-07-18 10:00:00+01:00,70.55,227.8166851321501,608.3632183908046
2025-07-18 11:00:00+01:00,70.66666666666667,226.30546334022873,692.6505747126437
2025-07-18 12:00:00+01:00,70.73333333333333,186.63589130229212,593.0793103448275
2025-07-18 13:00:00+01:00,87.55,180.96880958258689,635.1609195402299
2025-07-18 14:00:00+01:00,161.9,166.990008007314,377.02758620689656
2025-07-18 15:00:00+01:00,110.81666666666666,147.34412471233588,634.3781609195402
2025-07-18 16:00:00+01:00,83.78333333333333,139.7880157527289,533.2114942528735
2025-07-18 17:00:00+01:00,112.83333333333333,134.1209340330237,330.8045977011494
2025-07-18 18:00:00+01:00,113.63333333333334,148.85534650425726,167.88850574712646
2025-07-18 19:00:00+01:00,88.55,159.43389904770706,86.08850574712643
2025-07-18 20:00:00+01:00,106.8,176.05733875884238,21.091954022988507
2025-07-18 21:00:00+01:00,87.86666666666666,196.45883294978117,2.925287356321839
2025-07-18 22:00:00+01:00,69.95,198.3478601896829,0.0
2025-07-18 23:00:00+01:00,73.03333333333333,167.36781345529437,0.0
2025-07-19 00:00:00+01:00,63.9,113.71943984208488,0.0
2025-07-19 01:00:00+01:00,68.23333333333333,58.18203898897366,0.0
2025-07-19 02:00:00+01:00,71.55,34.324077161401064,0.0
2025-07-19 03:00:00+01:00,78.3,34.28517177169091,0.0
2025-07-19 04:00:00+01:00,70.08333333333333,36.91787083977567,0.0
2025-07-19 05:00:00+01:00,70.48333333333333,53.027487206223235,2.3862068965517245
2025-07-19 06:00:00+01:00,73.33333333333333,100.68510229029727,34.632183908045974
2025-07-19 07:00:00+01:00,71.08333333333333,227.54833117607183,99.3712643678161
2025-07-19 08:00:00+01:00,62.03333333333333,287.2881585349815,167.6103448275862
2025-07-19 09:00:00+01:00,118.01666666666667,248.0209686417656,226.68505747126437
2025-07-19 10:00:00+01:00,336.9166666666667,202.37705560349752,521.8482758620689
2025-07-19 11:00:00+01:00,71.95,201.03458757296022,781.6206896551723
2025-07-19 12:00:00+01:00,72.21666666666667,165.79480177135616,759.6252873563219
2025-07-19 13:00:00+01:00,88.2,160.7605466568413,638.0701149425288
2025-07-19 14:00:00+01:00,112.3,148.34271737437132,486.4919540229885
2025-07-19 15:00:00+01:00,155.63333333333333,130.89063297738645,83.40229885057471
2025-07-19 16:00:00+01:00,116.8,124.17829282469994,185.19885057471265
2025-07-19 17:00:00+01:00,106.73333333333333,119.14403771018509,134.5022988505747
2025-07-19 18:00:00+01:00,106.85,132.23310100792372,223.79425287356324
2025-07-19 19:00:00+01:00,112.23333333333333,141.63037722168482,114.13563218390804
2025-07-19 20:00:00+01:00,75.06666666666666,156.3975255575951,43.4816091954023
2025-07-19 21:00:00+01:00,100.61666666666666,174.5208439698486,4.860919540229885
2025-07-19 22:00:00+01:00,72.18333333333334,176.19892900802023,0.0
2025-07-19 23:00:00+01:00,73.83333333333333,148.67833438200563,0.0
2025-07-20 00:00:00+01:00,71.8,101.02071929793159,0.0
2025-07-20 01:00:00+01:00,71.55,51.68501917568593,0.0
2025-07-20 02:00:00+01:00,70.86666666666666,12.447784948118688,0.0
2025-07-20 03:00:00+01:00,71.55,13.024375501293475,0.0
2025-07-20 04:00:00+01:00,69.8,11.797134547979134,0.0
2025-07-20 05:00:00+01:00,71.05,22.98928783708754,7.652873563218391
2025-07-20 06:00:00+01:00,71.9,58.078200851589564,40.97011494252874
2025-07-20 07:00:00+01:00,71.58333333333333,184.51928395557104,93.28850574712644
2025-07-20 08:00:00+01:00,69.68333333333334,300.07070439987945,250.87586206896552
2025-07-20 09:00:00+01:00,97.43333333333334,235.94269095958265,410.7862068965517
2025-07-20 10:00:00+01:00,167.61666666666667,184.82177458500644,621.0402298850574
2025-07-20 11:00:00+01:00,72.03333333333333,174.5370931842041,689.4379310344827
2025-07-20 12:00:00+01:00,72.2,151.8502959765519,734.5045977011494
2025-07-20 13:00:00+01:00,101.11666666666666,169.99973374267364,402.0310344827586
2025-07-20 14:00:00+01:00,147.41666666666666,160.32003360074205,636.4448275862069
2025-07-20 15:00:00+01:00,113.88333333333334,124.92862995680467,672.3988505747127
2025-07-20 16:00:00+01:00,110.6,119.78628925640352,120.82758620689656
2025-07-20 17:00:00+01:00,77.71666666666667,107.38417344955363,215.7344827586207
2025-07-20 18:00:00+01:00,93.91666666666667,124.92862995680467,71.2103448275862
2025-07-20 19:00:00+01:00,100.58333333333333,153.66523975316406,13.657471264367816
2025-07-20 20:00:00+01:00,102.5,149.12788031163365,21.156321839080462
2025-07-20 21:00:00+01:00,93.83333333333333,156.38765541808235,5.866666666666666
2025-07-20 22:00:00+01:00,66.23333333333333,160.01754297130668,0.0
2025-07-20 23:00:00+01:00,67.9,139.14568954026672,0.0
2025-07-21 00:00:00+01:00,71.08333333333333,76.53012924714668,0.0
2025-07-21 01:00:00+01:00,71.11666666666666,32.66898797901914,0.0
2025-07-21 02:00:00+01:00,72.05,32.711011702151595,0.0
2025-07-21 03:00:00+01:00,78.91666666666667,34.86635259809016,0.0
2025-07-21 04:00:00+01:00,71.26666666666667,37.66604323962303,0.0
2025-07-21 05:00:00+01:00,70.98333333333333,54.102134835094894,1.0022988505747126
2025-07-21 06:00:00+01:00,71.96666666666667,102.72557247169912,30.22413793103448
2025-07-21 07:00:00+01:00,71.05,232.1597937860401,88.88275862068966
2025-07-21 08:00:00+01:00,67.61666666666666,293.1103001192483,118.45747126436781
2025-07-21 09:00:00+01:00,117.65,253.04732685528563,289.60574712643677
2025-07-21 10:00:00+01:00,103.88333333333334,206.4784006681153,392.6172413793103
2025-07-21 11:00:00+01:00,76.36666666666666,205.10872636849265,720.6137931034483
2025-07-21 12:00:00+01:00,74.68333333333334,169.15477600339793,739.8080459770115
2025-07-21 13:00:00+01:00,106.38333333333334,164.018497379813,769.2298850574713
2025-07-21 14:00:00+01:00,207.9,151.34901010830345,652.4586206896552
2025-07-21 15:00:00+01:00,86.15,133.5432442132089,552.351724137931
2025-07-21 16:00:00+01:00,112.46666666666667,126.69487271509561,459.10114942528736
2025-07-21 17:00:00+01:00,115.56666666666666,121.55859409151067,295.82528735632184
2025-07-21 18:00:00+01:00,113.91666666666667,134.91291851283154,221.27816091954026
2025-07-21 19:00:00+01:00,84.61666666666666,144.50063861019015,89.83563218390805
2025-07-21 20:00:00+01:00,89.58333333333333,159.56705590603937,44.20919540229885
2025-07-21 21:00:00+01:00,148.71666666666667,178.0576589509452,3.281609195402299
2025-07-21 22:00:00+01:00,76.51666666666667,179.76975182547352,0.0
2025-07-21 23:00:00+01:00,71.35,151.69142868320912,0.0
2025-07-22 00:00:00+01:00,73.75,103.06799104660482,0.0
2025-07-22 01:00:00+01:00,70.1,52.73246053547223,0.0
2025-07-22 02:00:00+01:00,70.28333333333333,32.61439908653724,0.0
2025-07-22 03:00:00+01:00,76.96666666666667,33.13215314944691,0.0
2025-07-22 04:00:00+01:00,71.33333333333333,35.705770389611686,0.0
2025-07-22 05:00:00+01:00,72.23333333333333,51.2864701959877,4.53103448275862
2025-07-22 06:00:00+01:00,66.88333333333334,97.37937378985006,37.00919540229885
2025-07-22 07:00:00+01:00,69.71666666666667,220.0773847650611,97.94022988505748
2025-07-22 08:00:00+01:00,71.25,277.8558132137054,200.4367816091954
2025-07-22 09:00:00+01:00,130.91666666666666,239.8778574356639,301.0379310344827
2025-07-22 10:00:00+01:00,137.88333333333333,195.7325413175986,349.17931034482757
2025-07-22 11:00:00+01:00,71.33333333333333,194.4341496670673,306.28850574712646
2025-07-22 12:00:00+01:00,71.66666666666667,160.35136884061976,513.2206896551724
2025-07-22 13:00:00+01:00,103.15,155.48240015112728,483.683908045977
2025-07-22 14:00:00+01:00,166.08333333333334,143.47227738371242,554.616091954023
2025-07-22 15:00:00+01:00,112.96666666666667,126.59318592680505,474.8103448275862
2025-07-22 16:00:00+01:00,112.86666666666666,120.10122767414838,616.2747126436782
2025-07-22 17:00:00+01:00,106.96666666666667,115.23225898465589,445.57471264367814
2025-07-22 18:00:00+01:00,113.3,127.8915775773364,236.23333333333332
2025-07-22 19:00:00+01:00,87.58333333333333,136.98031913105575,68.90689655172415
2025-07-22 20:00:00+01:00,74.71666666666667,151.26262728690043,21.06206896551724
2025-07-22 21:00:00+01:00,94.68333333333334,168.7909145690734,3.4609195402298853
2025-07-22 22:00:00+01:00,71.46666666666667,170.41390413223755,0.0
2025-07-22 23:00:00+01:00,72.0,143.79687529634523,0.0
2025-07-23 00:00:00+01:00,75.15,97.70397170248287,0.0
2025-07-23 01:00:00+01:00,71.7,49.98807854545636,0.0
2025-07-23 02:00:00+01:00,69.16666666666667,9.72155162073255,0.0
2025-07-23 03:00:00+01:00,72.9,9.629453275466098,0.0
2025-07-23 04:00:00+01:00,70.01666666666667,8.70278705623175,0.0
2025-07-23 05:00:00+01:00,70.48333333333333,16.95927734034905,2.8448275862068964
2025-07-23 06:00:00+01:00,73.8,42.844490122987075,24.67816091954023
2025-07-23 07:00:00+01:00,70.75,136.12051549490687,77.90459770114943
2025-07-23 08:00:00+01:00,70.9,221.36319896876654,253.74022988505746
2025-07-23 09:00:00+01:00,135.7,174.05574112463498,448.98735632183906
2025-07-23 10:00:00+01:00,229.11666666666667,136.34366388096407,602.9494252873562
2025-07-23 11:00:00+01:00,309.6,128.75661875501845,717.0
2025-07-23 12:00:00+01:00,75.08333333333333,112.02048980072662,772.2689655172414
2025-07-23 13:00:00+01:00,91.95,125.40939296416009,786.0712643678161
2025-07-23 14:00:00+01:00,109.7,118.2686446103289,757.5563218390804
2025-07-23 15:00:00+01:00,152.78333333333333,92.16028344163367,690.7275862068965
2025-07-23 16:00:00+01:00,112.38333333333334,88.36676087866086,574.8735632183908
2025-07-23 17:00:00+01:00,117.98333333333333,79.21767705031465,420.5965517241379
2025-07-23 18:00:00+01:00,115.93333333333334,92.16028344163367,231.57471264367817
2025-07-23 19:00:00+01:00,77.86666666666666,113.35938011706996,67.59770114942529
2025-07-23 20:00:00+01:00,87.43333333333334,110.01215432621159,20.059770114942527
2025-07-23 21:00:00+01:00,107.1,115.367715591585,3.027586206896552
2025-07-23 22:00:00+01:00,81.06666666666666,118.0454962242717,0.0
2025-07-23 23:00:00+01:00,73.48333333333333,102.6482575863232,0.0
2025-07-24 00:00:00+01:00,73.15,56.45654167247776,0.0
2025-07-24 01:00:00+01:00,72.93333333333334,24.100025694180236,0.0
2025-07-24 02:00:00+01:00,67.63333333333334,8.005336047006576,0.0
2025-07-24 03:00:00+01:00,77.51666666666667,8.36982166935877,0.0
2025-07-24 04:00:00+01:00,76.03333333333333,7.582273038988033,0.0
2025-07-24 05:00:00+01:00,72.71666666666667,14.775711563156168,3.4011494252873566
2025-07-24 06:00:00+01:00,72.83333333333333,37.32811342271032,27.577011494252872
2025-07-24 07:00:00+01:00,73.4,118.59452702006924,97.42298850574713
2025-07-24 08:00:00+01:00,76.08333333333333,192.86191935066992,209.26781609195402
2025-07-24 09:00:00+01:00,146.48333333333332,151.64546077976067,423.60919540229884
2025-07-24 10:00:00+01:00,146.16666666666666,118.7889442774792,593.0448275862069
2025-07-24 11:00:00+01:00,74.58333333333333,112.17875752554089,705.3413793103448
2025-07-24 12:00:00+01:00,99.38333333333334,97.59746321979469,756.0425287356321
2025-07-24 13:00:00+01:00,114.33333333333333,109.26249866439167,777.1988505747127
2025-07-24 14:00:00+01:00,215.86666666666667,103.04114642727326,752.0563218390804
2025-07-24 15:00:00+01:00,117.41666666666667,80.29432731030919,688.8505747126437
2025-07-24 16:00:00+01:00,117.33333333333333,76.98923393434002,577.8333333333334
2025-07-24 17:00:00+01:00,115.5,69.0181263805321,416.7068965517241
2025-07-24 18:00:00+01:00,115.63333333333334,80.29432731030919,227.60114942528736
2025-07-24 19:00:00+01:00,91.43333333333334,98.76396676425436,69.1264367816092
2025-07-24 20:00:00+01:00,97.88333333333334,95.84770790310512,20.413793103448274
2025-07-24 21:00:00+01:00,97.6,100.51372208094394,2.6068965517241383
2025-07-24 22:00:00+01:00,74.2,102.84672916986332,0.0
2025-07-24 23:00:00+01:00,70.35,89.4319384085768,0.0
2025-07-25 00:00:00+01:00,68.9,49.187566124717236,0.0
2025-07-25 01:00:00+01:00,74.66666666666667,20.997063800274553,0.0
2025-07-25 02:00:00+01:00,75.31666666666666,7.548716081766659,0.0
2025-07-25 03:00:00+01:00,85.03333333333333,8.048591197269722,0.0
2025-07-25 04:00:00+01:00,74.26666666666667,7.297228423322545,0.0
2025-07-25 05:00:00+01:00,74.21666666666667,14.220240004423422,2.371264367816092
2025-07-25 06:00:00+01:00,74.21666666666667,35.92481685328023,30.00344827586207
2025-07-25 07:00:00+01:00,74.21666666666667,114.13613687760903,85.73793103448276
2025-07-25 08:00:00+01:00,75.15,185.6115537419478,234.5735632183908
2025-07-25 09:00:00+01:00,154.78333333333333,145.9445684664509,410.6425287356322
2025-07-25 10:00:00+01:00,158.66666666666666,114.32324529871987,561.8114942528736
2025-07-25 11:00:00+01:00,71.85,107.9615589809515,668.7471264367816
2025-07-25 12:00:00+01:00,73.4,93.92842739763891,728.2344827586206
2025-07-25 13:00:00+01:00,117.7,105.15493266428898,746.1620689655173
2025-07-25 14:00:00+01:00,116.96666666666667,99.16746318874227,682.7011494252873
2025-07-25 15:00:00+01:00,164.01666666666668,77.27577791877465,554.9689655172414
2025-07-25 16:00:00+01:00,119.35,74.09493475989046,430.6229885057471
2025-07-25 17:00:00+01:00,117.83333333333333,66.42348949434623,259.1977011494253
2025-07-25 18:00:00+01:00,117.4,77.27577791877465,133.5103448275862
2025-07-25 19:00:00+01:00,108.18333333333334,95.05107792430391,91.75862068965517
2025-07-25 20:00:00+01:00,89.28333333333333,92.2444516076414,39.21609195402299
2025-07-25 21:00:00+01:00,110.68333333333334,96.73505371430143,3.34367816091954
2025-07-25 22:00:00+01:00,86.75,98.98035476763145,0.0
2025-07-25 23:00:00+01:00,73.21666666666667,86.06987371098386,0.0
2025-07-26 00:00:00+01:00,75.8,47.33843054104112,0.0
2025-07-26 01:00:00+01:00,71.45,20.207709479970124,0.0
2025-07-26 02:00:00+01:00,75.58333333333333,7.692698019062191,0.0
2025-07-26 03:00:00+01:00,83.5,8.382552467734959,0.0
2025-07-26 04:00:00+01:00,75.33333333333333,7.608496179361489,0.0
2025-07-26 05:00:00+01:00,75.73333333333333,14.82681306747367,1.6873563218390804
2025-07-26 06:00:00+01:00,77.43333333333334,37.457211959933474,23.742528735632185
2025-07-26 07:00:00+01:00,74.18333333333334,119.00468383103865,78.76206896551724
2025-07-26 08:00:00+01:00,72.76666666666667,193.52892845965627,238.34712643678162
2025-07-26 09:00:00+01:00,157.65,152.1699235872298,447.3655172413793
2025-07-26 10:00:00+01:00,148.16666666666666,119.19977347666331,606.7965517241379
2025-07-26 11:00:00+01:00,77.06666666666666,112.5667255254251,582.5632183908045
2025-07-26 12:00:00+01:00,76.2,97.93500210357607,760.6632183908046
2025-07-26 13:00:00+01:00,562.25,109.64038084105529,766.1356321839081
2025-07-26 14:00:00+01:00,729.1333333333333,103.39751218106638,790.0747126436781
2025-07-26 15:00:00+01:00,173.2,80.5720236429819,719.8781609195402
2025-07-26 16:00:00+01:00,122.55,77.25549966736281,590.371264367816
2025-07-26 17:00:00+01:00,118.75,69.256824196752,382.00689655172414
2025-07-26 18:00:00+01:00,125.76666666666667,80.5720236429819,246.45862068965516
2025-07-26 19:00:00+01:00,113.88333333333334,99.105539977324,81.97126436781609
2025-07-26 20:00:00+01:00,119.03333333333333,96.17919529295419,26.28850574712644
2025-07-26 21:00:00+01:00,95.6,100.86134678794589,2.617241379310345
2025-07-26 22:00:00+01:00,100.4,103.20242253544173,0.0
2025-07-26 23:00:00+01:00,74.2,89.74123698734063,0.0
2025-07-27 00:00:00+01:00,72.18333333333334,49.357680343037345,0.0
2025-07-27 01:00:00+01:00,71.35,21.069681727462584,0.0
2025-07-27 02:00:00+01:00,75.7,8.223403501004608,0.0
2025-07-27 03:00:00+01:00,81.65,9.0587445059521,0.0
2025-07-27 04:00:00+01:00,75.68333333333334,8.22698492885833,0.0
2025-07-27 05:00:00+01:00,75.78333333333333,16.032073194698285,1.7689655172413794
2025-07-27 06:00:00+01:00,75.05,40.50207964976409,23.89080459770115
2025-07-27 07:00:00+01:00,74.93333333333334,128.67848222060465,76.3712643678161
2025-07-27 08:00:00+01:00,74.65,209.26074485711447,245.52183908045978
2025-07-27 09:00:00+01:00,145.95,164.5396985771666,442.980459770115
2025-07-27 10:00:00+01:00,147.75,128.88943055211382,608.2781609195403
2025-07-27 11:00:00+01:00,75.41666666666667,121.71718728080144,730.148275862069
2025-07-27 12:00:00+01:00,76.33333333333333,105.89606241761236,799.448275862069
2025-07-27 13:00:00+01:00,102.83333333333333,118.55296230816361,799.7620689655173
2025-07-27 14:00:00+01:00,119.93333333333334,111.80261569986962,791.6367816091954
2025-07-27 15:00:00+01:00,121.53333333333333,87.12166091329462,669.0344827586207
2025-07-27 16:00:00+01:00,183.6,83.53553927763843,570.8206896551725
2025-07-27 17:00:00+01:00,117.2,74.8866576857617,430.82528735632184
2025-07-27 18:00:00+01:00,117.46666666666667,87.12166091329462,235.3022988505747
2025-07-27 19:00:00+01:00,121.68333333333334,107.16175240666747,84.97816091954023
2025-07-27 20:00:00+01:00,124.46666666666667,103.99752743402965,34.67241379310345
2025-07-27 21:00:00+01:00,98.78333333333333,109.06028739025017,2.8241379310344827
2025-07-27 22:00:00+01:00,92.5,111.59166736836043,0.0
2025-07-27 23:00:00+01:00,80.61666666666666,97.03623249422647,0.0
2025-07-28 00:00:00+01:00,77.16666666666667,53.36992787182456,0.0
2025-07-28 01:00:00+01:00,76.43333333333334,22.7824198029923,0.0
2025-07-28 02:00:00+01:00,78.56666666666666,9.171684313818165,0.0
2025-07-28 03:00:00+01:00,87.76666666666667,10.226360313074819,0.0
2025-07-28 04:00:00+01:00,77.25,9.293126103965784,0.0
2025-07-28 05:00:00+01:00,78.03333333333333,18.109681638497428,1.1390804597701147
2025-07-28 06:00:00+01:00,77.9,45.75077466567771,23.89655172413793
2025-07-28 07:00:00+01:00,75.36666666666666,145.3540236774136,78.52298850574714
2025-07-28 08:00:00+01:00,77.16666666666667,236.37900243933484,242.0206896551724
2025-07-28 09:00:00+01:00,156.21666666666667,185.86252207931568,310.4034482758621
2025-07-28 10:00:00+01:00,159.4,145.59230896213066,445.3367816091954
2025-07-28 11:00:00+01:00,124.06666666666666,137.4906092817502,602.948275862069
2025-07-28 12:00:00+01:00,115.78333333333333,119.61921292796987,554.822988505747
2025-07-28 13:00:00+01:00,108.2,133.91633001099413,762.0770114942529
2025-07-28 14:00:00+01:00,118.23333333333333,126.29120090004787,716.1494252873563
2025-07-28 15:00:00+01:00,79.91666666666667,98.41182258815053,670.5724137931034
2025-07-28 16:00:00+01:00,79.08333333333333,94.36097274796029,465.1425287356322
2025-07-28 17:00:00+01:00,157.7,84.59127607456035,247.09310344827588
2025-07-28 18:00:00+01:00,117.48333333333333,98.41182258815053,200.88735632183906
2025-07-28 19:00:00+01:00,118.33333333333333,121.04892463627229,90.01149425287356
2025-07-28 20:00:00+01:00,86.86666666666666,117.47464536551621,27.683908045977013
2025-07-28 21:00:00+01:00,101.86666666666666,123.19349219872592,2.126436781609195
2025-07-28 22:00:00+01:00,76.8,126.0529156153308,0.0
2025-07-28 23:00:00+01:00,71.4,109.61123096985284,0.0
2025-07-29 00:00:00+01:00,70.85,60.286177033419065,0.0
2025-07-29 01:00:00+01:00,74.38333333333334,25.73481074944372,0.0
2025-07-29 02:00:00+01:00,77.98333333333333,11.413870808393192,0.0
2025-07-29 03:00:00+01:00,85.25,13.258042943771947,0.0
2025-07-29 04:00:00+01:00,77.6,12.074183024726691,0.0
2025-07-29 05:00:00+01:00,76.85,23.529177176390476,0.29540229885057473
2025-07-29 06:00:00+01:00,77.01666666666667,59.442131814039094,5.951724137931035
2025-07-29 07:00:00+01:00,76.96666666666667,188.85260628418672,24.687356321839083
2025-07-29 08:00:00+01:00,76.4,307.117681039202,46.94942528735632
2025-07-29 09:00:00+01:00,111.8,241.48366049453378,148.15632183908048
2025-07-29 10:00:00+01:00,169.83333333333334,189.16220072071818,214.22298850574714
2025-07-29 11:00:00+01:00,74.8,178.63598987864876,93.67241379310344
2025-07-29 12:00:00+01:00,163.33333333333334,155.41640713878976,158.96436781609196
2025-07-29 13:00:00+01:00,71.63333333333334,173.9920733306769,242.8448275862069
2025-07-29 14:00:00+01:00,104.98333333333333,164.08505136167042,216.48045977011495
2025-07-29 15:00:00+01:00,176.01666666666668,127.86250228749039,141.94252873563218
2025-07-29 16:00:00+01:00,118.08333333333333,122.59939686645566,139.10574712643677
2025-07-29 17:00:00+01:00,120.66666666666667,109.90602496866605,183.58620689655172
2025-07-29 18:00:00+01:00,77.36666666666666,127.86250228749039,109.43103448275862
2025-07-29 19:00:00+01:00,106.0,157.27397375797844,26.23448275862069
2025-07-29 20:00:00+01:00,81.06666666666666,152.63005721000664,8.875862068965517
2025-07-29 21:00:00+01:00,105.93333333333334,160.06032368676154,2.454022988505747
2025-07-29 22:00:00+01:00,88.2,163.77545692513897,0.0
2025-07-29 23:00:00+01:00,77.03333333333333,142.41344080446865,0.0
2025-07-30 00:00:00+01:00,77.45,78.32739244245778,0.0
2025-07-30 01:00:00+01:00,76.16666666666667,33.43619914539699,0.0
2025-07-30 02:00:00+01:00,70.66666666666667,9.88709015356036,0.0
2025-07-30 03:00:00+01:00,77.76666666666667,9.93209397680186,0.0
2025-07-30 04:00:00+01:00,73.18333333333334,8.980766680713142,0.0
2025-07-30 05:00:00+01:00,75.73333333333333,17.500981223953815,0.3218390804597701
2025-07-30 06:00:00+01:00,75.43333333333334,44.213005197357006,20.46551724137931
2025-07-30 07:00:00+01:00,75.58333333333333,140.46840192910298,78.87471264367815
2025-07-30 08:00:00+01:00,134.76666666666668,228.43386018634453,244.1494252873563
2025-07-30 09:00:00+01:00,143.28333333333333,179.61533361426285,431.6425287356322
2025-07-30 10:00:00+01:00,76.18333333333334,140.6986779978392,594.5425287356321
2025-07-30 11:00:00+01:00,75.46666666666667,132.86929166080728,693.2724137931035
2025-07-30 12:00:00+01:00,76.43333333333334,115.59858650558967,542.0471264367816
2025-07-30 13:00:00+01:00,95.58333333333333,129.41515062976373,510.548275862069
2025-07-30 14:00:00+01:00,120.01666666666667,122.04631643020424,673.4689655172414
2025-07-30 15:00:00+01:00,116.66666666666667,95.10401638806482,720.2862068965517
2025-07-30 16:00:00+01:00,91.9,91.18932321954884,523.3333333333334
2025-07-30 17:00:00+01:00,72.01666666666667,81.7480044013632,413.22873563218394
2025-07-30 18:00:00+01:00,77.03333333333333,95.10401638806482,181.89310344827587
2025-07-30 19:00:00+01:00,84.13333333333334,116.98024291800706,83.21264367816092
2025-07-30 20:00:00+01:00,95.85,113.52610188696357,21.19655172413793
2025-07-30 21:00:00+01:00,95.55,119.05272753663323,1.5850574712643677
2025-07-30 22:00:00+01:00,84.43333333333334,121.81604036146801,0.0
2025-07-30 23:00:00+01:00,76.85,105.92699161866784,0.0
2025-07-31 00:00:00+01:00,75.08333333333333,58.2598453902673,0.0
2025-07-31 01:00:00+01:00,76.11666666666666,24.86981542351332,0.0
2025-07-31 02:00:00+01:00,75.6,11.205175574699119,0.0
2025-07-31 03:00:00+01:00,84.56666666666666,13.137965794338227,0.0
2025-07-31 04:00:00+01:00,77.75,11.971293512959784,0.0
2025-07-31 05:00:00+01:00,68.88333333333334,23.32867453807548,0.8195402298850574
2025-07-31 06:00:00+01:00,67.85,58.935598833032785,15.339080459770114
2025-07-31 07:00:00+01:00,73.78333333333333,187.24330879244792,68.79885057471265
2025-07-31 08:00:00+01:00,73.8,304.5005939706694,182.7287356321839
2025-07-31 09:00:00+01:00,143.4,239.42587025919568,161.71609195402297
2025-07-31 10:00:00+01:00,119.98333333333333,187.55026503636998,530.6908045977011
2025-07-31 11:00:00+01:00,74.36666666666666,177.1137527430204,551.8149425287356
2025-07-31 12:00:00+01:00,76.06666666666666,154.092034448867,601.9597701149426
2025-07-31 13:00:00+01:00,81.9,172.5094090841897,417.21839080459773
2025-07-31 14:00:00+01:00,151.86666666666667,162.68680927868425,532.0218390804598
2025-07-31 15:00:00+01:00,116.55,126.77292873980493,211.42758620689656
2025-07-31 16:00:00+01:00,116.28333333333333,121.55467259313014,560.6597701149425
2025-07-31 17:00:00+01:00,113.3,108.96946659232624,250.5080459770115
2025-07-31 18:00:00+01:00,117.58333333333333,126.77292873980493,215.00919540229884
2025-07-31 19:00:00+01:00,116.15,155.93377191239927,86.6367816091954
2025-07-31 20:00:00+01:00,86.38333333333334,151.32942825356858,22.335632183908046
2025-07-31 21:00:00+01:00,105.15,158.69637810769765,1.149425287356322
2025-07-31 22:00:00+01:00,87.15,162.37985303476222,0.0
2025-07-31 23:00:00+01:00,75.61666666666666,141.19987220414103,0.0
2025-08-01 00:00:00+01:00,76.45,77.65992971227757,0.0
2025-08-01 01:00:00+01:00,75.83333333333333,33.15127434358095,0.0
2025-08-01 02:00:00+01:00,74.26666666666667,34.84727644175702,0.0
2025-08-01 03:00:00+01:00,78.81666666666666,37.86668013380184,0.0
2025-08-01 04:00:00+01:00,67.23333333333333,40.948132734163586,0.0
2025-08-01 05:00:00+01:00,72.65,58.816408836344074,0.3839080459770115
2025-08-01 06:00:00+01:00,76.41666666666667,111.67672563862797,22.45747126436782
2025-08-01 07:00:00+01:00,77.36666666666666,252.38939994329922,95.5712643678161
2025-08-01 08:00:00+01:00,73.76666666666667,318.6509238222185,239.32413793103447
2025-08-01 09:00:00+01:00,154.11666666666667,275.09700082315356,438.17931034482757
2025-08-01 10:00:00+01:00,134.01666666666668,224.47021853364222,390.60689655172416
2025-08-01 11:00:00+01:00,77.1,222.98119552512722,381.0988505747126
2025-08-01 12:00:00+01:00,79.1,183.89434155160743,396.14597701149427
2025-08-01 13:00:00+01:00,321.46666666666664,178.310505269676,308.048275862069
2025-08-01 14:00:00+01:00,188.3,164.5370424409119,306.08965517241376
2025-08-01 15:00:00+01:00,153.66666666666666,145.17974333021638,344.283908045977
2025-08-01 16:00:00+01:00,116.15,137.7346282876412,197.72183908045977
2025-08-01 17:00:00+01:00,113.11666666666666,132.15079200570975,101.23793103448276
2025-08-01 18:00:00+01:00,124.75,146.66876633873142,111.76896551724138
2025-08-01 19:00:00+01:00,95.93333333333334,157.09192739833668,76.75402298850575
2025-08-01 20:00:00+01:00,95.75,173.47118049200213,18.888505747126437
2025-08-01 21:00:00+01:00,98.43333333333334,193.57299110695516,0.9678160919540229
2025-08-01 22:00:00+01:00,77.65,195.434269867599,0.0
2025-08-01 23:00:00+01:00,79.1,164.90929819304063,0.0
2025-08-02 00:00:00+01:00,76.48333333333333,112.04898139075674,0.0
2025-08-02 01:00:00+01:00,70.4,57.327385827829026,0.0
2025-08-02 02:00:00+01:00,68.58333333333333,37.252206525812305,0.0
2025-08-02 03:00:00+01:00,83.6,38.534807529280165,0.0
2025-08-02 04:00:00+01:00,75.85,41.56546660715769,0.0
2025-08-02 05:00:00+01:00,74.6,59.70312476300832,0.5206896551724137
2025-08-02 06:00:00+01:00,75.88333333333334,113.3603634740664,23.114942528735632
2025-08-02 07:00:00+01:00,74.38333333333334,256.1944214513901,85.33563218390805
2025-08-02 08:00:00+01:00,77.06666666666666,323.4549037793362,238.2206896551724
2025-08-02 09:00:00+01:00,215.78333333333333,279.2443620244503,435.91034482758624
2025-08-02 10:00:00+01:00,76.96666666666667,227.8543305828735,487.05172413793105
2025-08-02 11:00:00+01:00,75.16666666666667,226.34285906988595,419.47011494252877
2025-08-02 12:00:00+01:00,74.16666666666667,186.6667318539627,449.3793103448276
2025-08-02 13:00:00+01:00,71.1,180.99871368025939,546.2724137931034
2025-08-02 14:00:00+01:00,167.33333333333334,167.01760218512453,564.6908045977012
2025-08-02 15:00:00+01:00,117.75,147.36847251628635,705.080459770115
2025-08-02 16:00:00+01:00,118.36666666666666,139.81111495134857,429.5080459770115
2025-08-02 17:00:00+01:00,117.08333333333333,134.14309677764524,234.6574712643678
2025-08-02 18:00:00+01:00,118.88333333333334,148.8799440292739,110.72528735632184
2025-08-02 19:00:00+01:00,111.05,159.46024462018678,98.04942528735633
2025-08-02 20:00:00+01:00,83.75,176.08643126304986,12.604597701149427
2025-08-02 21:00:00+01:00,104.01666666666667,196.4912966883818,0.2574712643678161
2025-08-02 22:00:00+01:00,93.05,198.38063607961624,0.0
2025-08-02 23:00:00+01:00,76.8,167.39547006337142,0.0
2025-08-03 00:00:00+01:00,74.53333333333333,113.73823135231328,0.0
2025-08-03 01:00:00+01:00,69.93333333333334,58.191653250020764,0.0
2025-08-03 02:00:00+01:00,68.31666666666666,38.59295798643815,0.0
2025-08-03 03:00:00+01:00,81.5,40.2271633984035,0.0
2025-08-03 04:00:00+01:00,77.68333333333334,43.40755649592013,0.0
2025-08-03 05:00:00+01:00,73.78333333333333,62.34903569413983,0.35747126436781607
2025-08-03 06:00:00+01:00,70.36666666666666,118.3842449888731,11.60574712643678
2025-08-03 07:00:00+01:00,72.88333333333334,267.5483936748532,38.183908045977006
2025-08-03 08:00:00+01:00,73.4,337.7897123682512,80.72528735632184
2025-08-03 09:00:00+01:00,215.43333333333334,291.6198568225907,285.72643678160915
2025-08-03 10:00:00+01:00,79.86666666666666,237.9523324276349,426.81149425287356
2025-08-03 11:00:00+01:00,73.3,236.37387582778328,468.62528735632185
2025-08-03 12:00:00+01:00,71.9,194.93939008167766,592.4057471264368
2025-08-03 13:00:00+01:00,76.88333333333334,189.02017783223403,296.1448275862069
2025-08-03 14:00:00+01:00,121.15,174.41945428360637,404.7448275862069
2025-08-03 15:00:00+01:00,118.9,153.89951848553503,564.5597701149425
2025-08-03 16:00:00+01:00,196.08333333333334,146.00723548627678,430.28620689655173
2025-08-03 17:00:00+01:00,120.61666666666666,140.08802323683315,315.0195402298851
2025-08-03 18:00:00+01:00,117.95,155.47797508538665,213.51149425287355
2025-08-03 19:00:00+01:00,118.11666666666666,166.52717128434813,66.75287356321839
2025-08-03 20:00:00+01:00,77.56666666666666,183.89019388271618,12.23103448275862
2025-08-03 21:00:00+01:00,105.48333333333333,205.1993579807133,1.0195402298850573
2025-08-03 22:00:00+01:00,158.03333333333333,207.17242873052788,0.0
2025-08-03 23:00:00+01:00,90.28333333333333,174.81406843356925,0.0
2025-08-04 00:00:00+01:00,69.48333333333333,118.77885913883598,0.0
2025-08-04 01:00:00+01:00,69.83333333333333,60.77057909428818,0.0
2025-08-04 02:00:00+01:00,73.28333333333333,36.0251508857156,0.0
2025-08-04 03:00:00+01:00,83.48333333333333,36.041440760413316,0.0
2025-08-04 04:00:00+01:00,73.81666666666666,38.81188863141644,0.0
2025-08-04 05:00:00+01:00,76.95,55.747985488761806,0.0
2025-08-04 06:00:00+01:00,75.6,105.85060535840847,12.74367816091954
2025-08-04 07:00:00+01:00,73.26666666666667,239.22236811000312,41.74712643678161
2025-08-04 08:00:00+01:00,72.93333333333334,302.02706062265884,104.43793103448276
2025-08-04 09:00:00+01:00,72.7,260.74532453287947,164.56781609195403
2025-08-04 10:00:00+01:00,218.81666666666666,212.759716770401,304.8586206896552
2025-08-04 11:00:00+01:00,381.96666666666664,211.34837536562225,394.28735632183907
2025-08-04 12:00:00+01:00,888.0166666666667,174.30066349017926,488.0793103448276
2025-08-04 13:00:00+01:00,81.13333333333334,169.00813322225883,645.7183908045977
2025-08-04 14:00:00+01:00,163.96666666666667,155.95322522805515,679.5666666666667
2025-08-04 15:00:00+01:00,114.38333333333334,137.605786965931,634.0172413793103
2025-08-04 16:00:00+01:00,115.81666666666666,130.5490799420371,572.7149425287356
2025-08-04 17:00:00+01:00,113.66666666666667,125.25654967411664,437.39885057471264
2025-08-04 18:00:00+01:00,109.21666666666667,139.0171283707098,230.35172413793103
2025-08-04 19:00:00+01:00,113.4,148.89651820416123,61.48390804597702
2025-08-04 20:00:00+01:00,86.28333333333333,164.4212736567278,19.66206896551724
2025-08-04 21:00:00+01:00,106.3,183.4743826212413,0.7459770114942529
2025-08-04 22:00:00+01:00,93.98333333333333,185.2385593772148,0.0
2025-08-04 23:00:00+01:00,74.5,156.30606057924982,0.0
2025-08-05 00:00:00+01:00,74.4,106.20344070960316,0.0
2025-08-05 01:00:00+01:00,72.76666666666667,54.33664408398301,0.0
2025-08-05 02:00:00+01:00,68.56666666666666,12.388466342038068,0.0
2025-08-05 03:00:00+01:00,78.06666666666666,12.724110947617508,0.0
2025-08-05 04:00:00+01:00,75.6,11.515026280539235,0.0
2025-08-05 05:00:00+01:00,74.23333333333333,22.439538392845687,0.0
2025-08-05 06:00:00+01:00,72.21666666666667,56.68936015034699,7.914942528735632
2025-08-05 07:00:00+01:00,72.78333333333333,180.10682131099827,29.771264367816094
2025-08-05 08:00:00+01:00,74.11666666666666,292.89502744345947,55.17701149425287
2025-08-05 09:00:00+01:00,232.86666666666667,230.30052561078466,170.64597701149427
2025-08-05 10:00:00+01:00,73.9,180.40207839511467,236.18735632183908
2025-08-05 11:00:00+01:00,72.35,170.3633375351574,431.25632183908044
2025-08-05 12:00:00+01:00,72.83333333333333,148.2190562264281,306.0885057471265
2025-08-05 13:00:00+01:00,415.96666666666664,165.93448127341154,224.30689655172415
2025-08-05 14:00:00+01:00,109.5,156.48625458168706,418.3586206896552
2025-08-05 15:00:00+01:00,173.76666666666668,121.94117574006935,410.3494252873563
2025-08-05 16:00:00+01:00,110.33333333333333,116.9218053100907,373.37471264367815
2025-08-05 17:00:00+01:00,114.18333333333334,104.81626486131866,265.0206896551724
2025-08-05 18:00:00+01:00,114.81666666666666,121.94117574006935,205.25977011494254
2025-08-05 19:00:00+01:00,108.86666666666666,149.99059873112645,71.70344827586206
2025-08-05 20:00:00+01:00,96.43333333333334,145.56174246938056,19.205747126436783
2025-08-05 21:00:00+01:00,109.91666666666667,152.64791248817394,0.8517241379310344
2025-08-05 22:00:00+01:00,91.6,156.19099749757066,0.0
2025-08-05 23:00:00+01:00,74.28333333333333,135.8182586935397,0.0
2025-08-06 00:00:00+01:00,75.38333333333334,74.70004228144684,0.0
2025-08-06 01:00:00+01:00,73.93333333333334,31.887765084570184,0.0
2025-08-06 02:00:00+01:00,68.25,12.33579365701862,0.0
2025-08-06 03:00:00+01:00,75.76666666666667,13.481523540881158,0.0
2025-08-06 04:00:00+01:00,76.08333333333333,12.237626277112655,0.0
2025-08-06 05:00:00+01:00,72.78333333333333,23.84768197591184,0.0
2025-08-06 06:00:00+01:00,72.68333333333334,60.24677551809307,17.904597701149427
2025-08-06 07:00:00+01:00,124.55,191.4090263856082,82.03333333333333
2025-08-06 08:00:00+01:00,157.01666666666668,311.27500684348087,80.38735632183908
2025-08-06 09:00:00+01:00,76.08333333333333,244.7525255422531,120.19195402298851
2025-08-06 10:00:00+01:00,98.08333333333333,191.72281167476496,195.2103448275862
2025-08-06 11:00:00+01:00,95.25,181.05411184343595,532.9402298850575
2025-08-06 12:00:00+01:00,74.03333333333333,157.52021515668085,647.8931034482758
2025-08-06 13:00:00+01:00,114.76666666666667,176.3473325060849,802.5057471264369
2025-08-06 14:00:00+01:00,109.88333333333334,166.3062032530694,756.7793103448275
2025-08-06 15:00:00+01:00,95.53333333333333,129.59332442173144,536.216091954023
2025-08-06 16:00:00+01:00,121.73333333333333,124.25897450606698,513.0264367816092
2025-08-06 17:00:00+01:00,112.06666666666666,111.39377765064083,302.79080459770114
2025-08-06 18:00:00+01:00,117.58333333333333,129.59332442173144,175.2103448275862
2025-08-06 19:00:00+01:00,95.53333333333333,159.40292689162126,59.17816091954023
2025-08-06 20:00:00+01:00,92.71666666666667,154.69614755427023,11.898850574712643
2025-08-06 21:00:00+01:00,93.93333333333334,162.22699449403189,0.6218390804597701
2025-08-06 22:00:00+01:00,72.81666666666666,165.9924179639127,0.0
2025-08-06 23:00:00+01:00,72.05,144.34123301209794,0.0
2025-08-07 00:00:00+01:00,66.06666666666666,79.38767815665389,0.0
2025-08-07 01:00:00+01:00,69.81666666666666,33.88881122892735,0.0
2025-08-07 02:00:00+01:00,77.9,12.7214947334191,0.0
2025-08-07 03:00:00+01:00,80.65,13.744372358512516,0.0
2025-08-07 04:00:00+01:00,73.1,12.46896237998542,0.0
2025-08-07 05:00:00+01:00,71.93333333333334,24.29849079176646,0.0
2025-08-07 06:00:00+01:00,71.96666666666667,61.38566094762052,11.637931034482758
2025-08-07 07:00:00+01:00,73.01666666666667,195.0273603023361,51.02413793103448
2025-08-07 08:00:00+01:00,75.41666666666667,317.1592482293728,127.28505747126437
2025-08-07 09:00:00+01:00,140.15,249.3792475997084,193.1264367816092
2025-08-07 10:00:00+01:00,147.56666666666666,195.34707728643826,380.4390804597701
2025-08-07 11:00:00+01:00,68.73333333333333,184.4766998269638,613.6839080459771
2025-08-07 12:00:00+01:00,72.71666666666667,160.4979260192995,676.9080459770115
2025-08-07 13:00:00+01:00,74.18333333333334,179.68094506543093,589.8919540229886
2025-08-07 14:00:00+01:00,106.85,169.45000157416084,437.0413793103448
2025-08-07 15:00:00+01:00,172.95,132.0431144342046,495.6850574712644
2025-08-07 16:00:00+01:00,116.35,126.60792570446736,378.19425287356324
2025-08-07 17:00:00+01:00,117.88333333333334,113.49952935627753,244.31494252873563
2025-08-07 18:00:00+01:00,115.91666666666667,132.0431144342046,197.8793103448276
2025-08-07 19:00:00+01:00,110.7,162.41622792391266,83.27011494252874
2025-08-07 20:00:00+01:00,90.31666666666666,157.6204731623798,15.714942528735632
2025-08-07 21:00:00+01:00,91.63333333333334,165.2936807808324,1.042528735632184
2025-08-07 22:00:00+01:00,74.86666666666666,169.1302845900587,0.0
2025-08-07 23:00:00+01:00,74.08333333333333,147.06981268700753,0.0
2025-08-08 00:00:00+01:00,71.13333333333334,80.88839697785413,0.0
2025-08-08 01:00:00+01:00,73.71666666666667,34.529434283036544,0.0
2025-08-08 02:00:00+01:00,76.41666666666667,33.42590169684734,0.0
2025-08-08 03:00:00+01:00,81.1,35.1563563740992,0.0
2025-08-08 04:00:00+01:00,74.08333333333333,37.95324978307479,0.0
2025-08-08 05:00:00+01:00,72.6,54.5146678702347,0.0
2025-08-08 06:00:00+01:00,71.96666666666667,103.50886304474943,18.50689655172414
2025-08-08 07:00:00+01:00,69.85,233.9300304811337,71.62068965517241
2025-08-08 08:00:00+01:00,72.03333333333333,295.34528922101833,245.42528735632183
2025-08-08 09:00:00+01:00,224.96666666666667,254.97683263356612,467.451724137931
2025-08-08 10:00:00+01:00,73.9,208.05281471994638,650.4850574712643
2025-08-08 11:00:00+01:00,70.91666666666667,206.6726965460164,773.8609195402299
2025-08-08 12:00:00+01:00,74.16666666666667,170.44459448035406,695.0149425287357
2025-08-08 13:00:00+01:00,538.7166666666667,165.2691513281166,539.8701149425287
2025-08-08 14:00:00+01:00,244.3,152.5030582192642,585.9609195402298
2025-08-08 15:00:00+01:00,242.58333333333334,134.56152195817424,670.8873563218391
2025-08-08 16:00:00+01:00,116.45,127.66093108852432,506.58620689655174
2025-08-08 17:00:00+01:00,108.41666666666667,122.48548793628682,360.75747126436784
2025-08-08 18:00:00+01:00,106.31666666666666,135.94164013210425,191.03563218390804
2025-08-08 19:00:00+01:00,105.61666666666666,145.60246734961422,60.34827586206897
2025-08-08 20:00:00+01:00,83.61666666666666,160.78376726284415,14.464367816091954
2025-08-08 21:00:00+01:00,96.03333333333333,179.41536261089902,0.8287356321839081
2025-08-08 22:00:00+01:00,75.96666666666667,181.14051032831154,0.0
2025-08-08 23:00:00+01:00,73.91666666666667,152.84808776274667,0.0
2025-08-09 00:00:00+01:00,73.48333333333333,103.85389258823191,0.0
2025-08-09 01:00:00+01:00,70.85,53.1345496963047,0.0
2025-08-09 02:00:00+01:00,73.56666666666666,34.90197531722718,0.0
2025-08-09 03:00:00+01:00,87.96666666666667,36.24973625580292,0.0
2025-08-09 04:00:00+01:00,75.08333333333333,39.108622862003294,0.0
2025-08-09 05:00:00+01:00,72.35,56.174203747241116,0.12068965517241378
2025-08-09 06:00:00+01:00,67.63333333333334,106.65988053273628,20.671264367816093
2025-08-09 07:00:00+01:00,76.53333333333333,241.051330003984,100.32758620689656
2025-08-09 08:00:00+01:00,72.56666666666666,304.3361924534075,187.44597701149425
2025-08-09 09:00:00+01:00,234.53333333333333,262.7388390456403,288.51724137931035
2025-08-09 10:00:00+01:00,73.43333333333334,214.3863598707999,338.7022988505747
2025-08-09 11:00:00+01:00,73.15,212.9642281303634,480.6896551724138
2025-08-09 12:00:00+01:00,74.03333333333333,175.63326994390573,367.6287356321839
2025-08-09 13:00:00+01:00,103.0,170.30027591726892,389.6850574712644
2025-08-09 14:00:00+01:00,113.05,157.14555731823145,258.26206896551724
2025-08-09 15:00:00+01:00,175.18333333333334,138.65784469255715,78.816091954023
2025-08-09 16:00:00+01:00,119.5,131.54718599037474,70.4448275862069
2025-08-09 17:00:00+01:00,116.23333333333333,126.21419196373793,58.45057471264367
2025-08-09 18:00:00+01:00,110.03333333333333,140.07997643299365,68.34252873563219
2025-08-09 19:00:00+01:00,96.13333333333334,150.03489861604905,51.801149425287356
2025-08-09 20:00:00+01:00,100.23333333333333,165.67834776085036,6.017241379310345
2025-08-09 21:00:00+01:00,72.08333333333333,184.87712625674288,0.0
2025-08-09 22:00:00+01:00,72.35,186.65479093228848,0.0
2025-08-09 23:00:00+01:00,73.58333333333333,157.50109025334058,0.0
2025-08-10 00:00:00+01:00,73.58333333333333,107.01541346784539,0.0
2025-08-10 01:00:00+01:00,73.13333333333334,54.752072006804624,0.0
2025-08-10 02:00:00+01:00,74.53333333333333,11.341533887881495,0.0
2025-08-10 03:00:00+01:00,81.41666666666667,11.323648137601367,0.0
2025-08-10 04:00:00+01:00,72.7,10.234982880624727,0.0
2025-08-10 05:00:00+01:00,67.78333333333333,19.945094844294342,0.0
2025-08-10 06:00:00+01:00,68.81666666666666,50.387608027690966,12.402298850574713
2025-08-10 07:00:00+01:00,72.8,160.08562967130987,64.06781609195403
2025-08-10 08:00:00+01:00,72.56666666666666,260.3359748097367,239.88850574712646
2025-08-10 09:00:00+01:00,142.05,204.69965761249458,471.11494252873564
2025-08-10 10:00:00+01:00,387.78333333333336,160.34806512978744,501.34597701149426
2025-08-10 11:00:00+01:00,74.96666666666667,151.42525954155047,640.3873563218391
2025-08-10 12:00:00+01:00,73.41666666666667,131.74260015573373,364.0241379310345
2025-08-10 13:00:00+01:00,128.66666666666666,147.4887276643871,541.1724137931035
2025-08-10 14:00:00+01:00,315.1333333333333,139.0907929931053,658.8597701149425
2025-08-10 15:00:00+01:00,120.7,108.38584435123111,545.3505747126436
2025-08-10 16:00:00+01:00,120.9,103.92444155711264,391.30574712643676
2025-08-10 17:00:00+01:00,173.4,93.1645877595328,269.97816091954024
2025-08-10 18:00:00+01:00,118.5,108.38584435123111,115.52298850574714
2025-08-10 19:00:00+01:00,97.61666666666666,133.31721290659902,55.68045977011494
2025-08-10 20:00:00+01:00,98.13333333333334,129.38068102943566,10.351724137931035
2025-08-10 21:00:00+01:00,157.1,135.67913203289706,0.36091954022988504
2025-08-10 22:00:00+01:00,83.98333333333333,138.82835753462774,0.0
2025-08-10 23:00:00+01:00,74.76666666666667,120.72031089967628,0.0
2025-08-11 00:00:00+01:00,73.2,66.39617099482196,0.0
2025-08-11 01:00:00+01:00,74.28333333333333,28.343029515576173,0.0
2025-08-11 02:00:00+01:00,73.05,24.918750327095555,0.0
2025-08-11 03:00:00+01:00,80.75,36.12256841875593,0.0
2025-08-11 04:00:00+01:00,73.56666666666666,39.13511216805456,0.0
2025-08-11 05:00:00+01:00,72.16666666666667,56.21225202320565,0.0
2025-08-11 06:00:00+01:00,74.46666666666667,106.73212409469426,15.674712643678161
2025-08-11 07:00:00+01:00,72.5,241.214600454009,79.75862068965517
2025-08-11 08:00:00+01:00,71.38333333333334,304.54232741686087,235.91264367816092
2025-08-11 09:00:00+01:00,122.2,262.9167990199301,457.4425287356322
2025-08-11 10:00:00+01:00,149.95,214.53156943033548,635.9758620689656
2025-08-11 11:00:00+01:00,72.55,213.10847444240622,546.5241379310344
2025-08-11 12:00:00+01:00,73.35,175.7522310092632,661.6919540229885
2025-08-11 13:00:00+01:00,99.95,170.41562480452848,571.4218390804598
2025-08-11 14:00:00+01:00,241.65,157.2519961661829,588.528735632184
2025-08-11 15:00:00+01:00,91.78333333333333,138.75176132310256,330.0931034482758
2025-08-11 16:00:00+01:00,71.96666666666667,131.63628638345622,162.44482758620688
2025-08-11 17:00:00+01:00,108.05,126.29968017872153,81.90689655172415
2025-08-11 18:00:00+01:00,168.06666666666666,140.1748563110318,61.785057471264366
2025-08-11 19:00:00+01:00,115.56666666666666,150.1365212265366,30.40919540229885
2025-08-11 20:00:00+01:00,86.43333333333334,165.79056609375843,10.295402298850576
2025-08-11 21:00:00+01:00,104.78333333333333,185.00234843080338,0.12183908045977011
2025-08-11 22:00:00+01:00,76.75,186.78121716571493,0.0
2025-08-11 23:00:00+01:00,75.23333333333333,157.60776991316516,0.0
2025-08-12 00:00:00+01:00,74.63333333333334,107.08789784167656,0.0
2025-08-12 01:00:00+01:00,76.75,54.78915703527638,0.0
2025-08-12 02:00:00+01:00,74.01666666666667,39.52624676041679,0.0
2025-08-12 03:00:00+01:00,81.11666666666666,42.5465883478463,0.0
2025-08-12 04:00:00+01:00,73.55,45.985649890421044,0.0
2025-08-12 05:00:00+01:00,75.36666666666666,66.05211529715022,0.0
2025-08-12 06:00:00+01:00,72.86666666666666,125.41540879205739,18.26551724137931
2025-08-12 07:00:00+01:00,73.03333333333333,283.43882387004976,77.17816091954023
2025-08-12 08:00:00+01:00,70.2,357.85196642000375,238.96551724137933
2025-08-12 09:00:00+01:00,189.53333333333333,308.93995699110144,457.23793103448276
2025-08-12 10:00:00+01:00,71.41666666666667,252.08497167203535,628.1724137931035
2025-08-12 11:00:00+01:00,68.38333333333334,250.4127662214746,530.9942528735633
2025-08-12 12:00:00+01:00,72.45,206.51737314425452,729.3183908045977
2025-08-12 13:00:00+01:00,93.85,200.24660270465165,327.5793103448276
2025-08-12 14:00:00+01:00,171.48333333333332,184.77870228696457,452.2137931034483
2025-08-12 15:00:00+01:00,504.8833333333333,163.0400314296746,248.48045977011495
2025-08-12 16:00:00+01:00,726.5666666666667,154.6790041768708,251.14137931034483
2025-08-12 17:00:00+01:00,115.63333333333334,148.40823373726792,264.17356321839077
2025-08-12 18:00:00+01:00,121.35,164.7122368802354,52.377011494252876
2025-08-12 19:00:00+01:00,108.8,176.41767503416077,19.344827586206897
2025-08-12 20:00:00+01:00,104.58333333333333,194.8119349903292,5.175862068965517
2025-08-12 21:00:00+01:00,102.96666666666667,217.3867085728995,0.0
2025-08-12 22:00:00+01:00,80.18333333333334,219.4769653861005,0.0
2025-08-12 23:00:00+01:00,74.25,185.19675364960474,0.0
2025-08-13 00:00:00+01:00,73.6,125.83346015469759,0.0
2025-08-13 01:00:00+01:00,73.28333333333333,64.37990984658948,0.0
2025-08-13 02:00:00+01:00,74.1,59.539414697989635,0.0
2025-08-13 03:00:00+01:00,80.75,70.2078565753325,0.0
2025-08-13 04:00:00+01:00,68.1,76.23515124574017,0.0
2025-08-13 05:00:00+01:00,67.68333333333334,109.50139906206319,0.0
2025-08-13 06:00:00+01:00,72.7,207.9140488520187,6.2218390804597705
2025-08-13 07:00:00+01:00,72.4,469.8857504055622,25.575862068965517
2025-08-13 08:00:00+01:00,73.78333333333333,593.2480860577599,160.37241379310345
2025-08-13 09:00:00+01:00,201.45,512.1616070054727,205.4597701149425
2025-08-13 10:00:00+01:00,75.81666666666666,417.9072381925575,240.44597701149425
2025-08-13 11:00:00+01:00,73.8,415.13505087453063,470.57471264367814
2025-08-13 12:00:00+01:00,226.03333333333333,342.3651337763241,698.5275862068964
2025-08-13 13:00:00+01:00,218.26666666666668,331.9694313337231,316.06896551724134
2025-08-13 14:00:00+01:00,249.73333333333332,306.32669864197425,636.4528735632183
2025-08-13 15:00:00+01:00,103.25,270.28826350762427,315.9919540229885
2025-08-13 16:00:00+01:00,103.28333333333333,256.42732691748967,359.4
2025-08-13 17:00:00+01:00,111.7,246.03162447488873,228.24827586206897
2025-08-13 18:00:00+01:00,111.05,273.0604508256512,52.670114942528734
2025-08-13 19:00:00+01:00,115.93333333333334,292.4657620518396,44.083908045977005
2025-08-13 20:00:00+01:00,110.51666666666667,322.95982255013564,4.2620689655172415
2025-08-13 21:00:00+01:00,97.6,360.3843513434991,0.0
2025-08-13 22:00:00+01:00,71.86666666666666,363.84958549103266,0.0
2025-08-13 23:00:00+01:00,67.0,307.0197454714809,0.0
2025-08-14 00:00:00+01:00,70.88333333333334,208.60709568152535,0.0
2025-08-14 01:00:00+01:00,70.85,106.72921174403625,0.0
2025-08-14 02:00:00+01:00,71.51666666666667,65.05273153174258,0.0
2025-08-14 03:00:00+01:00,78.1,65.71011842130233,0.0
2025-08-14 04:00:00+01:00,69.98333333333333,70.79388323727947,0.0
2025-08-14 05:00:00+01:00,69.41666666666667,101.68575955900145,0.0
2025-08-14 06:00:00+01:00,73.16666666666667,193.0742270107622,16.120689655172413
2025-08-14 07:00:00+01:00,70.23333333333333,436.3477530443226,75.45747126436781
2025-08-14 08:00:00+01:00,70.01666666666667,550.9051277373748,234.44022988505745
2025-08-14 09:00:00+01:00,176.63333333333333,475.6061792031775,460.96781609195403
2025-08-14 10:00:00+01:00,92.03333333333333,388.07919629163206,619.2954022988506
2025-08-14 11:00:00+01:00,64.8,385.504873264822,759.5724137931035
2025-08-14 12:00:00+01:00,67.78333333333333,317.92889381105516,804.3885057471265
2025-08-14 13:00:00+01:00,69.08333333333333,308.275182460517,812.1402298850575
2025-08-14 14:00:00+01:00,141.46666666666667,284.462694462523,733.5264367816092
2025-08-14 15:00:00+01:00,114.76666666666667,250.9964951139909,652.9735632183908
2025-08-14 16:00:00+01:00,112.8,238.1248799799401,478.7770114942529
2025-08-14 17:00:00+01:00,111.91666666666667,228.47116862940194,403.47241379310344
2025-08-14 18:00:00+01:00,138.61666666666667,253.570818140801,171.47241379310344
2025-08-14 19:00:00+01:00,89.8,271.5910793284722,82.08505747126438
2025-08-14 20:00:00+01:00,93.11666666666666,299.908632623384,10.14022988505747
2025-08-14 21:00:00+01:00,97.08333333333333,334.66199348532115,0.0
2025-08-14 22:00:00+01:00,72.61666666666666,337.8798972688339,0.0
2025-08-14 23:00:00+01:00,71.26666666666667,285.10627521922555,0.0
2025-08-15 00:00:00+01:00,67.08333333333333,193.71780776746476,0.0
2025-08-15 01:00:00+01:00,67.88333333333334,99.11143653219128,0.0
2025-08-15 02:00:00+01:00,72.96666666666667,58.55187896284661,0.0
2025-08-15 03:00:00+01:00,78.75,58.462457408669174,0.0
2025-08-15 04:00:00+01:00,74.36666666666666,62.94934749245711,0.0
2025-08-15 05:00:00+01:00,71.41666666666667,90.41815367098386,0.0
2025-08-15 06:00:00+01:00,71.15,171.68003861579209,3.6126436781609197
2025-08-15 07:00:00+01:00,71.36666666666666,387.9968872716901,22.624137931034486
2025-08-15 08:00:00+01:00,71.56666666666666,489.86037685039344,54.05862068965517
2025-08-15 09:00:00+01:00,153.41666666666666,422.90516179023444,162.92298850574713
2025-08-15 10:00:00+01:00,147.45,345.0768776177421,287.6735632183908
2025-08-15 11:00:00+01:00,70.71666666666667,342.78781043619824,297.6045977011494
2025-08-15 12:00:00+01:00,68.81666666666666,282.699796920671,293.70804597701147
2025-08-15 13:00:00+01:00,67.38333333333334,274.11579498988135,550.4505747126437
2025-08-15 14:00:00+01:00,121.08333333333333,252.9419235606004,532.3965517241379
2025-08-15 15:00:00+01:00,113.13333333333334,223.18405020052973,296.2149425287356
2025-08-15 16:00:00+01:00,84.68333333333334,211.73871429281024,104.30459770114943
2025-08-15 17:00:00+01:00,71.83333333333333,203.15471236202066,94.70689655172414
2025-08-15 18:00:00+01:00,176.9,225.4731173820736,141.87701149425286
2025-08-15 19:00:00+01:00,94.7,241.4965876528809,18.47701149425287
2025-08-15 20:00:00+01:00,99.63333333333334,266.67632664986377,12.126436781609195
2025-08-15 21:00:00+01:00,114.28333333333333,297.5787336007063,0.0
2025-08-15 22:00:00+01:00,85.38333333333334,300.44006757763617,0.0
2025-08-15 23:00:00+01:00,73.48333333333333,253.5141903559864,0.0
2025-08-16 00:00:00+01:00,71.08333333333333,172.2523054111781,0.0
2025-08-16 01:00:00+01:00,71.41666666666667,88.12908648943994,0.0
2025-08-16 02:00:00+01:00,70.28333333333333,48.4732192220102,0.0
2025-08-16 03:00:00+01:00,77.45,47.15708951571841,0.0
2025-08-16 04:00:00+01:00,72.11666666666666,50.71196861422231,0.0
2025-08-16 05:00:00+01:00,71.5,72.84082764588297,0.0
2025-08-16 06:00:00+01:00,68.05,138.30536894787903,11.641379310344828
2025-08-16 07:00:00+01:00,67.88333333333334,312.5701338222066,59.89195402298851
2025-08-16 08:00:00+01:00,64.7,394.6313193979482,178.60919540229887
2025-08-16 09:00:00+01:00,137.06666666666666,340.6922255082754,393.667816091954
2025-08-16 10:00:00+01:00,143.76666666666668,277.99379158523686,647.4747126436781
2025-08-16 11:00:00+01:00,69.95,276.1497199992652,633.0459770114942
2025-08-16 12:00:00+01:00,70.88333333333334,227.74284086750745,698.0597701149425
2025-08-16 13:00:00+01:00,95.13333333333334,220.82757242011357,747.8183908045977
2025-08-16 14:00:00+01:00,139.65,203.76991024987512,624.2620689655173
2025-08-16 15:00:00+01:00,109.93333333333334,179.79697963224277,512.1379310344828
2025-08-16 16:00:00+01:00,110.21666666666667,170.57662170238416,427.73333333333335
2025-08-16 17:00:00+01:00,111.36666666666666,163.66135325499016,252.1574712643678
2025-08-16 18:00:00+01:00,110.81666666666666,181.64105121821447,165.46666666666667
2025-08-16 19:00:00+01:00,105.68333333333334,194.5495523200165,44.49080459770115
2025-08-16 20:00:00+01:00,122.8,214.83433976570544,8.332183908045977
2025-08-16 21:00:00+01:00,103.5,239.72930617632366,0.0
2025-08-16 22:00:00+01:00,80.88333333333334,242.03439565878827,0.0
2025-08-16 23:00:00+01:00,72.93333333333334,204.23092814636803,0.0
2025-08-17 00:00:00+01:00,72.51666666666667,138.76638684437197,0.0
2025-08-17 01:00:00+01:00,72.46666666666667,70.99675605991125,0.0
2025-08-17 02:00:00+01:00,72.08333333333333,37.49330445394189,0.0
2025-08-17 03:00:00+01:00,79.73333333333333,36.017035997025665,0.0
2025-08-17 04:00:00+01:00,71.66666666666667,38.710237757490894,0.0
2025-08-17 05:00:00+01:00,64.71666666666667,55.601977869850565,0.0
2025-08-17 06:00:00+01:00,69.91666666666667,105.57337570224789,2.2333333333333334
2025-08-17 07:00:00+01:00,71.71666666666667,238.59582908708026,21.955172413793104
2025-08-17 08:00:00+01:00,71.45,301.2360320037473,68.2551724137931
2025-08-17 09:00:00+01:00,137.68333333333334,260.0624154798706,108.39540229885057
2025-08-17 10:00:00+01:00,147.2,212.20248516151827,268.0931034482758
2025-08-17 11:00:00+01:00,72.13333333333334,210.794840152155,335.78160919540227
2025-08-17 12:00:00+01:00,73.21666666666667,173.84415865636822,289.20344827586206
2025-08-17 13:00:00+01:00,393.8666666666667,168.5654898712558,422.50689655172414
2025-08-17 14:00:00+01:00,288.3,155.54477353464526,327.2597701149425
2025-08-17 15:00:00+01:00,146.18333333333334,137.24538841292227,127.74827586206897
2025-08-17 16:00:00+01:00,108.68333333333334,130.20716336610573,229.84827586206896
2025-08-17 17:00:00+01:00,112.91666666666667,124.92849458099334,139.88045977011495
2025-08-17 18:00:00+01:00,109.0,138.65303342228555,39.01609195402299
2025-08-17 19:00:00+01:00,110.38333333333334,148.50654848782872,13.832183908045977
2025-08-17 20:00:00+01:00,98.9,163.9906435908251,2.5689655172413794
2025-08-17 21:00:00+01:00,94.01666666666667,182.9938512172297,0.0
2025-08-17 22:00:00+01:00,72.95,184.75340747893384,0.0
2025-08-17 23:00:00+01:00,72.11666666666666,155.89668478698607,0.0
2025-08-18 00:00:00+01:00,69.06666666666666,105.92528695458871,0.0
2025-08-18 01:00:00+01:00,66.28333333333333,54.19433286048725,0.0
2025-08-18 02:00:00+01:00,72.7,39.19010682405669,0.0
2025-08-18 03:00:00+01:00,80.58333333333333,42.22560779369486,0.0
2025-08-18 04:00:00+01:00,69.53333333333333,45.641029788466,0.0
2025-08-18 05:00:00+01:00,71.3,65.5571155143421,0.0
2025-08-18 06:00:00+01:00,71.76666666666667,124.47553578672547,3.896551724137931
2025-08-18 07:00:00+01:00,71.25,281.3147108779996,35.48620689655172
2025-08-18 08:00:00+01:00,70.95,355.17019544479007,73.53793103448275
2025-08-18 09:00:00+01:00,128.8,306.6247364879671,76.97356321839081
2025-08-18 10:00:00+01:00,109.08333333333333,250.1958269313182,170.39540229885057
2025-08-18 11:00:00+01:00,69.23333333333333,248.53615312082857,160.8206896551724
2025-08-18 12:00:00+01:00,68.76666666666667,204.9697155954746,184.8425287356322
2025-08-18 13:00:00+01:00,105.63333333333334,198.74593880613833,81.9183908045977
2025-08-18 14:00:00+01:00,146.4,183.3939560591089,121.55862068965517
2025-08-18 15:00:00+01:00,147.91666666666666,161.81819652274314,178.56206896551723
2025-08-18 16:00:00+01:00,126.61666666666666,153.51982747029476,229.68505747126437
2025-08-18 17:00:00+01:00,112.75,147.29605068095847,126.17356321839081
2025-08-18 18:00:00+01:00,100.76666666666667,163.47787033323277,71.4632183908046
2025-08-18 19:00:00+01:00,109.51666666666667,175.0955870066605,44.42643678160919
2025-08-18 20:00:00+01:00,106.71666666666667,193.35199892204693,6.659770114942529
2025-08-18 21:00:00+01:00,98.96666666666667,215.75759536365752,0.0
2025-08-18 22:00:00+01:00,75.93333333333334,217.83218762676958,0.0
2025-08-18 23:00:00+01:00,72.18333333333334,183.8088745117313,0.0
2025-08-19 00:00:00+01:00,68.63333333333334,124.89045423934792,0.0
2025-08-19 01:00:00+01:00,69.03333333333333,63.89744170385242,0.0
2025-08-19 02:00:00+01:00,68.68333333333334,45.19891224556995,0.0
2025-08-19 03:00:00+01:00,70.8,48.265941928676654,0.0
2025-08-19 04:00:00+01:00,71.55,52.14561913478174,0.0
2025-08-19 05:00:00+01:00,70.68333333333334,74.90007112086833,0.0
2025-08-19 06:00:00+01:00,71.23333333333333,142.21532491304112,6.628735632183908
2025-08-19 07:00:00+01:00,71.6,321.4066343034729,51.26896551724138
2025-08-19 08:00:00+01:00,68.53333333333333,405.78772708521063,114.21494252873563
2025-08-19 09:00:00+01:00,153.58333333333334,350.3237503691246,226.01264367816094
2025-08-19 10:00:00+01:00,128.38333333333333,285.85280307521265,291.91034482758624
2025-08-19 11:00:00+01:00,68.68333333333334,283.9565987430388,123.14942528735632
2025-08-19 12:00:00+01:00,83.86666666666666,234.1812350234744,77.3735632183908
2025-08-19 13:00:00+01:00,86.95,227.0704687778223,125.94252873563218
2025-08-19 14:00:00+01:00,123.51666666666667,209.5305787052139,98.25977011494253
2025-08-19 15:00:00+01:00,113.68333333333334,184.87992238695344,120.11609195402299
2025-08-19 16:00:00+01:00,214.7,175.39890072608404,372.14712643678166
2025-08-19 17:00:00+01:00,115.91666666666667,168.28813448043198,318.13103448275865
2025-08-19 18:00:00+01:00,113.68333333333334,186.77612671912735,202.52643678160922
2025-08-19 19:00:00+01:00,101.98333333333333,200.0495570443445,56.99310344827586
2025-08-19 20:00:00+01:00,83.41666666666667,220.90780469825725,6.983908045977012
2025-08-19 21:00:00+01:00,94.53333333333333,246.50656318260462,0.0
2025-08-19 22:00:00+01:00,72.2,248.87681859782194,0.0
2025-08-19 23:00:00+01:00,73.08333333333333,210.0046297882574,0.0
2025-08-20 00:00:00+01:00,70.36666666666666,142.6893759960846,0.0
2025-08-20 01:00:00+01:00,69.03333333333333,73.00386678869444,0.0
2025-08-20 02:00:00+01:00,70.0,52.69938410608586,0.0
2025-08-20 03:00:00+01:00,77.61666666666666,56.687212490168534,0.0
2025-08-20 04:00:00+01:00,68.76666666666667,61.266135603714595,0.0
2025-08-20 05:00:00+01:00,68.23333333333333,88.00044932169916,0.0
2025-08-20 06:00:00+01:00,69.4,167.08946073740347,10.386206896551725
2025-08-20 07:00:00+01:00,68.88333333333334,377.6221812665318,65.26781609195402
2025-08-20 08:00:00+01:00,154.63333333333333,476.7619279707245,216.02643678160922
2025-08-20 09:00:00+01:00,144.4,411.5970382831371,434.9287356321839
2025-08-20 10:00:00+01:00,67.63333333333334,335.84981608218095,618.5712643678161
2025-08-20 11:00:00+01:00,67.48333333333333,333.6219566056822,659.3988505747127
2025-08-20 12:00:00+01:00,208.88333333333333,275.14064534759103,546.5298850574712
2025-08-20 13:00:00+01:00,378.75,266.7861723107209,461.64022988505747
2025-08-20 14:00:00+01:00,94.91666666666667,246.17847215310783,454.89310344827584
2025-08-20 15:00:00+01:00,158.13333333333333,217.2162989586245,443.44827586206895
2025-08-20 16:00:00+01:00,108.05,206.0770015761309,369.4459770114943
2025-08-20 17:00:00+01:00,95.2,197.72252853926074,233.13563218390803
2025-08-20 18:00:00+01:00,79.43333333333334,219.44415843512317,120.84252873563219
2025-08-20 19:00:00+01:00,101.21666666666667,235.0391747706142,56.194252873563215
2025-08-20 20:00:00+01:00,97.28333333333333,259.54562901210005,6.188505747126437
2025-08-20 21:00:00+01:00,91.55,289.6217319448327,0.0
2025-08-20 22:00:00+01:00,71.23333333333333,292.406556290456,0.0
2025-08-20 23:00:00+01:00,72.98333333333333,246.73543702223245,0.0
2025-08-21 00:00:00+01:00,71.05,167.64642560652814,0.0
2025-08-21 01:00:00+01:00,71.05,85.77258984520044,0.0
2025-08-21 02:00:00+01:00,70.95,54.14721134823118,0.0
2025-08-21 03:00:00+01:00,78.86666666666666,55.41409847212273,0.0
2025-08-21 04:00:00+01:00,65.48333333333333,59.740233492266235,0.0
2025-08-21 05:00:00+01:00,68.9,85.80869901616425,0.0
2025-08-21 06:00:00+01:00,71.31666666666666,162.9279095243625,10.673563218390804
2025-08-21 07:00:00+01:00,67.51666666666667,368.2170755250592,66.8735632183908
2025-08-21 08:00:00+01:00,68.7,464.887635176181,230.7344827586207
2025-08-21 09:00:00+01:00,189.28333333333333,401.3457504616796,439.39425287356323
2025-08-21 10:00:00+01:00,96.25,327.48509814396857,647.932183908046
2025-08-21 11:00:00+01:00,67.88333333333334,325.3127260169771,743.9229885057471
2025-08-21 12:00:00+01:00,68.98333333333333,268.2879576834502,719.1862068965517
2025-08-21 13:00:00+01:00,70.66666666666667,260.1415622072321,868.7678160919539
2025-08-21 14:00:00+01:00,83.05,240.04712003256074,853.0574712643679
2025-08-21 15:00:00+01:00,163.2,211.80628238167122,753.9965517241379
2025-08-21 16:00:00+01:00,113.06666666666666,200.94442174671374,515.4574712643678
2025-08-21 17:00:00+01:00,113.75,192.79802627049557,388.2402298850575
2025-08-21 18:00:00+01:00,94.31666666666666,213.97865450866271,144.39655172413794
2025-08-21 19:00:00+01:00,113.08333333333333,229.18525939760323,53.867816091954026
2025-08-21 20:00:00+01:00,88.16666666666667,253.0813527945097,5.903448275862069
2025-08-21 21:00:00+01:00,100.51666666666667,282.40837650889495,0.0
2025-08-21 22:00:00+01:00,69.55,285.12384166763434,0.0
2025-08-21 23:00:00+01:00,70.21666666666667,240.59021306430859,0.0
2025-08-22 00:00:00+01:00,71.78333333333333,163.47100255611034,0.0
2025-08-22 01:00:00+01:00,71.25,83.63632688917275,0.0
2025-08-22 02:00:00+01:00,73.33333333333333,43.91692513151076,0.0
2025-08-22 03:00:00+01:00,78.76666666666667,42.03772360169607,0.0
2025-08-22 04:00:00+01:00,71.5,45.17199608786745,0.0
2025-08-22 05:00:00+01:00,70.8,64.88341256257326,0.0
2025-08-22 06:00:00+01:00,68.45,123.19635296691123,9.018390804597702
2025-08-22 07:00:00+01:00,71.15,278.4237577052194,62.58620689655172
2025-08-22 08:00:00+01:00,67.2,351.5202604655867,231.57471264367817
2025-08-22 09:00:00+01:00,226.51666666666668,303.4736828084913,442.6563218390804
2025-08-22 10:00:00+01:00,73.86666666666666,247.62466946349156,607.5264367816092
2025-08-22 11:00:00+01:00,71.66666666666667,245.98205142393272,735.1206896551724
2025-08-22 12:00:00+01:00,72.0,202.8633278855138,798.4793103448276
2025-08-22 13:00:00+01:00,135.48333333333332,196.70351023716825,815.9528735632183
2025-08-22 14:00:00+01:00,144.61666666666667,181.50929337124924,799.9770114942529
2025-08-22 15:00:00+01:00,109.86666666666666,160.15525885698463,715.5402298850574
2025-08-22 16:00:00+01:00,104.58333333333333,151.94216865919051,568.8206896551725
2025-08-22 17:00:00+01:00,98.73333333333333,145.78235101084496,387.8436781609196
2025-08-22 18:00:00+01:00,110.98333333333333,161.7978768965434,190.59885057471266
2025-08-22 19:00:00+01:00,107.85,173.29620317345515,42.55747126436781
2025-08-22 20:00:00+01:00,88.88333333333334,191.36500160860214,5.673563218390805
2025-08-22 21:00:00+01:00,102.41666666666667,213.54034514264615,0.0
2025-08-22 22:00:00+01:00,70.36666666666666,215.59361769209465,0.0
2025-08-22 23:00:00+01:00,66.2,181.9199478811389,0.0
2025-08-23 00:00:00+01:00,69.6,123.60700747680092,0.0
2025-08-23 01:00:00+01:00,70.36666666666666,63.24079452301444,0.0
2025-08-23 02:00:00+01:00,71.18333333333334,34.28280498330848,0.0
2025-08-23 03:00:00+01:00,76.06666666666666,33.260843347287285,0.0
2025-08-23 04:00:00+01:00,66.55,35.765296007378794,0.0
2025-08-23 05:00:00+01:00,79.36666666666666,51.371970628780446,0.0
2025-08-23 06:00:00+01:00,65.03333333333333,97.54171638376035,8.074712643678161
2025-08-23 07:00:00+01:00,69.46666666666667,220.4442790272984,59.96551724137931
2025-08-23 08:00:00+01:00,114.38333333333334,278.3190307483295,226.28390804597703
2025-08-23 09:00:00+01:00,180.4,240.27776135866296,438.219540229885
2025-08-23 10:00:00+01:00,71.61666666666666,196.0588499313583,607.3333333333334
2025-08-23 11:00:00+01:00,72.8,194.75829371290814,718.7252873563218
2025-08-23 12:00:00+01:00,71.9,160.618692978592,780.9689655172414
2025-08-23 13:00:00+01:00,105.63333333333334,155.74160715940403,800.016091954023
2025-08-23 14:00:00+01:00,113.1,143.71146213874025,764.6333333333333
2025-08-23 15:00:00+01:00,156.36666666666667,126.80423129888845,684.4356321839081
2025-08-23 16:00:00+01:00,120.21666666666667,120.30145020663777,557.2298850574713
2025-08-23 17:00:00+01:00,112.23333333333333,115.42436438744974,390.2701149425287
2025-08-23 18:00:00+01:00,105.71666666666667,128.1047875173386,182.93218390804597
2025-08-23 19:00:00+01:00,113.38333333333334,137.20868104648954,31.32183908045977
2025-08-23 20:00:00+01:00,91.35,151.51479944944109,4.185057471264368
2025-08-23 21:00:00+01:00,102.58333333333333,169.07230839851792,0.0
2025-08-23 22:00:00+01:00,73.5,170.69800367158058,0.0
2025-08-23 23:00:00+01:00,73.05,144.0366011933528,0.0
2025-08-24 00:00:00+01:00,72.76666666666667,97.86685543837288,0.0
2025-08-24 01:00:00+01:00,73.01666666666667,50.07141441033031,0.0
2025-08-24 02:00:00+01:00,71.21666666666667,11.589627951126415,0.0
2025-08-24 03:00:00+01:00,77.1,11.97021558598402,0.0
2025-08-24 04:00:00+01:00,64.56666666666666,10.835730395490799,0.0
2025-08-24 05:00:00+01:00,64.53333333333333,21.115782309161563,0.0
2025-08-24 06:00:00+01:00,73.36666666666666,53.34513425472394,7.55287356321839
2025-08-24 07:00:00+01:00,71.9,169.48193695511253,60.36091954022989
2025-08-24 08:00:00+01:00,69.21666666666667,275.61652698274037,223.81609195402297
2025-08-24 09:00:00+01:00,160.73333333333332,216.71460790981604,400.5827586206897
2025-08-24 10:00:00+01:00,115.9,169.75977619602256,602.2126436781608
2025-08-24 11:00:00+01:00,69.71666666666667,160.31324200508186,714.822988505747
2025-08-24 12:00:00+01:00,71.58333333333333,139.47529893683034,800.5770114942529
2025-08-24 13:00:00+01:00,170.46666666666667,156.14565339143155,816.2367816091954
2025-08-24 14:00:00+01:00,111.53333333333333,147.25479768231088,777.6459770114942
2025-08-24 15:00:00+01:00,528.95,114.74760649583848,695.8574712643679
2025-08-24 16:00:00+01:00,555.7166666666667,110.02433940036813,566.9252873563219
2025-08-24 17:00:00+01:00,111.03333333333333,98.63293052305727,387.6195402298851
2025-08-24 18:00:00+01:00,103.48333333333333,114.74760649583848,182.72413793103448
2025-08-24 19:00:00+01:00,104.31666666666666,141.14233438229047,40.36551724137931
2025-08-24 20:00:00+01:00,92.25,136.97474576864013,4.379310344827586
2025-08-24 21:00:00+01:00,74.01666666666667,143.6428875504806,0.0
2025-08-24 22:00:00+01:00,74.78333333333333,146.97695844140085,0.0
2025-08-24 23:00:00+01:00,73.9,127.80605081860944,0.0
2025-08-25 00:00:00+01:00,77.61666666666666,70.2933279502352,0.0
2025-08-25 01:00:00+01:00,85.08333333333333,30.00663801828222,0.0
2025-08-25 02:00:00+01:00,73.36666666666666,9.29833976227872,0.0
2025-08-25 03:00:00+01:00,73.75,9.480858310250726,0.0
2025-08-25 04:00:00+01:00,69.11666666666666,8.57850749617765,0.0
2025-08-25 05:00:00+01:00,64.76666666666667,16.71709153101286,0.0
2025-08-25 06:00:00+01:00,68.03333333333333,42.23265228887458,5.870114942528735
2025-08-25 07:00:00+01:00,205.86666666666667,134.17665570944533,56.11379310344828
2025-08-25 08:00:00+01:00,85.55,218.20203682585205,196.31494252873563
2025-08-25 09:00:00+01:00,70.68333333333334,171.570149923553,381.82988505747124
2025-08-25 10:00:00+01:00,70.23333333333333,134.39661744011653,545.1367816091954
2025-08-25 11:00:00+01:00,100.96666666666667,126.91791859729499,662.7494252873563
2025-08-25 12:00:00+01:00,163.43333333333334,110.42078879695336,733.2022988505747
2025-08-25 13:00:00+01:00,116.43333333333334,123.61849263722664,738.8632183908046
2025-08-25 14:00:00+01:00,115.98333333333333,116.57971725574755,650.4494252873562
2025-08-25 15:00:00+01:00,118.0,90.84419476721463,631.2517241379311
2025-08-25 16:00:00+01:00,116.6,87.10484534580384,288.21954022988507
2025-08-25 17:00:00+01:00,98.86666666666666,78.08641438828373,324.60114942528736
2025-08-25 18:00:00+01:00,102.48333333333333,90.84419476721463,140.08850574712645
2025-08-25 19:00:00+01:00,102.55,111.74055918098067,57.308045977011496
2025-08-25 20:00:00+01:00,72.23333333333333,108.44113322091233,3.288505747126437
2025-08-25 21:00:00+01:00,73.2,113.72021475702168,0.0
2025-08-25 22:00:00+01:00,71.5,116.35975552507634,0.0
2025-08-25 23:00:00+01:00,71.13333333333334,101.18239610876202,0.0
2025-08-26 00:00:00+01:00,73.91666666666667,55.65031785981911,0.0
2025-08-26 01:00:00+01:00,79.43333333333334,23.755866912491957,0.0
2025-08-26 02:00:00+01:00,71.15,8.416645865730107,0.0
2025-08-26 03:00:00+01:00,72.23333333333333,8.916654278251572,0.0
2025-08-26 04:00:00+01:00,70.96666666666667,8.081571583660446,0.0
2025-08-26 05:00:00+01:00,70.63333333333334,15.748703598928053,0.0
2025-08-26 06:00:00+01:00,71.01666666666667,39.78619856571297,5.558620689655172
2025-08-26 07:00:00+01:00,209.6,126.40406835981724,55.829885057471266
2025-08-26 08:00:00+01:00,77.06666666666666,205.56202592285038,195.95517241379312
2025-08-26 09:00:00+01:00,72.3,161.63143167320897,387.9988505747126
2025-08-26 10:00:00+01:00,72.85,126.61128814401368,550.7712643678161
2025-08-26 11:00:00+01:00,89.28333333333333,119.56581548133535,663.7528735632184
2025-08-26 12:00:00+01:00,161.06666666666666,104.02433166660371,740.196551724138
2025-08-26 13:00:00+01:00,117.68333333333334,116.45751871838903,763.0586206896552
2025-08-26 14:00:00+01:00,120.8,109.82648562410351,635.3390804597701
2025-08-26 15:00:00+01:00,112.91666666666667,85.58177087312218,616.419540229885
2025-08-26 16:00:00+01:00,117.76666666666667,82.059034541783,541.0126436781609
2025-08-26 17:00:00+01:00,109.38333333333334,73.56302338972972,363.4586206896552
2025-08-26 18:00:00+01:00,98.28333333333333,85.58177087312218,164.11954022988505
2025-08-26 19:00:00+01:00,93.28333333333333,105.26765037178224,35.845977011494256
2025-08-26 20:00:00+01:00,73.28333333333333,102.15935360883591,2.993103448275862
2025-08-26 21:00:00+01:00,71.46666666666667,107.13262842955007,0.0
2025-08-26 22:00:00+01:00,80.31666666666666,109.61926583990711,0.0
2025-08-26 23:00:00+01:00,73.88333333333334,95.321100730354,0.0
2025-08-27 00:00:00+01:00,74.11666666666666,52.4266054016947,0.0
2025-08-27 01:00:00+01:00,81.95,22.37973669321355,0.0
2025-08-27 02:00:00+01:00,72.13333333333334,8.513877116526638,0.0
2025-08-27 03:00:00+01:00,72.93333333333334,9.251114811677816,0.0
2025-08-27 04:00:00+01:00,71.71666666666667,8.395183384456896,0.0
2025-08-27 05:00:00+01:00,78.36666666666666,16.359844544069848,0.0
2025-08-27 06:00:00+01:00,71.66666666666667,41.33013358501856,4.429885057471265
2025-08-27 07:00:00+01:00,208.41666666666666,131.30927857740272,54.4632183908046
2025-08-27 08:00:00+01:00,75.05,213.53902352259587,200.4264367816092
2025-08-27 09:00:00+01:00,73.48333333333333,167.90366768913793,393.17241379310343
2025-08-27 10:00:00+01:00,324.98333333333335,131.52453968982468,556.3597701149425
2025-08-27 11:00:00+01:00,187.26666666666668,124.20566186747766,670.0528735632183
2025-08-27 12:00:00+01:00,171.46666666666667,108.06107843582978,724.3241379310346
2025-08-27 13:00:00+01:00,95.98333333333333,120.97674518114806,707.5298850574712
2025-08-27 14:00:00+01:00,121.56666666666666,114.08838958364498,623.8137931034483
2025-08-27 15:00:00+01:00,114.85,88.9028394302743,664.3689655172415
2025-08-27 16:00:00+01:00,106.85,85.2434005191008,357.8149425287356
2025-08-27 17:00:00+01:00,119.2,76.41769490979992,210.55172413793105
2025-08-27 18:00:00+01:00,106.66666666666667,88.9028394302743,63.0367816091954
2025-08-27 19:00:00+01:00,92.55,109.3526451103616,12.473563218390805
2025-08-27 20:00:00+01:00,73.18333333333334,106.12372842403201,1.7471264367816093
2025-08-27 21:00:00+01:00,73.41666666666667,111.28999512215935,0.0
2025-08-27 22:00:00+01:00,76.45,113.87312847122301,0.0
2025-08-27 23:00:00+01:00,78.16666666666667,99.02011171410696,0.0
2025-08-28 00:00:00+01:00,77.38333333333334,54.461061442758826,0.0
2025-08-28 01:00:00+01:00,86.83333333333333,23.24820014157294,0.0
2025-08-28 02:00:00+01:00,73.66666666666667,8.576729597612903,0.0
2025-08-28 03:00:00+01:00,72.65,9.20672938503576,0.0
2025-08-28 04:00:00+01:00,71.46666666666667,8.349691179691042,0.0
2025-08-28 05:00:00+01:00,73.98333333333333,16.27119306811588,0.0
2025-08-28 06:00:00+01:00,75.55,41.1061719615559,6.840229885057471
2025-08-28 07:00:00+01:00,216.66666666666666,130.5977338361932,43.657471264367814
2025-08-28 08:00:00+01:00,77.53333333333333,212.38188846803885,166.3287356321839
2025-08-28 09:00:00+01:00,76.11666666666666,166.99382359382085,226.7896551724138
2025-08-28 10:00:00+01:00,59.333333333333336,130.81182848182638,485.03678160919543
2025-08-28 11:00:00+01:00,37.75,123.53261053030081,607.4873563218391
2025-08-28 12:00:00+01:00,51.86666666666667,107.47551210781805,678.5896551724138
2025-08-28 13:00:00+01:00,112.61666666666666,120.32119084580425,713.9241379310346
2025-08-28 14:00:00+01:00,174.85,113.47016218554494,481.7206896551724
2025-08-28 15:00:00+01:00,113.73333333333333,88.42108864647182,86.53793103448275
2025-08-28 16:00:00+01:00,116.38333333333334,84.78147967070905,115.15862068965518
2025-08-28 17:00:00+01:00,117.36666666666666,76.0035991997518,153.94367816091955
2025-08-28 18:00:00+01:00,117.68333333333334,88.42108864647182,117.90919540229885
2025-08-28 19:00:00+01:00,109.3,108.76007998161666,25.655172413793103
2025-08-28 20:00:00+01:00,104.2,105.5486602971201,1.9839080459770113
2025-08-28 21:00:00+01:00,107.05,110.68693179231461,0.0
2025-08-28 22:00:00+01:00,76.93333333333334,113.25606753991185,0.0
2025-08-28 23:00:00+01:00,74.66666666666667,98.4835369912277,0.0
2025-08-29 00:00:00+01:00,73.46666666666667,54.16594534517523,0.0
2025-08-29 01:00:00+01:00,72.41666666666667,23.122221728375198,0.0
2025-08-29 02:00:00+01:00,72.4,10.85044683727077,0.0
2025-08-29 03:00:00+01:00,80.73333333333333,13.083448684442851,0.0
2025-08-29 04:00:00+01:00,72.18333333333334,11.941503677664839,0.0
2025-08-29 05:00:00+01:00,71.66666666666667,23.27062255134687,0.0
2025-08-29 06:00:00+01:00,71.35,58.788941182349994,1.4873563218390804
2025-08-29 07:00:00+01:00,74.41666666666667,186.7773652147578,20.808045977011492
2025-08-29 08:00:00+01:00,68.61666666666666,303.742862775475,124.50574712643677
2025-08-29 09:00:00+01:00,218.13333333333333,238.8300735532969,31.84022988505747
2025-08-29 10:00:00+01:00,85.23333333333333,187.0835576167492,285.67816091954023
2025-08-29 11:00:00+01:00,78.6,176.67301594904137,425.64712643678166
2025-08-29 12:00:00+01:00,77.11666666666666,153.70858579968592,578.1344827586206
2025-08-29 13:00:00+01:00,76.11666666666666,172.0801299191703,634.9356321839081
2025-08-29 14:00:00+01:00,136.1,162.2819730554453,755.0252873563219
2025-08-29 15:00:00+01:00,141.98333333333332,126.45746202245078,380.8735632183908
2025-08-29 16:00:00+01:00,103.1,121.25219118859687,337.816091954023
2025-08-29 17:00:00+01:00,111.6,108.6983027069492,265.76666666666665
2025-08-29 18:00:00+01:00,117.08333333333333,126.45746202245078,97.86206896551724
2025-08-29 19:00:00+01:00,112.56666666666666,155.54574021163432,23.312643678160917
2025-08-29 20:00:00+01:00,111.88333333333334,150.95285418176326,1.4747126436781608
2025-08-29 21:00:00+01:00,106.98333333333333,158.30147182955704,0.0
2025-08-29 22:00:00+01:00,86.46666666666667,161.97578065345388,0.0
2025-08-29 23:00:00+01:00,74.68333333333334,140.84850491604683,0.0
2025-08-30 00:00:00+01:00,74.1,77.46667770382577,0.0
2025-08-30 01:00:00+01:00,76.31666666666666,33.06877941507187,0.0
2025-08-30 02:00:00+01:00,73.3,11.490697604158546,0.0
2025-08-30 03:00:00+01:00,78.38333333333334,12.074873027098027,0.0
2025-08-30 04:00:00+01:00,67.08333333333333,10.939424771079803,0.0
2025-08-30 05:00:00+01:00,70.63333333333334,21.31785340005295,0.0
2025-08-30 06:00:00+01:00,72.71666666666667,53.85562964223903,2.608045977011494
2025-08-30 07:00:00+01:00,75.85,171.10382334253023,31.401149425287358
2025-08-30 08:00:00+01:00,75.71666666666667,278.2540864849017,118.9609195402299
2025-08-30 09:00:00+01:00,216.43333333333334,218.78849542159605,149.28390804597703
2025-08-30 10:00:00+01:00,85.98333333333333,171.3843214135836,357.9471264367816
2025-08-30 11:00:00+01:00,75.06666666666666,161.84738699777043,387.74827586206897
2025-08-30 12:00:00+01:00,76.06666666666666,140.8100316687708,712.7402298850575
2025-08-30 13:00:00+01:00,117.75,157.6399159319705,602.0655172413793
2025-08-30 14:00:00+01:00,153.28333333333333,148.66397765826397,774.2045977011494
2025-08-30 15:00:00+01:00,114.08333333333333,115.84570334502459,608.7459770114942
2025-08-30 16:00:00+01:00,113.93333333333334,111.077236137118,512.3586206896551
2025-08-30 17:00:00+01:00,112.7,99.57681522393153,341.2701149425287
2025-08-30 18:00:00+01:00,116.55,115.84570334502459,151.1402298850575
2025-08-30 19:00:00+01:00,106.78333333333333,142.49302009509077,29.291954022988502
2025-08-30 20:00:00+01:00,93.28333333333333,138.28554902929082,1.4149425287356323
2025-08-30 21:00:00+01:00,99.6,145.01750273457074,0.0
2025-08-30 22:00:00+01:00,78.65,148.38347958721067,0.0
2025-08-30 23:00:00+01:00,73.11666666666666,129.02911268453101,0.0
2025-08-31 00:00:00+01:00,73.7,70.96601197649207,0.0
2025-08-31 01:00:00+01:00,75.43333333333334,30.293791673759454,0.0
2025-08-31 02:00:00+01:00,75.9,9.312103513246317,0.0
2025-08-31 03:00:00+01:00,83.3,9.47567344252973,0.0
2025-08-31 04:00:00+01:00,75.71666666666667,8.573117589237437,0.0
2025-08-31 05:00:00+01:00,78.93333333333334,16.706588122616548,0.0
2025-08-31 06:00:00+01:00,76.53333333333333,42.20611736239969,2.645977011494253
2025-08-31 07:00:00+01:00,74.83333333333333,134.0923520367907,38.714942528735634
2025-08-31 08:00:00+01:00,75.68333333333334,218.06493970573175,189.16666666666666
2025-08-31 09:00:00+01:00,136.68333333333334,171.4623517847488,414.74252873563216
2025-08-31 10:00:00+01:00,148.5,134.31217556471987,582.9091954022989
2025-08-31 11:00:00+01:00,69.23333333333333,126.83817561512825,698.0609195402299
2025-08-31 12:00:00+01:00,82.56666666666666,110.35141102044086,753.4011494252874
2025-08-31 13:00:00+01:00,113.25,123.54082269619077,687.8080459770115
2025-08-31 14:00:00+01:00,144.93333333333334,116.50646980245749,614.0379310344828
2025-08-31 15:00:00+01:00,116.41666666666667,90.7871170347452,407.0195402298851
2025-08-31 16:00:00+01:00,112.63333333333334,87.05011705994939,565.383908045977
2025-08-31 17:00:00+01:00,116.65,78.0373524148536,377.5781609195402
2025-08-31 18:00:00+01:00,112.88333333333334,90.7871170347452,159.05862068965516
2025-08-31 19:00:00+01:00,106.21666666666667,111.67035218801584,28.463218390804595
2025-08-31 20:00:00+01:00,106.2,108.37299926907839,1.293103448275862
2025-08-31 21:00:00+01:00,105.45,113.64876393937834,0.0
2025-08-31 22:00:00+01:00,76.7,116.28664627452832,0.0
2025-08-31 23:00:00+01:00,76.36666666666666,101.11882284741593,0.0
2025-09-01 00:00:00+01:00,75.31666666666666,55.61535256607876,0.0
2025-09-01 01:00:00+01:00,75.71666666666667,23.74094101634983,0.0
2025-09-01 02:00:00+01:00,73.71666666666667,24.949900070353426,0.0
2025-09-01 03:00:00+01:00,77.86666666666666,38.949225079547126,0.0
2025-09-01 04:00:00+01:00,72.46666666666667,42.41969517304243,0.0
2025-09-01 05:00:00+01:00,70.73333333333333,60.930107612188216,0.0
2025-09-01 06:00:00+01:00,71.75,115.69007774466114,0.0
2025-09-01 07:00:00+01:00,70.96666666666667,261.4595757029343,39.55057471264367
2025-09-01 08:00:00+01:00,70.75,330.1023551647665,66.93563218390804
2025-09-01 09:00:00+01:00,190.33333333333334,284.9832248443486,115.83793103448276
2025-09-01 10:00:00+01:00,98.46666666666667,232.5370562667689,234.7264367816092
2025-09-01 11:00:00+01:00,72.38333333333334,230.99452189684015,302.1
2025-09-01 12:00:00+01:00,106.25,190.50299468620872,132.15632183908048
2025-09-01 13:00:00+01:00,192.9,184.71849079897567,50.08965517241379
2025-09-01 14:00:00+01:00,158.23333333333332,170.45004787713412,70.37816091954024
2025-09-01 15:00:00+01:00,71.5,150.3971010680595,64.31149425287357
2025-09-01 16:00:00+01:00,87.71666666666667,142.68442921841543,176.00574712643677
2025-09-01 17:00:00+01:00,116.98333333333333,136.89992533118237,101.5712643678161
2025-09-01 18:00:00+01:00,115.75,151.9396354379883,90.20344827586206
2025-09-01 19:00:00+01:00,106.18333333333334,162.73737602749003,38.688505747126435
2025-09-01 20:00:00+01:00,100.03333333333333,179.70525409670702,1.3459770114942529
2025-09-01 21:00:00+01:00,99.06666666666666,200.52946809074604,0.0
2025-09-01 22:00:00+01:00,73.03333333333333,202.457636053157,0.0
2025-09-01 23:00:00+01:00,72.18333333333334,170.83568146961633,0.0
2025-09-02 00:00:00+01:00,72.81666666666666,116.07571133714335,0.0
2025-09-02 01:00:00+01:00,71.26666666666667,59.3875732422594,0.0
2025-09-02 02:00:00+01:00,68.05,56.39294863155424,0.0
2025-09-02 03:00:00+01:00,75.73333333333333,67.26228399452683,0.0
2025-09-02 04:00:00+01:00,73.8,73.08129391040184,0.0
2025-09-02 05:00:00+01:00,77.46666666666667,104.97131307130448,0.0
2025-09-02 06:00:00+01:00,65.96666666666667,199.31261975564138,3.7298850574712645
2025-09-02 07:00:00+01:00,72.41666666666667,450.44652064774954,51.43563218390805
2025-09-02 08:00:00+01:00,74.03333333333333,568.7053417027635,221.2471264367816
2025-09-02 09:00:00+01:00,158.41666666666666,490.9734199980633,446.9988505747126
2025-09-02 10:00:00+01:00,153.2,400.6183657088392,660.4494252873562
2025-09-02 11:00:00+01:00,71.75,397.96086411209734,677.9988505747127
2025-09-02 12:00:00+01:00,229.55,328.2014471976228,482.4712643678161
2025-09-02 13:00:00+01:00,574.8,318.2358162098407,745.2724137931035
2025-09-02 14:00:00+01:00,212.43333333333334,293.65392643997836,532.2908045977011
2025-09-02 15:00:00+01:00,173.21666666666667,259.1064056823338,273.52183908045976
2025-09-02 16:00:00+01:00,115.93333333333334,245.81889769862437,592.8862068965517
2025-09-02 17:00:00+01:00,113.53333333333333,235.8532667108423,292.12988505747126
2025-09-02 18:00:00+01:00,111.15,261.7639072790757,158.89425287356323
2025-09-02 19:00:00+01:00,95.5,280.3664184562689,29.579310344827586
2025-09-02 20:00:00+01:00,101.0,309.5989360204297,1.2195402298850575
2025-09-02 21:00:00+01:00,100.96666666666667,345.47520757644503,0.0
2025-09-02 22:00:00+01:00,71.51666666666667,348.7970845723724,0.0
2025-09-02 23:00:00+01:00,71.13333333333334,294.3183018391637,0.0
2025-09-03 00:00:00+01:00,66.73333333333333,199.97699515482685,0.0
2025-09-03 01:00:00+01:00,71.53333333333333,102.31381147456257,0.0
2025-09-03 02:00:00+01:00,74.48333333333333,62.83212236901539,0.0
2025-09-03 03:00:00+01:00,79.05,63.645849877325425,0.0
2025-09-03 04:00:00+01:00,71.51666666666667,68.57952908199896,0.0
2025-09-03 05:00:00+01:00,69.63333333333334,98.5051417723258,0.0
2025-09-03 06:00:00+01:00,71.11666666666666,187.03507931454263,1.567816091954023
2025-09-03 07:00:00+01:00,69.9,422.69927925086637,30.25057471264368
2025-09-03 08:00:00+01:00,68.11666666666666,533.6734263108283,68.81839080459771
2025-09-03 09:00:00+01:00,209.95,460.72974537815657,72.70114942528737
2025-09-03 10:00:00+01:00,83.83333333333333,375.9405094222307,84.87011494252873
2025-09-03 11:00:00+01:00,72.61666666666666,373.4467083647035,153.09080459770115
2025-09-03 12:00:00+01:00,338.21666666666664,307.9844306046136,393.32988505747124
2025-09-03 13:00:00+01:00,131.43333333333334,298.6326766388864,295.92758620689654
2025-09-03 14:00:00+01:00,122.26666666666667,275.56501685675954,57.12068965517241
2025-09-03 15:00:00+01:00,109.18333333333334,243.14560310890542,98.08620689655172
2025-09-03 16:00:00+01:00,111.45,230.67659782126924,81.9367816091954
2025-09-03 17:00:00+01:00,116.93333333333334,221.3248438555421,79.95747126436781
2025-09-03 18:00:00+01:00,113.63333333333334,245.63940416643266,42.34827586206896
2025-09-03 19:00:00+01:00,110.58333333333333,263.09601156912333,10.902298850574713
2025-09-03 20:00:00+01:00,88.36666666666666,290.5278232019229,0.7804597701149425
2025-09-03 21:00:00+01:00,97.21666666666667,324.19413747854065,0.0
2025-09-03 22:00:00+01:00,68.41666666666667,327.3113888004496,0.0
2025-09-03 23:00:00+01:00,67.78333333333333,276.18846712114123,0.0
2025-09-04 00:00:00+01:00,68.45,187.65852957892443,0.0
2025-09-04 01:00:00+01:00,71.03333333333333,96.01134071479855,0.0
2025-09-04 02:00:00+01:00,72.56666666666666,45.18513948028474,0.0
2025-09-04 03:00:00+01:00,75.35,41.56951878324446,0.0
2025-09-04 04:00:00+01:00,71.03333333333333,44.585125423541676,0.0
2025-09-04 05:00:00+01:00,71.41666666666667,64.04045288108715,0.0
2025-09-04 06:00:00+01:00,70.5,121.59579660965915,1.1091954022988506
2025-09-04 07:00:00+01:00,72.51666666666667,274.8065003378297,16.486206896551725
2025-09-04 08:00:00+01:00,72.98333333333333,346.95333965956075,77.63448275862068
2025-09-04 09:00:00+01:00,210.21666666666667,299.5309789817937,137.1574712643678
2025-09-04 10:00:00+01:00,70.33333333333333,244.4075511854149,279.37126436781614
2025-09-04 11:00:00+01:00,68.08333333333333,242.7862738972861,197.65172413793104
2025-09-04 12:00:00+01:00,69.9,200.2277450839054,506.1229885057471
2025-09-04 13:00:00+01:00,98.36666666666666,194.14795525342242,811.9747126436781
2025-09-04 14:00:00+01:00,153.16666666666666,179.15114033823116,812.9298850574712
2025-09-04 15:00:00+01:00,716.15,158.07453559255688,701.4988505747127
2025-09-04 16:00:00+01:00,605.45,149.9681491519129,466.74367816091956
2025-09-04 17:00:00+01:00,110.26666666666667,143.88835932143,118.74137931034483
2025-09-04 18:00:00+01:00,112.13333333333334,159.69581288068565,36.214942528735634
2025-09-04 19:00:00+01:00,111.98333333333333,171.04475389758719,2.667816091954023
2025-09-04 20:00:00+01:00,98.5,188.87880406700387,0.0
2025-09-04 21:00:00+01:00,97.7,210.76604745674248,0.0
2025-09-04 22:00:00+01:00,113.26666666666667,212.7926440669035,0.0
2025-09-04 23:00:00+01:00,72.63333333333334,179.55645966026333,0.0
2025-09-05 00:00:00+01:00,72.33333333333333,122.00111593169132,0.0
2025-09-05 01:00:00+01:00,71.61666666666666,62.41917559295836,0.0
2025-09-05 02:00:00+01:00,69.51666666666667,88.28671526864885,0.0
2025-09-05 03:00:00+01:00,79.11666666666666,125.83495075841097,0.0
2025-09-05 04:00:00+01:00,66.86666666666666,135.3518892422012,0.0
2025-09-05 05:00:00+01:00,70.68333333333334,161.92403927748,0.0
2025-09-05 06:00:00+01:00,67.41666666666667,253.26580502375074,2.2862068965517244
2025-09-05 07:00:00+01:00,65.53333333333333,457.53920841995637,45.135632183908044
2025-09-05 08:00:00+01:00,70.36666666666666,579.6050226445182,172.87586206896552
2025-09-05 09:00:00+01:00,192.75,551.3721132320345,294.6367816091954
2025-09-05 10:00:00+01:00,79.8,476.63794125781294,289.3804597701149
2025-09-05 11:00:00+01:00,64.78333333333333,433.4581974504849,545.5977011494253
2025-09-05 12:00:00+01:00,68.71666666666667,388.61769426595197,501.67816091954023
2025-09-05 13:00:00+01:00,102.51666666666667,358.7240254762634,714.6229885057471
2025-09-05 14:00:00+01:00,143.06666666666666,345.437950458624,445.3724137931034
2025-09-05 15:00:00+01:00,103.21666666666667,332.15187544098467,187.10689655172416
2025-09-05 16:00:00+01:00,98.21666666666667,330.4911160637797,173.20459770114942
2025-09-05 17:00:00+01:00,112.41666666666667,346.2683301472265,217.97241379310344
2025-09-05 18:00:00+01:00,112.0,368.688581739493,65.23908045977012
2025-09-05 19:00:00+01:00,107.63333333333334,402.73414897219396,21.020689655172415
2025-09-05 20:00:00+01:00,99.2,436.77971620489484,0.5172413793103449
2025-09-05 21:00:00+01:00,86.9,462.5214865515711,0.0
2025-09-05 22:00:00+01:00,70.53333333333333,445.9138927795218,0.0
2025-09-05 23:00:00+01:00,62.96666666666667,389.44807395455445,0.0
2025-09-06 00:00:00+01:00,81.11666666666666,248.283526892136,0.0
2025-09-06 01:00:00+01:00,63.88333333333333,148.63796425984063,0.0
2025-09-06 02:00:00+01:00,67.53333333333333,121.52426700281201,0.0
2025-09-06 03:00:00+01:00,81.66666666666667,127.46302367910316,0.0
2025-09-06 04:00:00+01:00,74.68333333333334,135.79992254618455,0.0
2025-09-06 05:00:00+01:00,67.1,162.46003003991402,0.0
2025-09-06 06:00:00+01:00,67.51666666666667,254.1041495496092,1.9436781609195402
2025-09-06 07:00:00+01:00,69.83333333333333,459.05372590765467,47.30344827586207
2025-09-06 08:00:00+01:00,72.4,581.5235947069744,216.93563218390804
2025-09-06 09:00:00+01:00,222.85,553.1972304948868,446.48850574712645
2025-09-06 10:00:00+01:00,91.85,478.2156781687727,644.3988505747127
2025-09-06 11:00:00+01:00,105.2,434.89300349146225,600.2850574712644
2025-09-06 12:00:00+01:00,91.28333333333333,389.9040720957937,833.2735632183908
2025-09-06 13:00:00+01:00,92.26666666666667,359.91145116534807,680.9413793103448
2025-09-06 14:00:00+01:00,137.18333333333334,346.58139741848333,550.6850574712644
2025-09-06 15:00:00+01:00,186.05,333.2513436716186,707.680459770115
2025-09-06 16:00:00+01:00,136.03333333333333,331.5850869532605,569.4747126436781
2025-09-06 17:00:00+01:00,138.88333333333333,347.41452577766233,330.0471264367816
2025-09-06 18:00:00+01:00,136.43333333333334,369.90899147549663,90.65862068965518
2025-09-06 19:00:00+01:00,117.33333333333333,404.0672542018376,11.69655172413793
2025-09-06 20:00:00+01:00,120.08333333333333,438.2255169281785,0.0
2025-09-06 21:00:00+01:00,116.8,464.05249606272884,0.0
2025-09-06 22:00:00+01:00,94.41666666666667,447.389928879148,0.0
2025-09-06 23:00:00+01:00,100.58333333333333,390.73720045497276,0.0
2025-09-07 00:00:00+01:00,89.58333333333333,249.10537939453488,0.0
2025-09-07 01:00:00+01:00,91.85,149.1299762930493,0.0
2025-09-07 02:00:00+01:00,96.91666666666667,142.40084737088208,0.0
2025-09-07 03:00:00+01:00,105.58333333333333,157.95959063664387,0.0
2025-09-07 04:00:00+01:00,92.85,168.76237014963536,0.0
2025-09-07 05:00:00+01:00,102.5,201.89363300109753,0.0
2025-09-07 06:00:00+01:00,90.43333333333334,315.78234905299854,0.0
2025-09-07 07:00:00+01:00,93.15,570.478932223614,12.49655172413793
2025-09-07 08:00:00+01:00,102.25,722.6756709475181,55.12758620689655
2025-09-07 09:00:00+01:00,212.35,687.4737041678397,90.53448275862068
2025-09-07 10:00:00+01:00,104.1,594.2920273981023,137.97701149425288
2025-09-07 11:00:00+01:00,100.95,540.4537252644765,170.99540229885056
2025-09-07 12:00:00+01:00,93.98333333333333,484.544719202634,96.23563218390805
2025-09-07 13:00:00+01:00,113.4,447.27204849473907,144.5494252873563
2025-09-07 14:00:00+01:00,194.95,430.7064170690079,356.1563218390804
2025-09-07 15:00:00+01:00,136.45,414.1407856432769,306.4367816091954
2025-09-07 16:00:00+01:00,137.36666666666667,412.07008171506055,223.5735632183908
2025-09-07 17:00:00+01:00,134.26666666666668,431.74176903311616,237.99885057471266
2025-09-07 18:00:00+01:00,135.16666666666666,459.69627206403743,98.59310344827585
2025-09-07 19:00:00+01:00,118.65,502.14570259247336,12.76551724137931
2025-09-07 20:00:00+01:00,114.9,544.5951331209092,0.2597701149425287
2025-09-07 21:00:00+01:00,115.6,576.6910440082631,0.0
2025-09-07 22:00:00+01:00,95.51666666666667,555.9840047260992,0.0
2025-09-07 23:00:00+01:00,96.33333333333333,485.5800711667422,0.0
2025-09-08 00:00:00+01:00,93.38333333333334,309.57023726834944,0.0
2025-09-08 01:00:00+01:00,96.76666666666667,185.32800157536647,0.0
2025-09-08 02:00:00+01:00,96.73333333333333,144.20433227294737,0.0
2025-09-08 03:00:00+01:00,103.86666666666666,148.48130532967417,0.0
2025-09-08 04:00:00+01:00,95.81666666666666,158.04675570584956,0.0
2025-09-08 05:00:00+01:00,94.76666666666667,189.07433964810224,0.0
2025-09-08 06:00:00+01:00,96.06666666666666,295.7316594495958,0.6436781609195402
2025-09-08 07:00:00+01:00,95.91666666666667,534.2562110056633,31.093103448275862
2025-09-08 08:00:00+01:00,93.16666666666667,676.7891747403864,75.88620689655173
2025-09-08 09:00:00+01:00,252.81666666666666,643.822366801743,119.45172413793104
2025-09-08 10:00:00+01:00,97.6,556.5572869641572,152.08735632183908
2025-09-08 11:00:00+01:00,97.35,506.1374630579968,244.1183908045977
2025-09-08 12:00:00+01:00,117.66666666666667,453.7784151554454,425.46436781609196
2025-09-08 13:00:00+01:00,180.38333333333333,418.8723832204112,640.5333333333333
2025-09-08 14:00:00+01:00,686.9333333333333,403.35859124928476,175.02298850574712
2025-09-08 15:00:00+01:00,108.93333333333334,387.84479927815846,169.89655172413794
2025-09-08 16:00:00+01:00,133.98333333333332,385.90557528176765,58.217241379310344
2025-09-08 17:00:00+01:00,140.91666666666666,404.3282032474802,47.09770114942528
2025-09-08 18:00:00+01:00,135.2,430.5077271987559,27.00804597701149
2025-09-08 19:00:00+01:00,244.61666666666667,470.26181912476716,5.086206896551724
2025-09-08 20:00:00+01:00,126.63333333333334,510.01591105077836,0.0
2025-09-08 21:00:00+01:00,125.26666666666667,540.0738829948356,0.0
2025-09-08 22:00:00+01:00,87.76666666666667,520.6816430309277,0.0
2025-09-08 23:00:00+01:00,96.76666666666667,454.7480271536407,0.0
2025-09-09 00:00:00+01:00,90.4,289.91398746042347,0.0
2025-09-09 01:00:00+01:00,101.16666666666667,173.56054767697592,0.0
2025-09-09 02:00:00+01:00,94.35,132.2514182188174,0.0
2025-09-09 03:00:00+01:00,104.25,135.10513798041558,0.0
2025-09-09 04:00:00+01:00,93.06666666666666,143.7522974668422,0.0
2025-09-09 05:00:00+01:00,95.68333333333334,171.97360739898303,0.0
2025-09-09 06:00:00+01:00,95.18333333333334,268.98436029071706,0.0
2025-09-09 07:00:00+01:00,89.93333333333334,485.9356803940495,18.08735632183908
2025-09-09 08:00:00+01:00,89.16666666666667,615.5773228948214,119.22068965517242
2025-09-09 09:00:00+01:00,234.41666666666666,585.5921810919218,130.18505747126437
2025-09-09 10:00:00+01:00,104.5,506.21974690777563,112.94827586206897
2025-09-09 11:00:00+01:00,96.76666666666667,460.36011826804696,94.54942528735633
2025-09-09 12:00:00+01:00,94.73333333333333,412.7366577575593,253.53793103448277
2025-09-09 13:00:00+01:00,101.3,380.9876840839009,251.36206896551724
2025-09-09 14:00:00+01:00,670.0833333333334,366.8770291178304,201.28390804597703
2025-09-09 15:00:00+01:00,327.31666666666666,352.7663741517601,474.27356321839085
2025-09-09 16:00:00+01:00,130.86666666666667,351.0025422810013,451.9977011494253
2025-09-09 17:00:00+01:00,136.15,367.75894505320986,310.9977011494253
2025-09-09 18:00:00+01:00,135.4,391.57067530845364,122.67011494252873
2025-09-09 19:00:00+01:00,133.51666666666668,427.72922865900904,18.37816091954023
2025-09-09 20:00:00+01:00,185.06666666666666,463.88778200956443,0.15747126436781608
2025-09-09 21:00:00+01:00,127.51666666666667,491.2271760063259,0.0
2025-09-09 22:00:00+01:00,108.9,473.5888572987378,0.0
2025-09-09 23:00:00+01:00,96.98333333333333,413.6185736929387,0.0
2025-09-10 00:00:00+01:00,94.41666666666667,263.6928646784407,0.0
2025-09-10 01:00:00+01:00,94.08333333333333,157.8629524329126,0.0
2025-09-10 02:00:00+01:00,97.15,134.82688650756492,0.0
2025-09-10 03:00:00+01:00,103.08333333333333,143.70329830768827,0.0
2025-09-10 04:00:00+01:00,91.85,153.22530212811031,0.0
2025-09-10 05:00:00+01:00,99.01666666666667,183.3063430366964,0.0
2025-09-10 06:00:00+01:00,91.16666666666667,286.709921159961,0.6873563218390805
2025-09-10 07:00:00+01:00,97.88333333333334,517.9579231447166,40.37011494252874
2025-09-10 08:00:00+01:00,103.78333333333333,656.1427048185338,198.29885057471265
2025-09-10 09:00:00+01:00,178.3,624.1815988531611,412.5609195402299
2025-09-10 10:00:00+01:00,150.51666666666668,539.5786712977628,576.5298850574712
2025-09-10 11:00:00+01:00,281.8666666666667,490.69697982131044,722.4448275862069
2025-09-10 12:00:00+01:00,96.96666666666667,439.93522328807137,679.4954022988506
2025-09-10 13:00:00+01:00,145.56666666666666,406.09405226591207,256.4459770114943
2025-09-10 14:00:00+01:00,132.28333333333333,391.053531811619,503.9172413793103
2025-09-10 15:00:00+01:00,149.88333333333333,376.013011357326,319.6344827586207
2025-09-10 16:00:00+01:00,142.5,374.13294630053934,419.12528735632185
2025-09-10 17:00:00+01:00,136.43333333333334,391.9935643400123,307.76781609195405
2025-09-10 18:00:00+01:00,137.66666666666666,417.37444260663193,125.70574712643678
2025-09-10 19:00:00+01:00,218.2,455.9157762707577,17.89310344827586
2025-09-10 20:00:00+01:00,116.53333333333333,494.4571099348837,0.21264367816091953
2025-09-10 21:00:00+01:00,126.1,523.5981183150762,0.0
2025-09-10 22:00:00+01:00,106.58333333333333,504.79746774721,0.0
2025-09-10 23:00:00+01:00,93.41666666666667,440.87525581646463,0.0
2025-09-11 00:00:00+01:00,98.53333333333333,281.0697259896011,0.0
2025-09-11 01:00:00+01:00,91.41666666666667,168.26582258240336,0.0
2025-09-11 02:00:00+01:00,91.31666666666666,114.4716837528931,0.0
2025-09-11 03:00:00+01:00,101.43333333333334,111.98203442979035,0.0
2025-09-11 04:00:00+01:00,88.26666666666667,118.89279826736718,0.0
2025-09-11 05:00:00+01:00,87.63333333333334,142.23371571862947,0.0
2025-09-11 06:00:00+01:00,91.58333333333333,222.46811945734353,0.5494252873563218
2025-09-11 07:00:00+01:00,95.43333333333334,401.90142236392217,42.50114942528736
2025-09-11 08:00:00+01:00,87.36666666666666,509.12376190565834,147.25862068965517
2025-09-11 09:00:00+01:00,230.33333333333334,484.3240371136921,326.9448275862069
2025-09-11 10:00:00+01:00,94.25,418.67770678201697,590.1356321839081
2025-09-11 11:00:00+01:00,93.03333333333333,380.7487159237158,693.8045977011494
2025-09-11 12:00:00+01:00,100.28333333333333,341.3609177247107,824.8390804597701
2025-09-11 13:00:00+01:00,112.98333333333333,315.10238559204066,757.4126436781609
2025-09-11 14:00:00+01:00,165.78333333333333,303.43192686640947,342.21724137931034
2025-09-11 15:00:00+01:00,113.65,291.7614681407784,302.4850574712644
2025-09-11 16:00:00+01:00,104.81666666666666,290.3026608000745,142.28045977011496
2025-09-11 17:00:00+01:00,137.96666666666667,304.16133053676145,54.1816091954023
2025-09-11 18:00:00+01:00,141.91666666666666,323.855229636264,44.08505747126437
2025-09-11 19:00:00+01:00,177.41666666666666,353.76078012069377,4.702298850574712
2025-09-11 20:00:00+01:00,132.35,383.6663306051236,0.0
2025-09-11 21:00:00+01:00,129.76666666666668,406.2778443860339,0.0
2025-09-11 22:00:00+01:00,96.33333333333333,391.689770978995,0.0
2025-09-11 23:00:00+01:00,98.86666666666666,342.0903213950626,0.0
2025-09-12 00:00:00+01:00,94.23333333333333,218.09169743523182,0.0
2025-09-12 01:00:00+01:00,93.86666666666666,130.56325699299828,0.0
2025-09-12 02:00:00+01:00,97.15,49.91890468783979,0.0
2025-09-12 03:00:00+01:00,98.36666666666666,44.88081295038482,0.0
2025-09-12 04:00:00+01:00,94.23333333333333,48.08294583087662,0.0
2025-09-12 05:00:00+01:00,92.98333333333333,69.06459492071369,0.0
2025-09-12 06:00:00+01:00,88.28333333333333,131.13530681148168,0.0
2025-09-12 07:00:00+01:00,102.08333333333333,296.3657933939486,4.205747126436782
2025-09-12 08:00:00+01:00,225.13333333333333,374.17274210209433,26.69770114942529
2025-09-12 09:00:00+01:00,105.9,323.0299724456165,130.41954022988506
2025-09-12 10:00:00+01:00,94.43333333333334,263.5819666910782,291.46321839080457
2025-09-12 11:00:00+01:00,104.63333333333334,261.8334959335918,552.3908045977012
2025-09-12 12:00:00+01:00,88.01666666666667,215.93613854957317,633.6425287356323
2025-09-12 13:00:00+01:00,94.71666666666667,209.3793732089991,484.92528735632186
2025-09-12 14:00:00+01:00,167.1,193.2060187022497,604.3609195402298
2025-09-12 15:00:00+01:00,102.16666666666667,170.47589885492619,349.2632183908046
2025-09-12 16:00:00+01:00,106.81666666666666,161.73354506749408,305.6287356321839
2025-09-12 17:00:00+01:00,111.1,155.17677972692,175.54482758620688
2025-09-12 18:00:00+01:00,108.91666666666667,172.22436961241263,102.87931034482759
2025-09-12 19:00:00+01:00,179.68333333333334,184.46366491481757,13.718390804597702
2025-09-12 20:00:00+01:00,127.13333333333334,203.69684324716826,0.0
2025-09-12 21:00:00+01:00,127.08333333333333,227.3011984732349,0.0
2025-09-12 22:00:00+01:00,101.65,229.48678692009292,0.0
2025-09-12 23:00:00+01:00,92.45,193.64313639162128,0.0
2025-09-13 00:00:00+01:00,94.91666666666667,131.57242450085326,0.0
2025-09-13 01:00:00+01:00,96.85,67.31612416322727,0.0
2025-09-13 02:00:00+01:00,92.68333333333334,48.34288984798497,0.0
2025-09-13 03:00:00+01:00,110.6,51.911142338842176,0.0
2025-09-13 04:00:00+01:00,87.06666666666666,56.09954862780416,0.0
2025-09-13 05:00:00+01:00,101.35,80.57935166539143,0.0
2025-09-13 06:00:00+01:00,95.4,152.99876898492045,0.0
2025-09-13 07:00:00+01:00,94.55,345.77721790592017,6.359770114942529
2025-09-13 08:00:00+01:00,94.93333333333334,436.5564875036396,19.871264367816092
2025-09-13 09:00:00+01:00,181.63333333333333,376.8869675995206,78.7183908045977
2025-09-13 10:00:00+01:00,144.78333333333333,307.52752565969007,105.58505747126438
2025-09-13 11:00:00+01:00,97.58333333333333,305.48754207322446,158.05747126436782
2025-09-13 12:00:00+01:00,95.38333333333334,251.93797292850235,254.80459770114942
2025-09-13 13:00:00+01:00,143.2,244.2880344792563,205.89080459770113
2025-09-13 14:00:00+01:00,190.35,225.41818630444945,273.2689655172414
2025-09-13 15:00:00+01:00,139.85,198.89839968039658,406.20344827586206
2025-09-13 16:00:00+01:00,138.66666666666666,188.69848174806853,174.77586206896552
2025-09-13 17:00:00+01:00,139.26666666666668,181.0485432988225,176.62643678160921
2025-09-13 18:00:00+01:00,140.8,200.9383832668622,110.24367816091953
2025-09-13 19:00:00+01:00,180.01666666666668,215.21826837212146,17.035632183908046
2025-09-13 20:00:00+01:00,125.28333333333333,237.65808782324314,0.0
2025-09-13 21:00:00+01:00,124.7,265.1978662405287,0.0
2025-09-13 22:00:00+01:00,97.43333333333334,267.7478457236108,0.0
2025-09-13 23:00:00+01:00,91.45,225.9281822010658,0.0
2025-09-14 00:00:00+01:00,93.65,153.50876488153685,0.0
2025-09-14 01:00:00+01:00,94.71666666666667,78.53936807892583,0.0
2025-09-14 02:00:00+01:00,90.61666666666666,104.20208945115256,0.0
2025-09-14 03:00:00+01:00,106.26666666666667,144.96668257498223,0.0
2025-09-14 04:00:00+01:00,87.85,155.7062386362755,0.0
2025-09-14 05:00:00+01:00,98.18333333333334,186.27433456486946,0.0
2025-09-14 06:00:00+01:00,100.56666666666666,291.35216431941114,0.37471264367816093
2025-09-14 07:00:00+01:00,84.4,526.3444017704772,38.302298850574715
2025-09-14 08:00:00+01:00,92.45,666.7665924424557,197.20919540229886
2025-09-14 09:00:00+01:00,239.58333333333334,634.2879905183246,436.22528735632187
2025-09-14 10:00:00+01:00,97.4,548.3152207191541,608.5850574712643
2025-09-14 11:00:00+01:00,98.98333333333333,498.64206483518905,715.7229885057471
2025-09-14 12:00:00+01:00,109.73333333333333,447.05840295568674,783.6689655172414
2025-09-14 13:00:00+01:00,137.51666666666668,412.66929503601847,821.2816091954023
2025-09-14 14:00:00+01:00,230.3,397.38524707172144,759.2080459770115
2025-09-14 15:00:00+01:00,140.93333333333334,382.1011991074245,575.7379310344827
2025-09-14 16:00:00+01:00,136.25,380.19069311188736,457.6770114942529
2025-09-14 17:00:00+01:00,136.51666666666668,398.34050006949,257.3471264367816
2025-09-14 18:00:00+01:00,136.38333333333333,424.1323310092412,140.50459770114944
2025-09-14 19:00:00+01:00,116.33333333333333,463.29770391775213,9.705747126436782
2025-09-14 20:00:00+01:00,116.33333333333333,502.4630768262632,0.0
2025-09-14 21:00:00+01:00,124.16666666666667,532.0759197570885,0.0
2025-09-14 22:00:00+01:00,101.26666666666667,512.9708598017174,0.0
2025-09-14 23:00:00+01:00,98.01666666666667,448.01365595345516,0.0
2025-09-15 00:00:00+01:00,95.65,285.6206463327998,0.0
2025-09-15 01:00:00+01:00,96.68333333333334,170.99028660057243,0.0
2025-09-15 02:00:00+01:00,96.81666666666666,79.06890505775338,0.0
2025-09-15 03:00:00+01:00,103.61666666666666,58.53711773354298,0.0
2025-09-15 04:00:00+01:00,97.15,62.691703566561856,0.0
2025-09-15 05:00:00+01:00,97.21666666666667,90.04808330469795,0.0
2025-09-15 06:00:00+01:00,92.65,170.97737336335052,0.04942528735632183
2025-09-15 07:00:00+01:00,91.76666666666667,386.4088638011721,36.235632183908045
2025-09-15 08:00:00+01:00,92.43333333333334,487.85543866342675,203.12873563218392
2025-09-15 09:00:00+01:00,167.33333333333334,421.17426305172006,382.4862068965518
2025-09-15 10:00:00+01:00,175.3,343.66452046033453,525.2275862068966
2025-09-15 11:00:00+01:00,95.15,341.3848221488232,648.8413793103448
2025-09-15 12:00:00+01:00,94.01666666666667,281.54274147165046,721.2298850574713
2025-09-15 13:00:00+01:00,162.15,272.993872803483,704.0793103448275
2025-09-15 14:00:00+01:00,246.98333333333332,251.90666342200313,798.1597701149425
2025-09-15 15:00:00+01:00,117.9,222.27058537235567,583.5597701149425
2025-09-15 16:00:00+01:00,99.75,210.87209381479897,531.5298850574712
2025-09-15 17:00:00+01:00,144.05,202.32322514663144,306.11034482758623
2025-09-15 18:00:00+01:00,112.95,224.550283683867,85.6264367816092
2025-09-15 19:00:00+01:00,116.56666666666666,240.5081718644464,5.618390804597701
2025-09-15 20:00:00+01:00,125.3,265.58485329107117,0.0
2025-09-15 21:00:00+01:00,118.75,296.36078049647426,0.0
2025-09-15 22:00:00+01:00,92.38333333333334,299.2104033858634,0.0
2025-09-15 23:00:00+01:00,94.96666666666667,252.47658799988093,0.0
2025-09-16 00:00:00+01:00,95.25,171.54729794122832,0.0
2025-09-16 01:00:00+01:00,93.73333333333333,87.7683849931866,0.0
2025-09-16 02:00:00+01:00,95.31666666666666,124.6445029334891,0.0
2025-09-16 03:00:00+01:00,99.26666666666667,150.71196738973964,0.0
2025-09-16 04:00:00+01:00,93.08333333333333,161.71692804640176,0.0
2025-09-16 05:00:00+01:00,104.91666666666667,193.46503661992853,0.0
2025-09-16 06:00:00+01:00,90.46666666666667,302.59915984142674,0.0
2025-09-16 07:00:00+01:00,95.71666666666667,546.6627445004134,4.4126436781609195
2025-09-16 08:00:00+01:00,102.38333333333334,692.5056182600517,21.920689655172414
2025-09-16 09:00:00+01:00,203.95,658.7732529006797,40.54712643678161
2025-09-16 10:00:00+01:00,139.48333333333332,569.4816975376358,71.94137931034483
2025-09-16 11:00:00+01:00,94.46666666666667,517.8910211056549,104.38735632183908
2025-09-16 12:00:00+01:00,85.25,464.3160878878285,115.0344827586207
2025-09-16 13:00:00+01:00,126.33333333333333,428.59946574261085,115.04827586206896
2025-09-16 14:00:00+01:00,188.48333333333332,412.7254114558475,114.31149425287357
2025-09-16 15:00:00+01:00,136.0,396.8513571690842,184.6080459770115
2025-09-16 16:00:00+01:00,136.08333333333334,394.86710038323866,142.56436781609193
2025-09-16 17:00:00+01:00,750.2833333333333,413.7175398487702,93.4
2025-09-16 18:00:00+01:00,757.7,440.50500645768346,47.97701149425288
2025-09-16 19:00:00+01:00,203.6,481.1822705675146,3.066666666666667
2025-09-16 20:00:00+01:00,124.41666666666667,521.8595346773457,0.0
2025-09-16 21:00:00+01:00,123.4,552.6155148579497,0.0
2025-09-16 22:00:00+01:00,96.55,532.7729469994954,0.0
2025-09-16 23:00:00+01:00,98.33333333333333,465.3082162807511,0.0
2025-09-17 00:00:00+01:00,97.9,296.6463894838904,0.0
2025-09-17 01:00:00+01:00,97.83333333333333,177.59098233316516,0.0
2025-09-17 02:00:00+01:00,97.31666666666666,163.31462781650947,0.0
2025-09-17 03:00:00+01:00,99.7,178.7282906006578,0.0
2025-09-17 04:00:00+01:00,85.15,190.82214113662366,0.0
2025-09-17 05:00:00+01:00,90.66666666666667,228.28415657448843,0.0
2025-09-17 06:00:00+01:00,91.46666666666667,357.05983464214864,0.0
2025-09-17 07:00:00+01:00,92.55,645.0490783207341,19.435632183908048
2025-09-17 08:00:00+01:00,97.75,817.1402117384255,70.84137931034482
2025-09-17 09:00:00+01:00,171.78333333333333,777.3368203356941,417.94942528735635
2025-09-17 10:00:00+01:00,172.4,671.9749019166994,670.3264367816092
2025-09-17 11:00:00+01:00,96.25,611.0991268301692,535.2241379310345
2025-09-17 12:00:00+01:00,107.43333333333334,547.8819757787722,183.12758620689655
2025-09-17 13:00:00+01:00,210.81666666666666,505.73720841117444,156.7080459770115
2025-09-17 14:00:00+01:00,186.83333333333334,487.00620069224203,153.07011494252873
2025-09-17 15:00:00+01:00,111.38333333333334,468.2751929733097,420.87011494252874
2025-09-17 16:00:00+01:00,182.96666666666667,465.93381700844316,215.4080459770115
2025-09-17 17:00:00+01:00,129.31666666666666,488.17688867467535,339.1655172413793
2025-09-17 18:00:00+01:00,125.78333333333333,519.7854642003738,84.14252873563218
2025-09-17 19:00:00+01:00,188.26666666666668,567.783671480138,10.85057471264368
2025-09-17 20:00:00+01:00,117.86666666666666,615.7818787599022,0.0
2025-09-17 21:00:00+01:00,129.21666666666667,652.0732062153336,0.0
2025-09-17 22:00:00+01:00,100.81666666666666,628.6594465666682,0.0
2025-09-17 23:00:00+01:00,93.03333333333333,549.0526637612055,0.0
2025-09-18 00:00:00+01:00,93.38333333333334,350.03570674754894,0.0
2025-09-18 01:00:00+01:00,95.98333333333333,209.55314885555606,0.0
2025-09-18 02:00:00+01:00,93.98333333333333,186.782498509678,0.0
2025-09-18 03:00:00+01:00,90.78333333333333,202.13687980451797,0.0
2025-09-18 04:00:00+01:00,92.95,215.69409889742244,0.0
2025-09-18 05:00:00+01:00,91.13333333333334,258.0389526686956,0.0
2025-09-18 06:00:00+01:00,89.43333333333334,403.599387507447,0.0
2025-09-18 07:00:00+01:00,86.96666666666667,729.1254508741091,38.37931034482759
2025-09-18 08:00:00+01:00,98.53333333333333,923.6471228858948,189.26206896551724
2025-09-18 09:00:00+01:00,206.03333333333333,878.6557157539172,403.08965517241376
2025-09-18 10:00:00+01:00,97.65,759.5608145222116,537.835632183908
2025-09-18 11:00:00+01:00,93.43333333333334,690.750427143893,666.1551724137931
2025-09-18 12:00:00+01:00,96.11666666666666,619.2934864048694,393.5241379310345
2025-09-18 13:00:00+01:00,130.8,571.6555259121872,663.0908045977012
2025-09-18 14:00:00+01:00,184.36666666666667,550.4830990265506,453.9172413793103
2025-09-18 15:00:00+01:00,137.81666666666666,529.310672140914,381.2298850574713
2025-09-18 16:00:00+01:00,137.05,526.6641187802095,217.66091954022988
2025-09-18 17:00:00+01:00,142.21666666666667,551.8063757069028,231.28045977011496
2025-09-18 18:00:00+01:00,134.11666666666667,587.5348460764146,62.12413793103448
2025-09-18 19:00:00+01:00,201.41666666666666,641.7891899708583,5.13448275862069
2025-09-18 20:00:00+01:00,118.36666666666666,696.0435338653019,0.0
2025-09-18 21:00:00+01:00,120.3,737.0651109562228,0.0
2025-09-18 22:00:00+01:00,88.13333333333334,710.5995773491771,0.0
2025-09-18 23:00:00+01:00,94.83333333333333,620.6167630852216,0.0
2025-09-19 00:00:00+01:00,88.13333333333334,395.65972742533324,0.0
2025-09-19 01:00:00+01:00,89.15,236.866525783059,0.0
2025-09-19 02:00:00+01:00,95.46666666666667,212.59472329582238,0.0
2025-09-19 03:00:00+01:00,103.08333333333333,230.6087506509406,0.0
2025-09-19 04:00:00+01:00,92.58333333333333,246.1035690012172,0.0
2025-09-19 05:00:00+01:00,91.56666666666666,294.4183800934807,0.0
2025-09-19 06:00:00+01:00,98.2,460.5005432231365,0.0
2025-09-19 07:00:00+01:00,92.61666666666666,831.9206534949122,21.53103448275862
2025-09-19 08:00:00+01:00,91.33333333333333,1053.8668169499979,98.98045977011495
2025-09-19 09:00:00+01:00,231.85,1002.5323301644678,269.9896551724138
2025-09-19 10:00:00+01:00,102.71666666666667,866.6469239674766,557.7172413793104
2025-09-19 11:00:00+01:00,92.66666666666667,788.1353559425485,654.3241379310344
2025-09-19 12:00:00+01:00,104.4,706.6041122243538,677.1919540229885
2025-09-19 13:00:00+01:00,192.66666666666666,652.2499497455573,557.2954022988506
2025-09-19 14:00:00+01:00,129.6,628.0925441994256,607.0655172413793
2025-09-19 15:00:00+01:00,119.38333333333334,603.9351386532938,631.1459770114942
2025-09-19 16:00:00+01:00,127.25,600.9154629600274,443.27356321839085
2025-09-19 17:00:00+01:00,128.03333333333333,629.6023820460588,318.0149425287356
2025-09-19 18:00:00+01:00,133.9,670.368003905156,100.82988505747126
2025-09-19 19:00:00+01:00,207.83333333333334,732.2713556171187,6.541379310344827
2025-09-19 20:00:00+01:00,126.08333333333333,794.1747073290815,0.0
2025-09-19 21:00:00+01:00,121.81666666666666,840.9796805747118,0.0
2025-09-19 22:00:00+01:00,92.66666666666667,810.782923642047,0.0
2025-09-19 23:00:00+01:00,93.45,708.1139500709869,0.0
2025-09-20 00:00:00+01:00,102.18333333333334,451.44151614333714,0.0
2025-09-20 01:00:00+01:00,91.46666666666667,270.260974547349,0.0
2025-09-20 02:00:00+01:00,86.66666666666667,212.17278831956506,0.0
2025-09-20 03:00:00+01:00,95.58333333333333,219.18651660631315,0.0
2025-09-20 04:00:00+01:00,91.05,233.3451297883936,0.0
2025-09-20 05:00:00+01:00,90.83333333333333,279.1552166180169,0.0
2025-09-20 06:00:00+01:00,95.16666666666667,436.62739009484693,0.0
2025-09-20 07:00:00+01:00,91.66666666666667,788.792432597576,26.6
2025-09-20 08:00:00+01:00,93.58333333333333,999.2325189711579,119.73218390804598
2025-09-20 09:00:00+01:00,428.4,950.5593017146832,329.6597701149425
2025-09-20 10:00:00+01:00,99.63333333333334,821.7184325063677,560.5022988505748
2025-09-20 11:00:00+01:00,97.98333333333333,747.2770414082298,748.9183908045977
2025-09-20 12:00:00+01:00,93.63333333333334,669.9725198832405,808.5655172413793
2025-09-20 13:00:00+01:00,428.6333333333333,618.4361721999143,811.371264367816
2025-09-20 14:00:00+01:00,310.3333333333333,595.5311287851026,770.4206896551725
2025-09-20 15:00:00+01:00,139.01666666666668,572.626085370291,673.7114942528735
2025-09-20 16:00:00+01:00,131.96666666666667,569.7629549434397,521.2
2025-09-20 17:00:00+01:00,128.86666666666667,596.9626939985284,314.6655172413793
2025-09-20 18:00:00+01:00,144.01666666666668,635.6149547610231,100.61954022988506
2025-09-20 19:00:00+01:00,189.5,694.3091285114778,5.493103448275862
2025-09-20 20:00:00+01:00,122.83333333333333,753.0033022619328,0.0
2025-09-20 21:00:00+01:00,131.3,797.3818238781301,0.0
2025-09-20 22:00:00+01:00,111.05,768.7505196096157,0.0
2025-09-20 23:00:00+01:00,96.41666666666667,671.4040850966661,0.0
2025-09-21 00:00:00+01:00,89.5,428.0379988142925,0.0
2025-09-21 01:00:00+01:00,99.16666666666667,256.25017320320524,0.0
2025-09-21 02:00:00+01:00,94.36666666666666,152.2832025181792,0.0
2025-09-21 03:00:00+01:00,106.85,140.72065337337648,0.0
2025-09-21 04:00:00+01:00,91.73333333333333,148.97546403358086,0.0
2025-09-21 05:00:00+01:00,87.66666666666667,178.22218089906917,0.0
2025-09-21 06:00:00+01:00,90.65,278.7577701241851,0.0
2025-09-21 07:00:00+01:00,88.6,503.5919060276262,28.374712643678162
2025-09-21 08:00:00+01:00,92.23333333333333,637.9440116284629,195.72413793103448
2025-09-21 09:00:00+01:00,333.5,606.8693749588817,425.63103448275865
2025-09-21 10:00:00+01:00,98.33333333333333,524.6129837746957,607.8954022988506
2025-09-21 11:00:00+01:00,94.06666666666666,477.08706886827747,729.7551724137932
2025-09-21 12:00:00+01:00,98.93333333333334,427.73323415776593,788.7816091954023
2025-09-21 13:00:00+01:00,136.8,394.8306776840917,801.6517241379311
2025-09-21 14:00:00+01:00,138.73333333333332,380.2073192513475,760.1333333333333
2025-09-21 15:00:00+01:00,664.6833333333333,365.5839608186034,655.7057471264368
2025-09-21 16:00:00+01:00,110.91666666666667,363.75604101451034,509.8080459770115
2025-09-21 17:00:00+01:00,163.85,381.1212791533939,308.5402298850575
2025-09-21 18:00:00+01:00,133.4,405.79819650864977,97.0655172413793
2025-09-21 19:00:00+01:00,197.85,443.2705524925566,4.942528735632184
2025-09-21 20:00:00+01:00,123.78333333333333,480.7429084764634,0.0
2025-09-21 21:00:00+01:00,119.26666666666667,509.0756654399052,0.0
2025-09-21 22:00:00+01:00,103.85,490.7964673989749,0.0
2025-09-21 23:00:00+01:00,95.83333333333333,428.64719405981236,0.0
2025-09-22 00:00:00+01:00,94.65,273.274010711906,0.0
2025-09-22 01:00:00+01:00,92.05,163.598822466325,0.0
2025-09-22 02:00:00+01:00,93.31666666666666,62.30106808863607,0.0
2025-09-22 03:00:00+01:00,103.03333333333333,55.68096220200733,0.0
2025-09-22 04:00:00+01:00,98.45,59.63095338191409,0.0
2025-09-22 05:00:00+01:00,97.98333333333333,85.65173303947661,0.0
2025-09-22 06:00:00+01:00,93.95,162.62987285976573,0.0
2025-09-22 07:00:00+01:00,93.96666666666667,367.54351266307043,26.65977011494253
2025-09-22 08:00:00+01:00,94.61666666666666,464.03723722653143,192.52988505747126
2025-09-22 09:00:00+01:00,196.4,400.6115868112228,415.75747126436784
2025-09-22 10:00:00+01:00,118.63333333333334,326.8860444481291,590.8160919540229
2025-09-22 11:00:00+01:00,93.31666666666666,324.7176461433322,714.1655172413793
2025-09-22 12:00:00+01:00,76.91666666666667,267.7971906424142,786.3758620689655
2025-09-22 13:00:00+01:00,74.98333333333333,259.6656969994259,782.4310344827586
2025-09-22 14:00:00+01:00,155.95,239.6080126800548,682.1068965517242
2025-09-22 15:00:00+01:00,112.91666666666667,211.4188347176954,541.9413793103448
2025-09-22 16:00:00+01:00,113.08333333333333,200.57684319371103,478.651724137931
2025-09-22 17:00:00+01:00,111.53333333333333,192.44534955072274,246.7505747126437
2025-09-22 18:00:00+01:00,111.96666666666667,213.5872330224923,78.05747126436782
2025-09-22 19:00:00+01:00,237.43333333333334,228.76602115607045,2.5310344827586206
2025-09-22 20:00:00+01:00,124.13333333333334,252.61840250883606,0.0
2025-09-22 21:00:00+01:00,127.4,281.89177962359383,0.0
2025-09-22 22:00:00+01:00,97.83333333333333,284.60227750459,0.0
2025-09-22 23:00:00+01:00,98.88333333333334,240.15011225625403,0.0
2025-09-23 00:00:00+01:00,96.21666666666667,163.1719724359649,0.0
2025-09-23 01:00:00+01:00,89.86666666666666,83.48333473467974,0.0
2025-09-23 02:00:00+01:00,93.11666666666666,62.276841504903565,0.0
2025-09-23 03:00:00+01:00,97.98333333333333,67.77944768013407,0.0
2025-09-23 04:00:00+01:00,95.98333333333333,73.29731246575949,0.0
2025-09-23 05:00:00+01:00,90.78333333333333,105.28159426900001,0.0
2025-09-23 06:00:00+01:00,96.35,199.90176127025313,0.0
2025-09-23 07:00:00+01:00,99.36666666666666,451.7779804707721,1.5804597701149425
2025-09-23 08:00:00+01:00,99.0,570.3863588244557,27.112643678160918
2025-09-23 09:00:00+01:00,202.23333333333332,492.4246719290568,40.49425287356322
2025-09-23 10:00:00+01:00,149.38333333333333,401.8025401532088,74.60919540229885
2025-09-23 11:00:00+01:00,96.03333333333333,399.13718333627213,70.20919540229885
2025-09-23 12:00:00+01:00,103.46666666666667,329.1715668916835,125.77471264367816
2025-09-23 13:00:00+01:00,143.9,319.17647882817084,273.57586206896553
2025-09-23 14:00:00+01:00,178.3,294.5219282715063,160.48850574712645
2025-09-23 15:00:00+01:00,138.18333333333334,259.8722896513291,151.13333333333333
2025-09-23 16:00:00+01:00,139.68333333333334,246.54550556664555,45.59310344827586
2025-09-23 17:00:00+01:00,140.65,236.55041750313288,39.4448275862069
2025-09-23 18:00:00+01:00,141.06666666666666,262.5376464682658,13.455172413793102
2025-09-23 19:00:00+01:00,218.91666666666666,281.1951441868228,1.7528735632183907
2025-09-23 20:00:00+01:00,124.8,310.5140691731266,0.0
2025-09-23 21:00:00+01:00,126.06666666666666,346.4963862017721,0.0
2025-09-23 22:00:00+01:00,100.83333333333333,349.828082222943,0.0
2025-09-23 23:00:00+01:00,96.86666666666666,295.1882674757405,0.0
2025-09-24 00:00:00+01:00,104.93333333333334,200.56810047448732,0.0
2025-09-24 01:00:00+01:00,99.98333333333333,102.61623745206329,0.0
2025-09-24 02:00:00+01:00,96.2,63.04214284147984,0.0
2025-09-24 03:00:00+01:00,107.16666666666667,63.867698362513835,0.0
2025-09-24 04:00:00+01:00,95.61666666666666,68.81906238173075,0.0
2025-09-24 05:00:00+01:00,98.15,98.84919869375871,0.0
2025-09-24 06:00:00+01:00,94.16666666666667,187.68835195017473,0.0
2025-09-24 07:00:00+01:00,92.46666666666667,424.1756754073949,9.620689655172413
2025-09-24 08:00:00+01:00,94.3,535.5374308978318,64.97471264367816
2025-09-24 09:00:00+01:00,259.93333333333334,462.33897363726373,190.30919540229885
2025-09-24 10:00:00+01:00,91.08333333333333,377.2535874198512,368.4770114942529
2025-09-24 11:00:00+01:00,95.93333333333334,374.7510760605156,557.6137931034483
2025-09-24 12:00:00+01:00,100.86666666666666,309.06015287795435,589.6022988505748
2025-09-24 13:00:00+01:00,113.16666666666667,299.6757352804456,650.4735632183908
2025-09-24 14:00:00+01:00,166.46666666666667,276.52750520659083,350.8494252873563
2025-09-24 15:00:00+01:00,112.93333333333334,243.99485753522717,267.6620689655172
2025-09-24 16:00:00+01:00,168.93333333333334,231.48230073854884,201.2034482758621
2025-09-24 17:00:00+01:00,138.08333333333334,222.09788314104009,120.22873563218391
2025-09-24 18:00:00+01:00,199.98333333333332,246.4973688945628,25.132183908045977
2025-09-24 19:00:00+01:00,198.3,264.01494840991245,1.1057471264367815
2025-09-24 20:00:00+01:00,127.3,291.54257336260474,0.0
2025-09-24 21:00:00+01:00,119.0,325.32647671363617,0.0
2025-09-24 22:00:00+01:00,103.38333333333334,328.45461591280576,0.0
2025-09-24 23:00:00+01:00,99.88333333333334,277.15313304642467,0.0
2025-09-25 00:00:00+01:00,91.56666666666666,188.31397979000863,0.0
2025-09-25 01:00:00+01:00,95.3,96.34668733442304,0.0
2025-09-25 02:00:00+01:00,95.85,91.22753261537231,0.0
2025-09-25 03:00:00+01:00,106.41666666666667,114.57949282750909,0.0
2025-09-25 04:00:00+01:00,91.88333333333334,122.36407355962903,0.0
2025-09-25 05:00:00+01:00,93.85,146.38646836888137,0.0
2025-09-25 06:00:00+01:00,104.06666666666666,228.96345052568623,0.0
2025-09-25 07:00:00+01:00,94.01666666666667,413.63561062181356,1.5264367816091955
2025-09-25 08:00:00+01:00,90.98333333333333,523.9884867768164,13.406896551724138
2025-09-25 09:00:00+01:00,243.03333333333333,498.4646922919858,33.69080459770115
2025-09-25 10:00:00+01:00,101.98333333333333,430.90170689096357,118.41954022988506
2025-09-25 11:00:00+01:00,100.18333333333334,391.86531532592863,195.22528735632184
2025-09-25 12:00:00+01:00,199.78333333333333,351.3275240853153,369.81149425287356
2025-09-25 13:00:00+01:00,141.31666666666666,324.30232992490636,331.4206896551724
2025-09-25 14:00:00+01:00,182.43333333333334,312.29113252028026,202.49310344827583
2025-09-25 15:00:00+01:00,173.23333333333332,300.27993511565415,317.6471264367816
2025-09-25 16:00:00+01:00,149.15,298.7785354400758,145.0816091954023
2025-09-25 17:00:00+01:00,184.56666666666666,313.04183235806937,155.39885057471264
2025-09-25 18:00:00+01:00,146.15,333.31072797837606,28.442528735632184
2025-09-25 19:00:00+01:00,204.66666666666666,364.0894213277306,1.8172413793103448
2025-09-25 20:00:00+01:00,126.06666666666666,394.8681146770851,0.0
2025-09-25 21:00:00+01:00,113.65,418.1398096485483,0.0
2025-09-25 22:00:00+01:00,94.76666666666667,403.1258128927656,0.0
2025-09-25 23:00:00+01:00,90.13333333333334,352.0782239231045,0.0
2025-09-26 00:00:00+01:00,90.03333333333333,224.45925149895146,0.0
2025-09-26 01:00:00+01:00,96.9,134.37527096425518,0.0
2025-09-26 02:00:00+01:00,103.11666666666666,66.99135837150962,0.0
2025-09-26 03:00:00+01:00,108.06666666666666,66.3965822218891,0.0
2025-09-26 04:00:00+01:00,94.73333333333333,71.46600063372279,0.0
2025-09-26 05:00:00+01:00,97.81666666666666,102.65116454662001,0.0
2025-09-26 06:00:00+01:00,98.56666666666666,194.90727445560756,0.0
2025-09-26 07:00:00+01:00,94.46666666666667,440.4904402696731,3.5172413793103448
2025-09-26 08:00:00+01:00,93.15,556.1354231133337,52.05632183908046
2025-09-26 09:00:00+01:00,236.96666666666667,480.1215860756466,111.03448275862068
2025-09-26 10:00:00+01:00,95.46666666666667,391.7636216557712,172.10459770114943
2025-09-26 11:00:00+01:00,101.45,389.1648579963631,453.1425287356322
2025-09-26 12:00:00+01:00,94.96666666666667,320.94731193690046,400.9574712643678
2025-09-26 13:00:00+01:00,133.15,311.2019482141201,247.7344827586207
2025-09-26 14:00:00+01:00,178.43333333333334,287.16338436459523,129.7712643678161
2025-09-26 15:00:00+01:00,137.18333333333334,253.37945679228986,80.9816091954023
2025-09-26 16:00:00+01:00,189.8,240.3856384952493,57.14137931034483
2025-09-26 17:00:00+01:00,136.18333333333334,230.64027477246898,30.66551724137931
2025-09-26 18:00:00+01:00,138.33333333333334,255.97822045169792,8.367816091954023
2025-09-26 19:00:00+01:00,212.85,274.1695660675547,0.30459770114942525
2025-09-26 20:00:00+01:00,130.25,302.7559663210438,0.0
2025-09-26 21:00:00+01:00,129.08333333333334,337.8392757230531,0.0
2025-09-26 22:00:00+01:00,113.85,341.0877302973132,0.0
2025-09-26 23:00:00+01:00,98.23333333333333,287.81307527944716,0.0
2025-09-27 00:00:00+01:00,93.81666666666666,195.55696537045958,0.0
2025-09-27 01:00:00+01:00,99.78333333333333,100.0524008872119,0.0
2025-09-27 02:00:00+01:00,101.46666666666667,63.33893525714988,0.0
2025-09-27 03:00:00+01:00,99.63333333333334,64.88776501525331,0.0
2025-09-27 04:00:00+01:00,105.13333333333334,69.9570941436084,0.0
2025-09-27 05:00:00+01:00,96.1,100.48382613354663,0.0
2025-09-27 06:00:00+01:00,101.6,190.79207493711382,0.0
2025-09-27 07:00:00+01:00,95.93333333333334,431.1900893578773,0.4689655172413793
2025-09-27 08:00:00+01:00,95.76666666666667,544.3933871538981,15.701149425287356
2025-09-27 09:00:00+01:00,193.65,469.9844779284237,61.97011494252874
2025-09-27 10:00:00+01:00,151.98333333333332,383.49207062359875,161.05862068965516
2025-09-27 11:00:00+01:00,96.73333333333333,380.94817629110395,301.59080459770115
2025-09-27 12:00:00+01:00,96.11666666666666,314.1709500631141,790.6896551724137
2025-09-27 13:00:00+01:00,103.6,304.63134631625843,431.99310344827586
2025-09-27 14:00:00+01:00,183.83333333333334,281.10032374068106,391.77241379310345
2025-09-27 15:00:00+01:00,136.73333333333332,248.029697418248,492.32758620689657
2025-09-27 16:00:00+01:00,404.7,235.31022575577373,400.0827586206897
2025-09-27 17:00:00+01:00,968.5,225.770622008918,206.06436781609196
2025-09-27 18:00:00+01:00,149.78333333333333,250.5735917507428,40.52068965517241
2025-09-27 19:00:00+01:00,211.0,268.3808520782068,1.374712643678161
2025-09-27 20:00:00+01:00,134.71666666666667,296.3636897356502,0.0
2025-09-27 21:00:00+01:00,128.25,330.7062632243306,0.0
2025-09-27 22:00:00+01:00,105.46666666666667,333.8861311399492,0.0
2025-09-27 23:00:00+01:00,93.9,281.73629732380476,0.0
2025-09-28 00:00:00+01:00,97.75,191.4280485202375,0.0
2025-09-28 01:00:00+01:00,101.86666666666666,97.93993180105177,0.0
2025-09-28 02:00:00+01:00,96.63333333333334,66.7040197639118,0.0
2025-09-28 03:00:00+01:00,100.35,70.20519054101057,0.0
2025-09-28 04:00:00+01:00,86.21666666666667,75.79232711800834,0.0
2025-09-28 05:00:00+01:00,94.16666666666667,108.86534258768474,0.0
2025-09-28 06:00:00+01:00,94.6,206.70634668547729,0.0
2025-09-28 07:00:00+01:00,97.48333333333333,467.15634350917867,5.325287356321839
2025-09-28 08:00:00+01:00,120.05,589.8021092092284,70.47241379310344
2025-09-28 09:00:00+01:00,242.76666666666668,509.18663400189246,145.10459770114943
2025-09-28 10:00:00+01:00,82.38333333333334,415.4797568378095,267.29655172413794
2025-09-28 11:00:00+01:00,94.38333333333334,412.72367221533636,461.8770114942529
2025-09-28 12:00:00+01:00,133.96666666666667,340.37645087541927,655.5390804597702
2025-09-28 13:00:00+01:00,262.6666666666667,330.04113354114537,401.2988505747126
2025-09-28 14:00:00+01:00,280.48333333333335,304.5473507832699,597.3264367816092
2025-09-28 15:00:00+01:00,133.36666666666667,268.7182506911205,380.0620689655172
2025-09-28 16:00:00+01:00,142.66666666666666,254.93782757875528,403.9551724137931
2025-09-28 17:00:00+01:00,193.05,244.60251024448146,109.21609195402299
2025-09-28 18:00:00+01:00,145.88333333333333,271.47433531359354,29.804597701149426
2025-09-28 19:00:00+01:00,242.16666666666666,290.76692767090475,1.2379310344827588
2025-09-28 20:00:00+01:00,124.26666666666667,321.08385851810806,0.0
2025-09-28 21:00:00+01:00,125.1,358.2910009214939,0.0
2025-09-28 22:00:00+01:00,101.93333333333334,361.73610669958526,0.0
2025-09-28 23:00:00+01:00,92.8,305.2363719388881,0.0
2025-09-29 00:00:00+01:00,88.68333333333334,207.39536784109558,0.0
2025-09-29 01:00:00+01:00,104.38333333333334,106.10925796521165,0.0
2025-09-29 02:00:00+01:00,93.55,67.15078470657478,0.0
2025-09-29 03:00:00+01:00,102.38333333333334,68.78415554446366,0.0
2025-09-29 04:00:00+01:00,97.55,74.15741927140968,0.0
2025-09-29 05:00:00+01:00,97.31666666666666,106.51702040802482,0.0
2025-09-29 06:00:00+01:00,95.31666666666666,202.24750710384458,0.0
2025-09-29 07:00:00+01:00,99.4,457.0793660546888,0.34022988505747126
2025-09-29 08:00:00+01:00,97.06666666666666,577.0795536029698,14.535632183908046
2025-09-29 09:00:00+01:00,246.81666666666666,498.20302583247053,30.091954022988507
2025-09-29 10:00:00+01:00,103.95,406.51748927872757,145.90574712643678
2025-09-29 11:00:00+01:00,97.4,403.8208558506764,107.00459770114942
2025-09-29 12:00:00+01:00,96.03333333333333,333.0342283643307,120.64942528735632
2025-09-29 13:00:00+01:00,131.71666666666667,322.9218530091385,121.8735632183908
2025-09-29 14:00:00+01:00,248.48333333333332,297.9779937996644,289.68850574712644
2025-09-29 15:00:00+01:00,137.63333333333333,262.9217592349979,88.72068965517242
2025-09-29 16:00:00+01:00,187.3,249.4385920947416,62.21264367816092
2025-09-29 17:00:00+01:00,138.5,239.32621673954944,34.44022988505747
2025-09-29 18:00:00+01:00,177.3,265.61839266304924,14.971264367816094
2025-09-29 19:00:00+01:00,194.3,284.4948266594081,0.4931034482758621
2025-09-29 20:00:00+01:00,120.78333333333333,314.157794367972,0.0
2025-09-29 21:00:00+01:00,117.65,350.5623456466639,0.0
2025-09-29 22:00:00+01:00,99.3,353.93313743172797,0.0
2025-09-29 23:00:00+01:00,100.23333333333333,298.6521521566772,0.0
2025-09-30 00:00:00+01:00,101.41666666666667,202.92166546085738,0.0
2025-09-30 01:00:00+01:00,90.85,103.82038697997355,0.0
2025-09-30 02:00:00+01:00,102.2,113.77094359005788,0.0
2025-09-30 03:00:00+01:00,111.75,125.69518344525459,0.0
2025-09-30 04:00:00+01:00,100.85,134.26562968978513,0.0
2025-09-30 05:00:00+01:00,101.98333333333333,160.62452631600064,0.0
2025-09-30 06:00:00+01:00,85.76666666666667,251.23323346861636,0.0
2025-09-30 07:00:00+01:00,98.58333333333333,453.86725128264794,1.1160919540229883
2025-09-30 08:00:00+01:00,100.2,574.9534326593254,39.708045977011494
2025-09-30 09:00:00+01:00,229.0,546.9471049939715,245.6103448275862
2025-09-30 10:00:00+01:00,178.11666666666667,472.8127082327404,564.2747126436782
2025-09-30 11:00:00+01:00,111.51666666666667,429.97950121514015,517.9287356321839
2025-09-30 12:00:00+01:00,86.26666666666667,385.49886315840155,420.9068965517242
2025-09-30 13:00:00+01:00,136.76666666666668,355.8451044539091,484.8011494252874
2025-09-30 14:00:00+01:00,193.4,342.66565614080133,401.62873563218386
2025-09-30 15:00:00+01:00,142.05,329.4862078276936,212.17241379310343
2025-09-30 16:00:00+01:00,249.26666666666668,327.83877678855515,191.76896551724136
2025-09-30 17:00:00+01:00,130.5,343.48937166037064,191.48850574712645
2025-09-30 18:00:00+01:00,160.51666666666668,365.72969068873994,47.416091954022995
2025-09-30 19:00:00+01:00,199.73333333333332,399.50202699107854,0.8229885057471265
2025-09-30 20:00:00+01:00,127.26666666666667,433.27436329341714,0.0
2025-09-30 21:00:00+01:00,116.76666666666667,458.8095444000633,0.0
2025-09-30 22:00:00+01:00,98.43333333333334,442.3352340086787,0.0
2025-09-30 23:00:00+01:00,89.41666666666667,386.32257867797074,0.0
2025-10-01 00:00:00+01:00,98.45,246.29094035120096,0.0
2025-10-01 01:00:00+01:00,86.71666666666667,147.44507800289293,0.0
2025-10-01 02:00:00+01:00,82.83333333333333,116.41071010842116,0.0
2025-10-01 03:00:00+01:00,100.68333333333334,120.52415506989908,0.0
2025-10-01 04:00:00+01:00,99.51666666666667,128.32389488106563,0.0
2025-10-01 05:00:00+01:00,100.11666666666666,153.51631596201105,0.0
2025-10-01 06:00:00+01:00,95.91666666666667,240.11526342776085,0.0
2025-10-01 07:00:00+01:00,98.76666666666667,433.78200048752865,1.2379310344827588
2025-10-01 08:00:00+01:00,96.51666666666667,549.5096848281215,10.473563218390805
2025-10-01 09:00:00+01:00,249.06666666666666,522.742737429617,26.77816091954023
2025-10-01 10:00:00+01:00,103.4,451.88905313945816,75.93333333333334
2025-10-01 11:00:00+01:00,103.15,410.9513688829218,24.444827586206895
2025-10-01 12:00:00+01:00,99.66666666666667,368.4391583088265,172.21264367816093
2025-10-01 13:00:00+01:00,136.78333333333333,340.09768459276296,411.14022988505747
2025-10-01 14:00:00+01:00,187.4,327.50147405229023,556.7563218390804
2025-10-01 15:00:00+01:00,147.28333333333333,314.9052635118175,263.78160919540227
2025-10-01 16:00:00+01:00,143.78333333333333,313.33073719425846,42.722988505747125
2025-10-01 17:00:00+01:00,189.83333333333334,328.28873721106976,24.0
2025-10-01 18:00:00+01:00,178.7,349.5448424981175,5.379310344827586
2025-10-01 19:00:00+01:00,192.0,381.82263200807876,0.0
2025-10-01 20:00:00+01:00,133.01666666666668,414.10042151804004,0.0
2025-10-01 21:00:00+01:00,119.25,438.5055794402059,0.0
2025-10-01 22:00:00+01:00,101.85,422.760316264615,0.0
2025-10-01 23:00:00+01:00,94.76666666666667,369.22642146760603,0.0
2025-10-02 00:00:00+01:00,99.51666666666667,235.39168447508365,0.0
2025-10-02 01:00:00+01:00,102.23333333333333,140.92010542153832,0.0
2025-10-02 02:00:00+01:00,98.2,191.8896930709879,0.0
2025-10-02 03:00:00+01:00,99.21666666666667,238.35723180121195,0.0
2025-10-02 04:00:00+01:00,100.23333333333333,256.0648434136115,0.0
2025-10-02 05:00:00+01:00,93.23333333333333,306.33524212057824,0.0
2025-10-02 06:00:00+01:00,96.41666666666667,479.13973767577613,0.0
2025-10-02 07:00:00+01:00,91.43333333333334,865.5934277355826,1.832183908045977
2025-10-02 08:00:00+01:00,94.16666666666667,1096.5230717957108,45.201149425287355
2025-10-02 09:00:00+01:00,175.43333333333334,1043.1107731695586,263.64942528735634
2025-10-02 10:00:00+01:00,184.4,901.7252768062148,597.980459770115
2025-10-02 11:00:00+01:00,206.28333333333333,820.0358789073939,615.7275862068965
2025-10-02 12:00:00+01:00,266.56666666666666,735.2045810893877,640.0425287356321
2025-10-02 13:00:00+01:00,133.9,678.6503825440502,824.2425287356323
2025-10-02 14:00:00+01:00,202.98333333333332,653.5151831905667,496.316091954023
2025-10-02 15:00:00+01:00,141.76666666666668,628.3799838370836,274.73333333333335
2025-10-02 16:00:00+01:00,141.03333333333333,625.2380839178982,332.0252873563219
2025-10-02 17:00:00+01:00,142.71666666666667,655.0861331501596,139.02298850574712
2025-10-02 18:00:00+01:00,190.0,697.5017820591627,22.1
2025-10-02 19:00:00+01:00,228.01666666666668,761.9107304024637,0.7609195402298851
2025-10-02 20:00:00+01:00,150.06666666666666,826.3196787457647,0.0
2025-10-02 21:00:00+01:00,133.41666666666666,875.0191274931389,0.0
2025-10-02 22:00:00+01:00,97.61666666666666,843.6001283012845,0.0
2025-10-02 23:00:00+01:00,94.96666666666667,736.7755310489803,0.0
2025-10-03 00:00:00+01:00,99.15,469.7140379182199,0.0
2025-10-03 01:00:00+01:00,90.08333333333333,281.2000427670948,0.0
2025-10-03 02:00:00+01:00,103.81666666666666,219.02874855014443,0.0
2025-10-03 03:00:00+01:00,102.25,225.59182310867564,0.0
2025-10-03 04:00:00+01:00,95.85,240.12802574336595,0.0
2025-10-03 05:00:00+01:00,96.65,287.26972404881207,0.0
2025-10-03 06:00:00+01:00,99.71666666666667,449.31931197378293,0.0
2025-10-03 07:00:00+01:00,94.15,811.7211176968997,4.083908045977012
2025-10-03 08:00:00+01:00,109.45,1028.2782942875426,37.1551724137931
2025-10-03 09:00:00+01:00,234.38333333333333,978.1902398380062,90.8
2025-10-03 10:00:00+01:00,99.7,845.604213353939,80.54942528735633
2025-10-03 11:00:00+01:00,100.83333333333333,768.9989536075892,120.54597701149424
2025-10-03 12:00:00+01:00,167.35,689.4473377171489,310.31264367816095
2025-10-03 13:00:00+01:00,126.48333333333333,636.4129271235221,348.348275862069
2025-10-03 14:00:00+01:00,177.0,612.842077970799,474.3563218390804
2025-10-03 15:00:00+01:00,140.18333333333334,589.271228818076,410.24827586206897
2025-10-03 16:00:00+01:00,140.78333333333333,586.3248726739856,234.62873563218392
2025-10-03 17:00:00+01:00,179.61666666666667,614.3152560428442,45.46551724137931
2025-10-03 18:00:00+01:00,177.56666666666666,654.0910639880644,22.877011494252873
2025-10-03 19:00:00+01:00,196.75,714.4913649419171,0.48620689655172417
2025-10-03 20:00:00+01:00,117.3,774.8916658957698,0.0
2025-10-03 21:00:00+01:00,126.73333333333333,820.5601861291708,0.0
2025-10-03 22:00:00+01:00,86.68333333333334,791.0966246882671,0.0
2025-10-03 23:00:00+01:00,101.85,690.920515789194,0.0
2025-10-04 00:00:00+01:00,94.93333333333334,440.4802435415118,0.0
2025-10-04 01:00:00+01:00,89.15,263.698874896089,0.0
2025-10-04 02:00:00+01:00,98.21666666666667,331.3040465498005,0.0
2025-10-04 03:00:00+01:00,112.53333333333333,367.0466616160565,0.0
2025-10-04 04:00:00+01:00,93.38333333333334,386.0357671504553,0.0
2025-10-04 05:00:00+01:00,98.88333333333334,443.76074167762624,0.0
2025-10-04 06:00:00+01:00,97.78333333333333,600.7005161733721,0.0
2025-10-04 07:00:00+01:00,95.13333333333334,887.5214833552525,0.3252873563218391
2025-10-04 08:00:00+01:00,97.98333333333333,1123.833097825858,22.673563218390807
2025-10-04 09:00:00+01:00,240.98333333333332,1040.8534469430504,46.03218390804598
2025-10-04 10:00:00+01:00,95.68333333333334,948.8542687903714,84.22068965517242
2025-10-04 11:00:00+01:00,89.5,874.8941451774338,109.06896551724138
2025-10-04 12:00:00+01:00,93.76666666666667,809.9535488343665,98.6551724137931
2025-10-04 13:00:00+01:00,136.55,779.287156116807,73.13908045977011
2025-10-04 14:00:00+01:00,186.1,766.6598179389886,47.79655172413793
2025-10-04 15:00:00+01:00,146.71666666666667,766.6598179389886,33.11609195402299
2025-10-04 16:00:00+01:00,147.86666666666667,790.1105888406514,44.60459770114942
2025-10-04 17:00:00+01:00,194.6,829.7965088280814,11.96896551724138
2025-10-04 18:00:00+01:00,184.03333333333333,869.4824288155115,3.22183908045977
2025-10-04 19:00:00+01:00,185.61666666666667,923.5995924347342,0.0
2025-10-04 20:00:00+01:00,129.48333333333332,947.0503633363974,0.0
2025-10-04 21:00:00+01:00,122.61666666666666,948.8542687903714,0.0
2025-10-04 22:00:00+01:00,107.65,901.9527269870453,0.0
2025-10-04 23:00:00+01:00,96.0,775.6793452088588,0.0
2025-10-05 00:00:00+01:00,98.51666666666667,519.5247707445379,0.0
2025-10-05 01:00:00+01:00,94.63333333333334,389.6435780584035,0.0
2025-10-05 02:00:00+01:00,94.95,353.7136708313535,0.0
2025-10-05 03:00:00+01:00,102.86666666666666,373.414220491817,0.0
2025-10-05 04:00:00+01:00,94.68333333333334,391.79592984865553,0.0
2025-10-05 05:00:00+01:00,94.66666666666667,450.38223711574426,0.0
2025-10-05 06:00:00+01:00,96.83333333333333,609.6637599981417,0.0
2025-10-05 07:00:00+01:00,94.38333333333334,900.7644742314885,2.8413793103448275
2025-10-05 08:00:00+01:00,95.15,1140.6021696061327,32.871264367816096
2025-10-05 09:00:00+01:00,239.33333333333334,1056.3843529096928,89.77011494252874
2025-10-05 10:00:00+01:00,100.03333333333333,963.0124257027703,450.18735632183905
2025-10-05 11:00:00+01:00,100.28333333333333,887.948719516813,435.8574712643678
2025-10-05 12:00:00+01:00,100.6,822.0391238413381,648.0252873563219
2025-10-05 13:00:00+01:00,137.06666666666666,790.9151481056973,509.08965517241376
2025-10-05 14:00:00+01:00,139.91666666666666,778.0993933910216,476.44712643678156
2025-10-05 15:00:00+01:00,187.35,778.0993933910216,219.62183908045978
2025-10-05 16:00:00+01:00,769.1666666666666,801.9000807182763,484.0057471264368
2025-10-05 17:00:00+01:00,692.5833333333334,842.1781669643998,128.76781609195402
2025-10-05 18:00:00+01:00,189.33333333333334,882.4562532105232,8.901149425287356
2025-10-05 19:00:00+01:00,210.55,937.380916273419,0.4494252873563218
2025-10-05 20:00:00+01:00,119.3,961.1816036006738,0.0
2025-10-05 21:00:00+01:00,117.9,963.0124257027703,0.0
2025-10-05 22:00:00+01:00,94.85,915.4110510482607,0.0
2025-10-05 23:00:00+01:00,95.35,787.2535039015041,0.0
2025-10-06 00:00:00+01:00,101.66666666666667,527.2767654037981,0.0
2025-10-06 01:00:00+01:00,95.46666666666667,395.45757405284866,0.0
2025-10-06 02:00:00+01:00,96.58333333333333,414.0624994885688,0.0
2025-10-06 03:00:00+01:00,106.15,459.2972947847408,0.0
2025-10-06 04:00:00+01:00,98.98333333333333,483.0818462616506,0.0
2025-10-06 05:00:00+01:00,94.06666666666666,555.3183840204022,0.0
2025-10-06 06:00:00+01:00,96.55,751.7114710520078,0.0
2025-10-06 07:00:00+01:00,96.33333333333333,1110.6367680408043,8.545977011494251
2025-10-06 08:00:00+01:00,93.73333333333333,1406.3550944906933,69.65287356321839
2025-10-06 09:00:00+01:00,148.05,1302.515071462488,140.6689655172414
2025-10-06 10:00:00+01:00,177.36666666666667,1187.3880894094777,150.81264367816092
2025-10-06 11:00:00+01:00,92.18333333333334,1094.8350254060774,146.84367816091952
2025-10-06 12:00:00+01:00,410.15,1013.5689204274818,143.54482758620688
2025-10-06 13:00:00+01:00,120.3,975.1932597431454,137.41034482758621
2025-10-06 14:00:00+01:00,720.95,959.3915171084184,120.57241379310344
2025-10-06 15:00:00+01:00,121.43333333333334,959.3915171084184,92.30574712643677
2025-10-06 16:00:00+01:00,107.66666666666667,988.7376105729109,65.62298850574713
2025-10-06 17:00:00+01:00,186.8,1038.400230282053,27.83793103448276
2025-10-06 18:00:00+01:00,141.9,1088.0628499911943,6.005747126436782
2025-10-06 19:00:00+01:00,207.85,1155.784604140024,0.0
2025-10-06 20:00:00+01:00,127.63333333333334,1185.1306976045169,0.0
2025-10-06 21:00:00+01:00,128.38333333333333,1187.3880894094777,0.0
2025-10-06 22:00:00+01:00,105.88333333333334,1128.6959024804921,0.0
2025-10-06 23:00:00+01:00,95.68333333333334,970.6784761332231,0.0
2025-10-07 00:00:00+01:00,101.68333333333334,650.1288398287635,0.0
2025-10-07 01:00:00+01:00,99.3,487.5966298715727,0.0
2025-10-07 02:00:00+01:00,96.7,412.81007564652384,0.0
2025-10-07 03:00:00+01:00,86.86666666666666,424.4510435106141,0.0
2025-10-07 04:00:00+01:00,89.9,444.7549586158518,0.0
2025-10-07 05:00:00+01:00,101.03333333333333,511.2603729883156,0.0
2025-10-07 06:00:00+01:00,91.11666666666666,692.0719683134516,0.0
2025-10-07 07:00:00+01:00,90.66666666666667,1022.5207459766312,9.13793103448276
2025-10-07 08:00:00+01:00,91.2,1294.777286063905,153.11724137931034
2025-10-07 09:00:00+01:00,219.25,1199.1757529034883,389.53333333333336
2025-10-07 10:00:00+01:00,132.45,1093.182748747374,585.1218390804598
2025-10-07 11:00:00+01:00,101.98333333333333,1007.9726865826548,587.3436781609196
2025-10-07 12:00:00+01:00,96.93333333333334,933.154095413633,634.9885057471264
2025-10-07 13:00:00+01:00,138.1,897.8230940282615,509.4045977011494
2025-10-07 14:00:00+01:00,102.91666666666667,883.2750346342851,665.696551724138
2025-10-07 15:00:00+01:00,190.56666666666666,883.2750346342851,368.2770114942529
2025-10-07 16:00:00+01:00,141.63333333333333,910.2928592230985,228.3574712643678
2025-10-07 17:00:00+01:00,145.91666666666666,956.0153316041673,82.10344827586206
2025-10-07 18:00:00+01:00,138.81666666666666,1001.7378039852363,11.671264367816091
2025-10-07 19:00:00+01:00,215.11666666666667,1064.086629959421,0.0
2025-10-07 20:00:00+01:00,129.56666666666666,1091.1044545482346,0.0
2025-10-07 21:00:00+01:00,122.38333333333334,1093.182748747374,0.0
2025-10-07 22:00:00+01:00,101.3,1039.147099569747,0.0
2025-10-07 23:00:00+01:00,93.58333333333333,893.6665056299826,0.0
2025-10-08 00:00:00+01:00,91.85,598.5487293521744,0.0
2025-10-08 01:00:00+01:00,93.46666666666667,448.91154701413075,0.0
2025-10-08 02:00:00+01:00,96.33333333333333,198.67247378540796,0.0
2025-10-08 03:00:00+01:00,103.71666666666667,174.04238501100718,0.0
2025-10-08 04:00:00+01:00,99.7,183.73698570665258,0.0
2025-10-08 05:00:00+01:00,96.78333333333333,219.8080503852592,0.0
2025-10-08 06:00:00+01:00,100.06666666666666,343.80233521796947,0.0
2025-10-08 07:00:00+01:00,97.4,621.0986449347581,0.09655172413793103
2025-10-08 08:00:00+01:00,100.85,786.8000983021072,10.614942528735632
2025-10-08 09:00:00+01:00,249.28333333333333,748.4745920810878,31.273563218390805
2025-10-08 10:00:00+01:00,107.88333333333334,647.0247226725066,46.99655172413793
2025-10-08 11:00:00+01:00,100.75,588.4092425697709,77.04137931034482
2025-10-08 12:00:00+01:00,95.8,527.5393209246222,230.4609195402299
2025-10-08 13:00:00+01:00,798.55,486.95937316118966,153.59080459770115
2025-10-08 14:00:00+01:00,314.3333333333333,468.9238408218863,304.8816091954023
2025-10-08 15:00:00+01:00,136.11666666666667,450.88830848258306,79.65402298850576
2025-10-08 16:00:00+01:00,135.98333333333332,448.63386694017004,62.05747126436781
2025-10-08 17:00:00+01:00,140.35,470.0510615930928,46.60229885057471
2025-10-08 18:00:00+01:00,139.21666666666667,500.4860224156672,5.11264367816092
2025-10-08 19:00:00+01:00,205.9,546.7020740351319,0.0
2025-10-08 20:00:00+01:00,124.35,592.9181256545967,0.0
2025-10-08 21:00:00+01:00,126.46666666666667,627.861969561997,0.0
2025-10-08 22:00:00+01:00,99.81666666666666,605.3175541378677,0.0
2025-10-08 23:00:00+01:00,98.91666666666667,528.6665416958285,0.0
2025-10-09 00:00:00+01:00,99.11666666666666,337.03901059073075,0.0
2025-10-09 01:00:00+01:00,95.75,201.77251804595588,0.0
2025-10-09 02:00:00+01:00,96.11666666666666,178.6730798605641,0.0
2025-10-09 03:00:00+01:00,110.33333333333333,192.91673758661037,0.0
2025-10-09 04:00:00+01:00,97.28333333333333,205.83214595783838,0.0
2025-10-09 05:00:00+01:00,102.98333333333333,246.24091080845696,0.0
2025-10-09 06:00:00+01:00,99.41666666666667,385.1460399824583,0.0
2025-10-09 07:00:00+01:00,94.7,695.7884197715887,2.235632183908046
2025-10-09 08:00:00+01:00,96.35,881.4161833041178,43.63448275862069
2025-10-09 09:00:00+01:00,250.25,838.4818706503355,182.26321839080458
2025-10-09 10:00:00+01:00,84.5,724.8322195079709,302.68620689655177
2025-10-09 11:00:00+01:00,95.25,659.1679766257156,262.0816091954023
2025-10-09 12:00:00+01:00,96.06666666666666,590.9781859402967,168.37701149425286
2025-10-09 13:00:00+01:00,159.8,545.5183254833508,241.24367816091953
2025-10-09 14:00:00+01:00,192.6,525.3139430580414,264.8551724137931
2025-10-09 15:00:00+01:00,135.71666666666667,505.10956063273227,241.5712643678161
2025-10-09 16:00:00+01:00,143.08333333333334,502.5840128295687,43.05287356321839
2025-10-09 17:00:00+01:00,149.5,526.5767169596234,17.28735632183908
2025-10-09 18:00:00+01:00,151.86666666666667,560.6716123023327,5.932183908045976
2025-10-09 19:00:00+01:00,235.15,612.4453422671879,0.0
2025-10-09 20:00:00+01:00,122.33333333333333,664.2190722320429,0.0
2025-10-09 21:00:00+01:00,114.03333333333333,703.3650631810797,0.0
2025-10-09 22:00:00+01:00,98.7,678.109585149443,0.0
2025-10-09 23:00:00+01:00,91.86666666666666,592.2409598418785,0.0
2025-10-10 00:00:00+01:00,87.48333333333333,377.5693965729673,0.0
2025-10-10 01:00:00+01:00,105.1,226.03652838314767,0.0
2025-10-10 02:00:00+01:00,99.46666666666667,192.8986305548445,0.0
2025-10-10 03:00:00+01:00,100.3,205.5238248118265,0.0
2025-10-10 04:00:00+01:00,90.16666666666667,219.13789721708025,0.0
2025-10-10 05:00:00+01:00,102.0,262.1588340940531,0.0
2025-10-10 06:00:00+01:00,100.8,410.0433046086471,0.0
2025-10-10 07:00:00+01:00,260.6666666666667,740.7667568503756,2.3505747126436782
2025-10-10 08:00:00+01:00,108.9,938.3941856289694,54.98850574712643
2025-10-10 09:00:00+01:00,96.1,892.6844401971858,125.4367816091954
2025-10-10 10:00:00+01:00,101.08333333333333,771.6880552306999,90.61954022988506
2025-10-10 11:00:00+01:00,132.83333333333334,701.7790328056191,169.4045977011494
2025-10-10 12:00:00+01:00,188.56666666666666,629.1812018257274,133.15402298850574
2025-10-10 13:00:00+01:00,139.78333333333333,580.7826478391329,697.4425287356321
2025-10-10 14:00:00+01:00,139.31666666666666,559.2721794006466,359.4367816091954
2025-10-10 15:00:00+01:00,129.26666666666668,537.7617109621601,226.80229885057472
2025-10-10 16:00:00+01:00,145.73333333333332,535.0729024073494,176.97011494252874
2025-10-10 17:00:00+01:00,223.61666666666667,560.616583678052,165.58735632183908
2025-10-10 18:00:00+01:00,119.88333333333334,596.9154991679978,13.087356321839081
2025-10-10 19:00:00+01:00,128.6,652.0360745416193,0.0
2025-10-10 20:00:00+01:00,94.71666666666667,707.1566499152407,0.0
2025-10-10 21:00:00+01:00,103.9,748.8331825148078,0.0
2025-10-10 22:00:00+01:00,94.35,721.9450969666999,0.0
2025-10-10 23:00:00+01:00,96.11666666666666,630.5256061031326,0.0
2025-10-11 00:00:00+01:00,100.35,401.97687894421466,0.0
2025-10-11 01:00:00+01:00,103.65,240.64836565556666,0.0
2025-10-11 02:00:00+01:00,98.4,140.9688709849169,0.0
2025-10-11 03:00:00+01:00,95.61666666666666,129.58431510654313,0.0
2025-10-11 04:00:00+01:00,96.8,137.1522372198364,0.0
2025-10-11 05:00:00+01:00,92.0,164.07782980287178,0.0
2025-10-11 06:00:00+01:00,91.76666666666667,256.6345543070559,0.0
2025-10-11 07:00:00+01:00,253.75,463.62504728914024,0.2896551724137931
2025-10-11 08:00:00+01:00,94.41666666666667,587.3144882174589,14.056321839080459
2025-10-11 09:00:00+01:00,108.3,558.7060460979839,60.50459770114943
2025-10-11 10:00:00+01:00,96.23333333333333,482.97781695819685,95.30459770114943
2025-10-11 11:00:00+01:00,199.51666666666668,439.2237290107645,506.2597701149425
2025-10-11 12:00:00+01:00,114.76666666666667,393.7867915268923,474.1367816091954
2025-10-11 13:00:00+01:00,113.6,363.49549987097754,362.8149425287356
2025-10-11 14:00:00+01:00,142.96666666666667,350.03270357945974,274.22758620689655
2025-10-11 15:00:00+01:00,144.23333333333332,336.5699072879421,192.60574712643677
2025-10-11 16:00:00+01:00,144.0,334.8870577515024,107.54252873563219
2025-10-11 17:00:00+01:00,235.66666666666666,350.8741283476797,51.93793103448276
2025-10-11 18:00:00+01:00,132.38333333333333,373.59259708961577,5.68735632183908
2025-10-11 19:00:00+01:00,130.1,408.0910125866298,0.0
2025-10-11 20:00:00+01:00,142.98333333333332,442.5894280836439,0.0
2025-10-11 21:00:00+01:00,180.0,468.6735958984593,0.0
2025-10-11 22:00:00+01:00,146.08333333333334,451.8451005340622,0.0
2025-10-11 23:00:00+01:00,103.13333333333334,394.6282162951121,0.0
2025-10-12 00:00:00+01:00,89.38333333333334,251.5860056977367,0.0
2025-10-12 01:00:00+01:00,102.0,150.61503351135408,0.0
2025-10-12 02:00:00+01:00,103.15,60.58679144471808,0.0
2025-10-12 03:00:00+01:00,112.08333333333333,55.34771897844559,0.0
2025-10-12 04:00:00+01:00,91.45,59.33699343550523,0.0
2025-10-12 05:00:00+01:00,97.46666666666667,85.22949966190754,0.0
2025-10-12 06:00:00+01:00,97.55,161.82816391501427,0.0
2025-10-12 07:00:00+01:00,91.53333333333333,365.7316504479323,1.6632183908045977
2025-10-12 08:00:00+01:00,97.93333333333334,461.7496943708408,31.76206896551724
2025-10-12 09:00:00+01:00,250.7,398.6367104439852,212.9287356321839
2025-10-12 10:00:00+01:00,100.01666666666667,325.27460946917876,465.9793103448276
2025-10-12 11:00:00+01:00,88.58333333333333,323.1169006169785,566.7965517241379
2025-10-12 12:00:00+01:00,120.08333333333333,266.4770432467235,335.42988505747127
2025-10-12 13:00:00+01:00,143.9,258.3856350509728,219.632183908046
2025-10-12 14:00:00+01:00,193.26666666666668,238.42682816812106,81.6712643678161
2025-10-12 15:00:00+01:00,143.78333333333333,210.37661308951854,77.8448275862069
2025-10-12 16:00:00+01:00,138.71666666666667,199.5880688285176,211.72298850574714
2025-10-12 17:00:00+01:00,574.5,191.4966606327669,51.48045977011495
2025-10-12 18:00:00+01:00,798.3,212.53432194171876,3.209195402298851
2025-10-12 19:00:00+01:00,199.5,227.6382839071201,0.0
2025-10-12 20:00:00+01:00,125.06666666666666,251.3730812813222,0.0
2025-10-12 21:00:00+01:00,119.56666666666666,280.50215078602474,0.0
2025-10-12 22:00:00+01:00,89.4,283.19928685127496,0.0
2025-10-12 23:00:00+01:00,94.83333333333333,238.96625538117112,0.0
2025-10-13 00:00:00+01:00,96.81666666666666,162.3675911280643,0.0
2025-10-13 01:00:00+01:00,101.26666666666667,83.07179080970732,0.0
2025-10-13 02:00:00+01:00,101.93333333333334,41.53199630911208,0.0
2025-10-13 03:00:00+01:00,100.58333333333333,39.09267777341795,0.0
2025-10-13 04:00:00+01:00,99.26666666666667,41.974639652251064,0.0
2025-10-13 05:00:00+01:00,95.46666666666667,60.290846045960635,0.0
2025-10-13 06:00:00+01:00,101.11666666666666,114.47628996068474,0.0
2025-10-13 07:00:00+01:00,100.71666666666667,258.7164153111475,1.3988505747126436
2025-10-13 08:00:00+01:00,103.45,326.63901402115374,81.26206896551724
2025-10-13 09:00:00+01:00,242.45,281.9932609364867,171.9609195402299
2025-10-13 10:00:00+01:00,99.7,230.0973428209763,429.2413793103448
2025-10-13 11:00:00+01:00,93.65,228.57099228816722,224.7471264367816
2025-10-13 12:00:00+01:00,116.16666666666667,188.5042908019275,298.66896551724136
2025-10-13 13:00:00+01:00,122.93333333333334,182.78047630389327,321.10689655172416
2025-10-13 14:00:00+01:00,508.9,168.66173387540883,348.6172413793103
2025-10-13 15:00:00+01:00,101.63333333333334,148.8191769488901,247.68735632183908
2025-10-13 16:00:00+01:00,83.85,141.1874242848445,357.31264367816095
2025-10-13 17:00:00+01:00,155.86666666666667,135.46360978681028,139.67471264367816
2025-10-13 18:00:00+01:00,123.83333333333333,150.34552748169926,5.251724137931035
2025-10-13 19:00:00+01:00,201.88333333333333,161.0299812113632,0.0
2025-10-13 20:00:00+01:00,127.16666666666667,177.81983707226365,0.0
2025-10-13 21:00:00+01:00,134.08333333333334,198.42556926518685,0.0
2025-10-13 22:00:00+01:00,110.05,200.33350743119826,0.0
2025-10-13 23:00:00+01:00,105.45,169.04332150861111,0.0
2025-10-14 00:00:00+01:00,94.21666666666667,114.85787759388701,0.0
2025-10-14 01:00:00+01:00,103.85,58.76449551315151,0.0
2025-10-14 02:00:00+01:00,99.66666666666667,42.231057743071666,0.0
2025-10-14 03:00:00+01:00,105.25,45.37843775394411,0.0
2025-10-14 04:00:00+01:00,94.7,49.04176576651914,0.0
2025-10-14 05:00:00+01:00,91.38333333333334,70.44180901009115,0.0
2025-10-14 06:00:00+01:00,94.75,133.75027027232494,0.0
2025-10-14 07:00:00+01:00,95.23333333333333,302.2756108154544,1.3344827586206898
2025-10-14 08:00:00+01:00,103.51666666666667,381.6341045103672,60.07356321839081
2025-10-14 09:00:00+01:00,256.65,329.47149910416044,242.0367816091954
2025-10-14 10:00:00+01:00,96.58333333333333,268.83804324737315,301.12528735632185
2025-10-14 11:00:00+01:00,99.91666666666667,267.05470631040885,151.02528735632183
2025-10-14 12:00:00+01:00,101.51666666666667,220.24211171509506,580.7597701149425
2025-10-14 13:00:00+01:00,107.03333333333333,213.5545982014788,508.52758620689656
2025-10-14 14:00:00+01:00,176.36666666666667,197.05873153455877,522.1977011494253
2025-10-14 15:00:00+01:00,140.31666666666666,173.87535135402243,507.28735632183907
2025-10-14 16:00:00+01:00,122.95,164.95866666920077,345.348275862069
2025-10-14 17:00:00+01:00,139.25,158.2711531555845,126.24827586206897
2025-10-14 18:00:00+01:00,144.88333333333333,175.65868829098676,5.513793103448276
2025-10-14 19:00:00+01:00,181.68333333333334,188.1420468497371,0.0
2025-10-14 20:00:00+01:00,124.15,207.75875315634477,0.0
2025-10-14 21:00:00+01:00,122.58333333333333,231.83380180536327,0.0
2025-10-14 22:00:00+01:00,104.28333333333333,234.06297297656863,0.0
2025-10-14 23:00:00+01:00,101.08333333333333,197.50456576879984,0.0
2025-10-15 00:00:00+01:00,100.86666666666666,134.196104506566,0.0
2025-10-15 01:00:00+01:00,96.18333333333334,68.6584720731268,0.0
2025-10-15 02:00:00+01:00,98.58333333333333,48.70772974991747,0.0
2025-10-15 03:00:00+01:00,105.93333333333334,52.061803971519474,0.0
2025-10-15 04:00:00+01:00,99.96666666666667,56.249136714859695,0.0
2025-10-15 05:00:00+01:00,99.91666666666667,80.7942145540712,0.0
2025-10-15 06:00:00+01:00,86.78333333333333,153.4067364950719,0.0
2025-10-15 07:00:00+01:00,96.15,346.6992244788625,1.7
2025-10-15 08:00:00+01:00,94.36666666666666,437.7205547992718,58.55862068965517
2025-10-15 09:00:00+01:00,250.66666666666666,377.8919275661937,132.0977011494253
2025-10-15 10:00:00+01:00,95.71666666666667,308.3475403550945,405.01379310344834
2025-10-15 11:00:00+01:00,102.6,306.30211720182695,562.9022988505748
2025-10-15 12:00:00+01:00,102.08333333333333,252.60975942855174,660.8126436781608
2025-10-15 13:00:00+01:00,128.16666666666666,244.93942260379814,638.2770114942529
2025-10-15 14:00:00+01:00,111.91666666666667,226.01925843607262,583.3747126436781
2025-10-15 15:00:00+01:00,95.63333333333334,199.42875744359344,438.3425287356322
2025-10-15 16:00:00+01:00,158.35,189.20164167725534,266.5919540229885
2025-10-15 17:00:00+01:00,145.96666666666667,181.5313048525017,29.710344827586205
2025-10-15 18:00:00+01:00,150.45,201.4741805968611,1.9586206896551726
2025-10-15 19:00:00+01:00,220.4,215.7921426697345,0.0
2025-10-15 20:00:00+01:00,118.85,238.29179735567837,0.0
2025-10-15 21:00:00+01:00,125.86666666666666,265.9050099247913,0.0
2025-10-15 22:00:00+01:00,91.55,268.46178886637585,0.0
2025-10-15 23:00:00+01:00,91.96666666666667,226.5306142243895,0.0
2025-10-16 00:00:00+01:00,100.46666666666667,153.91809228338883,0.0
2025-10-16 01:00:00+01:00,101.76666666666667,78.74879140080358,0.0
2025-10-16 02:00:00+01:00,102.28333333333333,101.22639611794615,0.0
2025-10-16 03:00:00+01:00,110.91666666666667,139.5658893878508,0.0
2025-10-16 04:00:00+01:00,93.96666666666667,149.83078533718628,0.0
2025-10-16 05:00:00+01:00,99.51666666666667,179.24541804141916,0.0
2025-10-16 06:00:00+01:00,98.73333333333333,280.3582179622197,0.0
2025-10-16 07:00:00+01:00,95.48333333333333,506.4832068760101,0.0
2025-10-16 08:00:00+01:00,107.66666666666667,641.6066758610799,10.305747126436781
2025-10-16 09:00:00+01:00,248.0,610.3536286128325,42.69310344827586
2025-10-16 10:00:00+01:00,94.1,527.6249741321775,98.27126436781609
2025-10-16 11:00:00+01:00,89.43333333333334,479.826195987799,331.2149425287356
2025-10-16 12:00:00+01:00,117.05,430.189003299406,565.2632183908046
2025-10-16 13:00:00+01:00,110.7,397.097541507144,734.4735632183908
2025-10-16 14:00:00+01:00,181.6,382.3902251550275,626.4701149425288
2025-10-16 15:00:00+01:00,143.7,367.68290880291113,314.20919540229886
2025-10-16 16:00:00+01:00,127.43333333333334,365.8444942588966,63.01034482758621
2025-10-16 17:00:00+01:00,146.85,383.30943242703484,33.10114942528735
2025-10-16 18:00:00+01:00,149.91666666666666,408.12802877123136,2.8609195402298853
2025-10-16 19:00:00+01:00,221.43333333333334,445.8155269235297,0.0
2025-10-16 20:00:00+01:00,129.2,483.5030250758282,0.0
2025-10-16 21:00:00+01:00,112.03333333333333,511.9984505080537,0.0
2025-10-16 22:00:00+01:00,102.53333333333333,493.61430506790816,0.0
2025-10-16 23:00:00+01:00,92.21666666666667,431.1082105714132,0.0
2025-10-17 00:00:00+01:00,90.71666666666667,274.84297433017605,0.0
2025-10-17 01:00:00+01:00,99.25,164.53810168930275,0.0
2025-10-17 02:00:00+01:00,97.05,114.2089169838524,0.0
2025-10-17 03:00:00+01:00,112.4,112.60073555482003,0.0
2025-10-17 04:00:00+01:00,101.73333333333333,119.59603905463781,0.0
2025-10-17 05:00:00+01:00,101.8,143.07501604695938,0.0
2025-10-17 06:00:00+01:00,92.58333333333333,223.78399945806464,0.0
2025-10-17 07:00:00+01:00,100.45,404.27863508653644,0.0
2025-10-17 08:00:00+01:00,101.91666666666667,512.1351856450136,16.95632183908046
2025-10-17 09:00:00+01:00,193.76666666666668,487.18877259067193,102.94252873563218
2025-10-17 10:00:00+01:00,172.26666666666668,421.1541497997676,242.87126436781608
2025-10-17 11:00:00+01:00,98.4,383.00081218724506,263.8551724137931
2025-10-17 12:00:00+01:00,87.2,343.38003851270247,730.7114942528735
2025-10-17 13:00:00+01:00,138.96666666666667,316.9661893963408,423.7149425287356
2025-10-17 14:00:00+01:00,186.5,305.22670090017994,115.1712643678161
2025-10-17 15:00:00+01:00,141.48333333333332,293.48721240401926,257.8712643678161
2025-10-17 16:00:00+01:00,140.56666666666666,292.0197763419991,159.41149425287355
2025-10-17 17:00:00+01:00,140.46666666666667,305.96041893119,22.728735632183906
2025-10-17 18:00:00+01:00,148.43333333333334,325.77080576846134,0.9804597701149426
2025-10-17 19:00:00+01:00,217.1,355.8532450398733,0.0
2025-10-17 20:00:00+01:00,130.71666666666667,385.93568431128534,0.0
2025-10-17 21:00:00+01:00,123.13333333333334,408.6809432725968,0.0
2025-10-17 22:00:00+01:00,102.56666666666666,394.00658265239576,0.0
2025-10-17 23:00:00+01:00,103.66666666666667,344.11375654371244,0.0
2025-10-18 00:00:00+01:00,100.66666666666667,219.3816912720044,0.0
2025-10-18 01:00:00+01:00,103.18333333333334,131.3355275507986,0.0
2025-10-18 02:00:00+01:00,101.7,125.04224378832075,0.0
2025-10-18 03:00:00+01:00,102.31666666666666,138.60307320901433,0.0
2025-10-18 04:00:00+01:00,93.83333333333333,148.07748372052646,0.0
2025-10-18 05:00:00+01:00,92.33333333333333,177.14790997240897,0.0
2025-10-18 06:00:00+01:00,99.05,277.0775002132551,0.0
2025-10-18 07:00:00+01:00,96.23333333333333,500.5564020246018,1.3436781609195403
2025-10-18 08:00:00+01:00,177.61666666666667,634.0986726191869,42.687356321839076
2025-10-18 09:00:00+01:00,181.95,603.211344726562,69.12528735632185
2025-10-18 10:00:00+01:00,99.43333333333334,521.4507708931424,113.29080459770115
2025-10-18 11:00:00+01:00,104.35,474.2113282338333,201.49540229885056
2025-10-18 12:00:00+01:00,110.13333333333334,425.1549839337816,359.2942528735632
2025-10-18 13:00:00+01:00,144.63333333333333,392.45075440041376,740.2206896551725
2025-10-18 14:00:00+01:00,175.33333333333334,377.9155412744725,453.1747126436782
2025-10-18 15:00:00+01:00,146.18333333333334,363.3803281485312,99.2103448275862
2025-10-18 16:00:00+01:00,144.75,361.5634265077886,81.21379310344828
2025-10-18 17:00:00+01:00,146.65,378.82399209484385,119.80574712643677
2025-10-18 18:00:00+01:00,140.76666666666668,403.3521642448697,8.632183908045977
2025-10-18 19:00:00+01:00,230.48333333333332,440.59864788009406,0.0
2025-10-18 20:00:00+01:00,105.93333333333334,477.84513151531854,0.0
2025-10-18 21:00:00+01:00,125.9,506.0071069468297,0.0
2025-10-18 22:00:00+01:00,115.9,487.83809053940314,0.0
2025-10-18 23:00:00+01:00,99.13333333333334,426.06343475415287,0.0
2025-10-19 00:00:00+01:00,102.61666666666666,271.6267952910271,0.0
2025-10-19 01:00:00+01:00,104.55,162.6126968464677,0.0
2025-10-19 02:00:00+01:00,104.35,145.93814797842006,0.0
2025-10-19 03:00:00+01:00,100.56666666666666,158.3523702442739,0.0
2025-10-19 04:00:00+01:00,102.03333333333333,168.99582835622888,0.0
2025-10-19 05:00:00+01:00,97.73333333333333,202.17292349364809,0.0
2025-10-19 06:00:00+01:00,105.03333333333333,316.21918802852645,0.0
2025-10-19 07:00:00+01:00,98.56666666666666,571.2681068974364,0.0
2025-10-19 08:00:00+01:00,243.33333333333334,723.6753876849557,22.766666666666666
2025-10-19 09:00:00+01:00,90.56666666666666,688.4247241014479,201.12988505747126
2025-10-19 10:00:00+01:00,392.0833333333333,595.1141440274563,302.7241379310345
2025-10-19 11:00:00+01:00,98.73333333333333,541.2013644291503,404.1816091954023
2025-10-19 12:00:00+01:00,102.73333333333333,485.2150163847554,334.7
2025-10-19 13:00:00+01:00,248.83333333333334,447.89078435515876,280.9218390804598
2025-10-19 14:00:00+01:00,348.73333333333335,431.3022367864492,210.75977011494254
2025-10-19 15:00:00+01:00,987.6166666666667,414.7136892177396,196.78735632183907
2025-10-19 16:00:00+01:00,222.53333333333333,412.64012077165097,124.58620689655172
2025-10-19 17:00:00+01:00,144.58333333333334,432.3390210094936,23.094252873563217
2025-10-19 18:00:00+01:00,157.58333333333334,460.33219503169096,0.993103448275862
2025-10-19 19:00:00+01:00,242.08333333333334,502.8403481765092,0.0
2025-10-19 20:00:00+01:00,131.16666666666666,545.3485013213276,0.0
2025-10-19 21:00:00+01:00,126.66666666666667,577.4888122357023,0.0
2025-10-19 22:00:00+01:00,104.76666666666667,556.7531277748153,0.0
2025-10-19 23:00:00+01:00,95.6,486.25180060779974,0.0
2025-10-20 00:00:00+01:00,94.03333333333333,309.99848269026035,0.0
2025-10-20 01:00:00+01:00,93.4,185.58437592493846,0.0
2025-10-20 02:00:00+01:00,93.55,149.36969375423269,0.0
2025-10-20 03:00:00+01:00,104.55,155.75977824909964,0.0
2025-10-20 04:00:00+01:00,90.83333333333333,165.899162044224,0.0
2025-10-20 05:00:00+01:00,96.06666666666666,198.4683226909428,0.0
2025-10-20 06:00:00+01:00,97.61666666666666,310.42481241403874,0.0
2025-10-20 07:00:00+01:00,101.31666666666666,560.8002348856897,0.0
2025-10-20 08:00:00+01:00,97.83333333333333,710.4148166065544,8.989655172413793
2025-10-20 09:00:00+01:00,210.28333333333333,675.8100834194155,23.124137931034486
2025-10-20 10:00:00+01:00,166.01666666666668,584.2093191005189,30.044827586206896
2025-10-20 11:00:00+01:00,100.95,531.2844330496007,69.29540229885058
2025-10-20 12:00:00+01:00,102.98333333333333,476.3239744582627,58.159770114942525
2025-10-20 13:00:00+01:00,139.05,439.6836687307041,64.1816091954023
2025-10-20 14:00:00+01:00,236.03333333333333,423.3990884073447,43.47356321839081
2025-10-20 15:00:00+01:00,183.06666666666666,407.1145080839853,35.32068965517241
2025-10-20 16:00:00+01:00,127.26666666666667,405.07893554356536,22.093103448275862
2025-10-20 17:00:00+01:00,200.96666666666667,424.4168746775547,6.085057471264368
2025-10-20 18:00:00+01:00,147.55,451.89710397322364,0.4528735632183908
2025-10-20 19:00:00+01:00,161.46666666666667,493.6263410518322,0.0
2025-10-20 20:00:00+01:00,207.41666666666666,535.3555781304407,0.0
2025-10-20 21:00:00+01:00,128.23333333333332,566.9069525069494,0.0
2025-10-20 22:00:00+01:00,91.73333333333333,546.5512271027502,0.0
2025-10-20 23:00:00+01:00,90.05,477.34176072847265,0.0
2025-10-21 00:00:00+01:00,103.55,304.31809479277894,0.0
2025-10-21 01:00:00+01:00,95.06666666666666,182.1837423675834,0.0
2025-10-21 02:00:00+01:00,104.06666666666666,129.11820317679096,0.0
2025-10-21 03:00:00+01:00,102.28333333333333,128.2933301249013,0.0
2025-10-21 04:00:00+01:00,95.83333333333333,136.31548042583762,0.0
2025-10-21 05:00:00+01:00,96.71666666666667,163.07680173643152,0.0
2025-10-21 06:00:00+01:00,89.26666666666667,255.06884374159804,0.0
2025-10-21 07:00:00+01:00,104.0,460.7965013167887,0.13908045977011493
2025-10-21 08:00:00+01:00,169.1,583.7313210873293,10.498850574712643
2025-10-21 09:00:00+01:00,179.4,555.2974171948233,35.295402298850576
2025-10-21 10:00:00+01:00,104.6,480.031201008778,77.91264367816092
2025-10-21 11:00:00+01:00,96.91666666666667,436.54405387906286,123.85057471264368
2025-10-21 12:00:00+01:00,104.38333333333334,391.3843241674357,581.6034482758621
2025-10-21 13:00:00+01:00,140.2,361.2778376930176,740.8436781609196
2025-10-21 14:00:00+01:00,185.86666666666667,347.8971770377206,466.2218390804598
2025-10-21 15:00:00+01:00,138.43333333333334,334.5165163824237,275.6954022988506
2025-10-21 16:00:00+01:00,139.48333333333332,332.8439338005116,100.47011494252872
2025-10-21 17:00:00+01:00,151.9,348.7334683286767,49.18275862068966
2025-10-21 18:00:00+01:00,141.41666666666666,371.3133331844903,4.249425287356321
2025-10-21 19:00:00+01:00,209.43333333333334,405.60127611368875,0.0
2025-10-21 20:00:00+01:00,127.75,439.88921904288713,0.0
2025-10-21 21:00:00+01:00,116.48333333333333,465.81424906252494,0.0
2025-10-21 22:00:00+01:00,96.41666666666667,449.0884232434038,0.0
2025-10-21 23:00:00+01:00,101.85,392.2206154583917,0.0
2025-10-22 00:00:00+01:00,93.16666666666667,250.0510959958617,0.0
2025-10-22 01:00:00+01:00,95.11666666666666,149.6961410811346,0.0
2025-10-22 02:00:00+01:00,102.76666666666667,184.2665329002066,0.0
2025-10-22 03:00:00+01:00,100.51666666666667,222.04251692600434,0.0
2025-10-22 04:00:00+01:00,92.98333333333333,238.19117307329367,0.0
2025-10-22 05:00:00+01:00,99.86666666666666,284.9526303637563,0.0
2025-10-22 06:00:00+01:00,93.18333333333334,445.6951397997213,0.0
2025-10-22 07:00:00+01:00,104.7,805.1738427201524,0.0
2025-10-22 08:00:00+01:00,112.13333333333334,1019.9842871482148,37.374712643678166
2025-10-22 09:00:00+01:00,247.11666666666667,970.3002387770981,143.71724137931037
2025-10-22 10:00:00+01:00,90.03333333333333,838.7836401476723,49.64137931034483
2025-10-22 11:00:00+01:00,103.15,762.7962720506708,83.84252873563219
2025-10-22 12:00:00+01:00,103.91666666666667,683.8863128730151,80.73678160919539
2025-10-22 13:00:00+01:00,137.6,631.2796734212446,69.13218390804599
2025-10-22 14:00:00+01:00,139.13333333333333,607.8989447760133,59.722988505747125
2025-10-22 15:00:00+01:00,147.03333333333333,584.518216130782,60.9919540229885
2025-10-22 16:00:00+01:00,194.65,581.5956250501283,37.660919540229884
2025-10-22 17:00:00+01:00,140.75,609.3602403163404,12.708045977011494
2025-10-22 18:00:00+01:00,142.05,648.8152199051681,1.0298850574712644
2025-10-22 19:00:00+01:00,222.71666666666667,708.7283370585733,0.0
2025-10-22 20:00:00+01:00,122.06666666666666,768.6414542119784,0.0
2025-10-22 21:00:00+01:00,129.85,813.941615962114,0.0
2025-10-22 22:00:00+01:00,99.06666666666666,784.7157051555749,0.0
2025-10-22 23:00:00+01:00,99.96666666666667,685.3476084133421,0.0
2025-10-23 00:00:00+01:00,99.2,436.9273665577597,0.0
2025-10-23 01:00:00+01:00,99.86666666666666,261.57190171852494,0.0
2025-10-23 02:00:00+01:00,97.13333333333334,177.54995015847427,0.0
2025-10-23 03:00:00+01:00,103.63333333333334,173.26395332000195,0.0
2025-10-23 04:00:00+01:00,103.06666666666666,183.92863244967322,0.0
2025-10-23 05:00:00+01:00,84.08333333333333,220.0373210287502,0.0
2025-10-23 06:00:00+01:00,95.46666666666667,344.16093801932726,0.0
2025-10-23 07:00:00+01:00,99.38333333333334,621.7464814709813,0.0
2025-10-23 08:00:00+01:00,95.7,787.6207696311161,19.4
2025-10-23 09:00:00+01:00,246.71666666666667,749.2552880158469,54.67586206896552
2025-10-23 10:00:00+01:00,96.56666666666666,647.699601387193,198.2816091954023
2025-10-23 11:00:00+01:00,101.85,589.0229824461929,392.63563218390806
2025-10-23 12:00:00+01:00,87.76666666666667,528.0895704690005,627.2103448275863
2025-10-23 13:00:00+01:00,94.35,487.467295817539,663.9931034482759
2025-10-23 14:00:00+01:00,135.1,469.4129515280004,602.5310344827586
2025-10-23 15:00:00+01:00,202.01666666666668,451.358607238462,447.0540229885057
2025-10-23 16:00:00+01:00,141.78333333333333,449.1018142022697,252.48505747126438
2025-10-23 17:00:00+01:00,139.65,470.5413480460966,63.274712643678164
2025-10-23 18:00:00+01:00,145.58333333333334,501.00805403469286,1.7735632183908046
2025-10-23 19:00:00+01:00,218.75,547.2723112766352,0.0
2025-10-23 20:00:00+01:00,124.25,593.5365685185775,0.0
2025-10-23 21:00:00+01:00,123.08333333333333,628.5168605795583,0.0
2025-10-23 22:00:00+01:00,115.18333333333334,605.948930217635,0.0
2025-10-23 23:00:00+01:00,99.83333333333333,529.2179669870967,0.0
2025-10-24 00:00:00+01:00,95.51666666666667,337.39055891075026,0.0
2025-10-24 01:00:00+01:00,99.15,201.98297673921172,0.0
2025-10-24 02:00:00+01:00,95.9,143.56602772401405,0.0
2025-10-24 03:00:00+01:00,102.66666666666667,142.7798255115429,0.0
2025-10-24 04:00:00+01:00,95.03333333333333,151.71415890964445,0.0
2025-10-24 05:00:00+01:00,96.58333333333333,181.4985336649121,0.0
2025-10-24 06:00:00+01:00,92.06666666666666,283.8823218861446,0.0
2025-10-24 07:00:00+01:00,92.48333333333333,512.8497028172645,0.0
2025-10-24 08:00:00+01:00,96.75,649.6716743492751,10.155172413793103
2025-10-24 09:00:00+01:00,255.6,618.0257761718032,38.119540229885054
2025-10-24 10:00:00+01:00,99.28333333333333,534.2572221726131,183.05172413793105
2025-10-24 11:00:00+01:00,102.15,485.8576131953032,334.6367816091954
2025-10-24 12:00:00+01:00,110.8,435.59648079578903,658.3402298850575
2025-10-24 13:00:00+01:00,134.7,402.08905919611294,615.4068965517241
2025-10-24 14:00:00+01:00,181.46666666666667,387.19687181847917,398.1988505747126
2025-10-24 15:00:00+01:00,139.51666666666668,372.30468444084534,334.8034482758621
2025-10-24 16:00:00+01:00,136.88333333333333,370.4431610186411,330.53563218390804
2025-10-24 17:00:00+01:00,138.31666666666666,388.12763352958126,65.56896551724138
2025-10-24 18:00:00+01:00,145.48333333333332,413.2581997293383,1.5770114942528735
2025-10-24 19:00:00+01:00,204.01666666666668,451.419429884525,0.0
2025-10-24 20:00:00+01:00,119.96666666666667,489.5806600397116,0.0
2025-10-24 21:00:00+01:00,122.35,518.4342730838772,0.0
2025-10-24 22:00:00+01:00,98.3,499.8190388618348,0.0
2025-10-24 23:00:00+01:00,96.78333333333333,436.5272425068911,0.0
2025-10-25 00:00:00+01:00,100.73333333333333,278.2977516195319,0.0
2025-10-25 01:00:00+01:00,97.13333333333334,166.60634628727828,0.0
2025-10-25 02:00:00+01:00,98.73333333333333,126.99112349152422,0.0
2025-10-25 03:00:00+01:00,110.26666666666667,129.74879506237738,0.0
2025-10-25 04:00:00+01:00,100.16666666666667,138.05410956256668,0.0
2025-10-25 05:00:00+01:00,102.05,165.1567568386534,0.0
2025-10-25 06:00:00+01:00,93.05,258.32210685020146,0.0
2025-10-25 07:00:00+01:00,93.11666666666666,466.6737077851181,0.0
2025-10-25 08:00:00+01:00,93.35,591.1764937096414,24.12183908045977
2025-10-25 09:00:00+01:00,248.35,562.3799309787993,148.01609195402298
2025-10-25 10:00:00+01:00,96.75,486.15373551480536,171.94137931034484
2025-10-25 11:00:00+01:00,84.93333333333334,442.1119336911645,387.0471264367816
2025-10-25 12:00:00+01:00,132.21666666666667,396.3762164127681,565.8528735632184
2025-10-25 13:00:00+01:00,134.28333333333333,365.88573822717063,491.7793103448276
2025-10-25 14:00:00+01:00,171.1,352.33441458912716,538.4206896551724
2025-10-25 15:00:00+01:00,138.0,338.78309095108386,406.53563218390804
2025-10-25 16:00:00+01:00,143.95,337.08917549632844,249.4390804597701
2025-10-25 17:00:00+01:00,136.43333333333334,353.1813723165049,55.59770114942528
2025-10-25 18:00:00+01:00,151.3,376.0492309557031,1.049425287356322
2025-10-25 19:00:00+01:00,236.85,410.77449777818913,0.0
2025-10-25 20:00:00+01:00,116.43333333333334,445.49976460067523,0.0
2025-10-25 21:00:00+01:00,144.0,471.7554541493842,0.0
2025-10-25 22:00:00+01:00,112.58333333333333,454.81629960183,0.0
2025-10-25 23:00:00+01:00,98.6,397.2231741401458,0.0
2025-10-26 00:00:00+01:00,98.68333333333334,253.24036048593518,0.0
2025-10-26 01:00:00+01:00,101.16666666666667,151.60543320061,0.0
2025-10-26 02:00:00+01:00,101.15,109.62309418318146,0.0
2025-10-26 03:00:00+01:00,108.43333333333334,109.79864796878961,0.0
2025-10-26 04:00:00+01:00,94.1,116.71154184599497,0.0
2025-10-26 05:00:00+01:00,95.61666666666666,139.62423717772404,0.0
2025-10-26 06:00:00+01:00,99.58333333333333,218.38662738054276,0.0
2025-10-26 07:00:00+01:00,92.66666666666667,394.52797274321006,0.0
2025-10-26 08:00:00+01:00,98.06666666666666,499.7831669233405,38.313793103448276
2025-10-26 09:00:00+01:00,201.75,475.4384281333784,203.78390804597703
2025-10-26 10:00:00+01:00,141.53333333333333,410.9964725128903,340.3264367816092
2025-10-26 11:00:00+01:00,479.8333333333333,373.7633425988306,476.3735632183908
2025-10-26 12:00:00+01:00,217.25,335.0981692265377,525.2413793103448
2025-10-26 13:00:00+01:00,132.93333333333334,309.3213869783425,662.7563218390804
2025-10-26 14:00:00+01:00,196.88333333333333,297.8650393124779,497.17126436781604
2025-10-26 15:00:00+01:00,137.33333333333334,286.4086916466134,318.90459770114944
2025-10-26 16:00:00+01:00,147.01666666666668,284.9766481883804,171.6816091954023
2025-10-26 17:00:00+01:00,776.0666666666667,298.58106104159447,62.659770114942525
2025-10-26 18:00:00+01:00,660.0166666666667,317.91364772774097,1.3057471264367817
2025-10-26 19:00:00+01:00,212.58333333333334,347.27053862151894,0.0
2025-10-26 20:00:00+01:00,121.71666666666667,376.6274295152967,0.0
2025-10-26 21:00:00+01:00,132.13333333333333,398.82410311790915,0.0
2025-10-26 22:00:00+01:00,115.25,384.50366853557847,0.0
2025-10-26 23:00:00+01:00,97.76666666666667,335.8141909556543,0.0
2025-10-27 00:00:00+01:00,94.85,214.09049700584353,0.0
2025-10-27 01:00:00+01:00,97.81666666666666,128.1678895118595,0.0
2025-10-27 02:00:00+01:00,95.21666666666667,174.66265963508425,0.0
2025-10-27 02:00:00+01:00,101.85,217.45800048626728,0.0
2025-10-27 03:00:00+01:00,107.68333333333334,233.6479093574111,0.0
2025-10-27 04:00:00+01:00,91.48333333333333,279.51743757481694,0.0
2025-10-27 05:00:00+01:00,96.98333333333333,437.1939408221496,0.0
2025-10-27 06:00:00+01:00,100.83333333333333,789.8159389934574,0.0
2025-10-27 07:00:00+01:00,102.63333333333334,1000.5290842421655,2.4091954022988507
2025-10-27 08:00:00+01:00,107.23333333333333,951.7927105111717,30.067816091954022
2025-10-27 09:00:00+01:00,411.75,822.7846623997176,48.64252873563218
2025-10-27 10:00:00+01:00,97.23333333333333,748.2466790464332,131.10114942528736
2025-10-27 11:00:00+01:00,101.96666666666667,670.8418501795608,161.2206896551724
2025-10-27 12:00:00+01:00,115.48333333333333,619.2386309349793,173.7965517241379
2025-10-27 13:00:00+01:00,138.61666666666667,596.3038668262762,215.61724137931031
2025-10-27 14:00:00+01:00,230.65,573.3691027175734,212.28620689655173
2025-10-27 15:00:00+01:00,100.16666666666667,570.5022572039856,111.10804597701149
2025-10-27 16:00:00+01:00,132.51666666666668,597.7372895830702,53.98505747126437
2025-10-27 17:00:00+01:00,219.91666666666666,636.4397040165063,1.3379310344827584
2025-10-27 18:00:00+01:00,147.86666666666667,695.2100370450576,0.0
2025-10-27 19:00:00+01:00,153.56666666666666,753.9803700736089,0.0
2025-10-27 20:00:00+01:00,217.26666666666668,798.4164755342208,0.0
2025-10-27 21:00:00+01:00,117.83333333333333,769.7480203983421,0.0
2025-10-27 22:00:00+01:00,124.66666666666667,672.2752729363547,0.0
2025-10-27 23:00:00+01:00,107.53333333333333,428.59340428138603,0.0
2025-10-28 00:00:00+01:00,97.05,256.58267346611404,0.0
2025-10-28 01:00:00+01:00,99.78333333333333,413.27281994786415,0.0
2025-10-28 02:00:00+01:00,100.13333333333334,493.3628189295319,0.0
2025-10-28 03:00:00+01:00,104.73333333333333,520.7245746798633,0.0
2025-10-28 04:00:00+01:00,99.45,598.5899316413382,0.0
2025-10-28 05:00:00+01:00,96.9,810.2863708803482,0.0
2025-10-28 06:00:00+01:00,97.0,1197.1798632826765,0.0
2025-10-28 07:00:00+01:00,95.21666666666667,1515.9411683437143,32.689655172413794
2025-10-28 08:00:00+01:00,96.55,1404.0097177115942,237.39655172413794
2025-10-28 09:00:00+01:00,235.38333333333333,1279.9118050542436,366.2758620689655
2025-10-28 10:00:00+01:00,100.41666666666667,1180.1468164473538,504.95632183908043
2025-10-28 11:00:00+01:00,98.88333333333334,1092.5482898656946,665.2908045977013
2025-10-28 12:00:00+01:00,110.58333333333333,1051.1823189799113,760.3275862068965
2025-10-28 13:00:00+01:00,139.58333333333334,1034.1492721445886,543.3471264367815
2025-10-28 14:00:00+01:00,176.16666666666666,1034.1492721445886,496.4816091954023
2025-10-28 15:00:00+01:00,139.45,1065.7820734101874,209.05747126436782
2025-10-28 16:00:00+01:00,115.88333333333334,1119.3145063212016,63.781609195402304
2025-10-28 17:00:00+01:00,140.33333333333334,1172.8469392322154,0.9402298850574713
2025-10-28 18:00:00+01:00,147.56666666666666,1245.8457113835982,0.0
2025-10-28 19:00:00+01:00,137.26666666666668,1277.4785126491975,0.0
2025-10-28 20:00:00+01:00,188.7,1279.9118050542436,0.0
2025-10-28 21:00:00+01:00,128.63333333333333,1216.6462025230453,0.0
2025-10-28 22:00:00+01:00,99.58333333333333,1046.3157341698188,0.0
2025-10-28 23:00:00+01:00,99.58333333333333,700.788212653274,0.0
2025-10-29 00:00:00+01:00,97.71666666666667,525.5911594899557,0.0
2025-10-29 01:00:00+01:00,101.45,582.3599803178533,0.0
2025-10-29 02:00:00+01:00,96.66666666666667,713.1273477489954,0.0
2025-10-29 03:00:00+01:00,103.68333333333334,739.8287226959092,0.0
2025-10-29 04:00:00+01:00,103.01666666666667,798.3984965760018,0.0
2025-10-29 05:00:00+01:00,87.18333333333334,977.19043789418,0.0
2025-10-29 06:00:00+01:00,105.95,1408.757192800127,0.0
2025-10-29 07:00:00+01:00,73.46666666666667,1772.5063147922826,5.025287356321839
2025-10-29 08:00:00+01:00,102.0,1664.6146260657956,39.99885057471264
2025-10-29 09:00:00+01:00,265.7,1587.549134118305,92.23218390804597
2025-10-29 10:00:00+01:00,93.38333333333334,1510.4836421708146,142.6344827586207
2025-10-29 11:00:00+01:00,95.23333333333333,1430.3355305454245,155.44252873563218
2025-10-29 12:00:00+01:00,123.0,1381.0136156990304,474.1367816091954
2025-10-29 13:00:00+01:00,136.83333333333334,1353.270038597934,623.3574712643679
2025-10-29 14:00:00+01:00,144.0,1359.435277953733,428.64827586206894
2025-10-29 15:00:00+01:00,134.21666666666667,1384.0962353769303,225.92988505747127
2025-10-29 16:00:00+01:00,184.43333333333334,1430.3355305454245,93.0816091954023
2025-10-29 17:00:00+01:00,143.83333333333334,1488.9053044255172,1.128735632183908
2025-10-29 18:00:00+01:00,147.3,1547.4750783056102,0.0
2025-10-29 19:00:00+01:00,208.91666666666666,1562.888176695108,0.0
2025-10-29 20:00:00+01:00,125.3,1556.7229373393093,0.0
2025-10-29 21:00:00+01:00,107.33333333333333,1482.740065069718,0.0
2025-10-29 22:00:00+01:00,87.76666666666667,1310.1133631073392,0.0
2025-10-29 23:00:00+01:00,92.53333333333333,924.7859033698863,0.0
2025-10-30 00:00:00+01:00,92.33333333333333,739.8287226959092,0.0
2025-10-30 01:00:00+01:00,102.15,786.418631767275,0.0
2025-10-30 02:00:00+01:00,96.08333333333333,836.2809531657728,0.0
2025-10-30 03:00:00+01:00,112.58333333333333,866.7929014968647,0.0
2025-10-30 04:00:00+01:00,98.61666666666666,935.4140061986998,0.0
2025-10-30 05:00:00+01:00,98.13333333333334,1144.8889573937752,0.0
2025-10-30 06:00:00+01:00,97.06666666666666,1650.518149933613,0.0
2025-10-30 07:00:00+01:00,105.25,2076.691326502905,33.79080459770115
2025-10-30 08:00:00+01:00,165.6,1950.284028367945,153.3137931034483
2025-10-30 09:00:00+01:00,164.43333333333334,1859.9931011286887,336.29655172413794
2025-10-30 10:00:00+01:00,90.98333333333333,1769.7021738894323,638.8137931034483
2025-10-30 11:00:00+01:00,101.73333333333333,1675.7996095606047,712.148275862069
2025-10-30 12:00:00+01:00,91.43333333333334,1618.0134161274807,715.7597701149425
2025-10-30 13:00:00+01:00,98.83333333333333,1585.5086823213485,643.3551724137931
2025-10-30 14:00:00+01:00,187.05,1592.7319565004889,502.0931034482758
2025-10-30 15:00:00+01:00,138.38333333333333,1621.6250532170511,319.5287356321839
2025-10-30 16:00:00+01:00,141.66666666666666,1675.7996095606047,89.39885057471265
2025-10-30 17:00:00+01:00,144.06666666666666,1744.4207142624405,0.6206896551724138
2025-10-30 18:00:00+01:00,153.01666666666668,1813.0418189642753,0.0
2025-10-30 19:00:00+01:00,210.76666666666668,1831.1000044121263,0.0
2025-10-30 20:00:00+01:00,118.76666666666667,1823.8767302329861,0.0
2025-10-30 21:00:00+01:00,130.11666666666667,1737.1974400832996,0.0
2025-10-30 22:00:00+01:00,92.01666666666667,1534.9457630673646,0.0
2025-10-30 23:00:00+01:00,95.01666666666667,1083.4911268710807,0.0
2025-10-31 00:00:00+01:00,92.21666666666667,866.7929014968647,0.0
2025-10-31 01:00:00+01:00,99.31666666666666,873.6124517265914,0.0
2025-10-31 02:00:00+01:00,90.83333333333333,912.9180354499488,0.0
2025-10-31 03:00:00+01:00,98.65,945.4293943279611,0.0
2025-10-31 04:00:00+01:00,94.76666666666667,1020.2758880455913,0.0
2025-10-31 05:00:00+01:00,97.05,1248.7546583415149,0.0
2025-10-31 06:00:00+01:00,88.88333333333334,1800.2551383661587,0.0
2025-10-31 07:00:00+01:00,100.2,2265.091257244073,32.76896551724138
2025-10-31 08:00:00+01:00,94.51666666666667,2127.216137237912,243.48390804597702
2025-10-31 09:00:00+01:00,174.83333333333334,2028.7339086620823,483.32758620689657
2025-10-31 10:00:00+01:00,156.43333333333334,1930.251680086254,633.7413793103448
2025-10-31 11:00:00+01:00,97.25,1827.830162367391,703.0781609195402
2025-10-31 12:00:00+01:00,126.1,1764.8015360788604,718.3137931034483
2025-10-31 13:00:00+01:00,133.0,1729.3479337915624,645.8252873563218
2025-10-31 14:00:00+01:00,192.85,1737.2265120776283,525.1689655172414
2025-10-31 15:00:00+01:00,136.53333333333333,1768.7408252218936,327.0413793103448
2025-10-31 16:00:00+01:00,140.4,1827.830162367391,79.21379310344828
2025-10-31 17:00:00+01:00,140.78333333333333,1902.676656085022,0.5229885057471264
2025-10-31 18:00:00+01:00,151.4,1977.5231498026517,0.0
2025-10-31 19:00:00+01:00,201.93333333333334,1997.2195955178177,0.0
2025-10-31 20:00:00+01:00,119.98333333333333,1989.3410172317515,0.0
2025-10-31 21:00:00+01:00,105.81666666666666,1894.7980777989549,0.0
2025-10-31 22:00:00+01:00,91.76666666666667,1674.1978857890979,0.0
2025-10-31 23:00:00+01:00,93.73333333333333,1181.786742909951,0.0
2025-11-01 00:00:00+01:00,94.16666666666667,945.4293943279611,0.0
2025-11-01 01:00:00+01:00,99.05,822.5910037675496,0.0
2025-11-01 02:00:00+01:00,101.05,813.1445841567534,0.0
2025-11-01 03:00:00+01:00,103.11666666666666,839.7513926797768,0.0
2025-11-01 04:00:00+01:00,96.26666666666667,906.2317112669258,0.0
2025-11-01 05:00:00+01:00,97.0,1109.1716311645384,0.0
2025-11-01 06:00:00+01:00,96.46666666666667,1599.0266102277415,0.0
2025-11-01 07:00:00+01:00,94.01666666666667,2011.9043782952986,19.83793103448276
2025-11-01 08:00:00+01:00,107.61666666666666,1889.440633529498,96.51494252873563
2025-11-01 09:00:00+01:00,244.13333333333333,1801.9665301253542,98.18735632183909
2025-11-01 10:00:00+01:00,94.51666666666667,1714.4924267212111,113.69770114942528
2025-11-01 11:00:00+01:00,93.13333333333334,1623.5193591809018,68.35862068965518
2025-11-01 12:00:00+01:00,113.76666666666667,1567.5359330022497,44.40114942528736
2025-11-01 13:00:00+01:00,120.61666666666666,1536.0452557767587,44.41954022988505
2025-11-01 14:00:00+01:00,119.03333333333333,1543.0431840490899,25.260919540229885
2025-11-01 15:00:00+01:00,191.16666666666666,1571.0348971384158,9.73448275862069
2025-11-01 16:00:00+01:00,142.06666666666666,1623.5193591809018,3.2333333333333334
2025-11-01 17:00:00+01:00,141.78333333333333,1689.9996777680508,0.0
2025-11-01 18:00:00+01:00,152.73333333333332,1756.4799963552,0.0
2025-11-01 19:00:00+01:00,153.56666666666666,1773.9748170360285,0.0
2025-11-01 20:00:00+01:00,193.85,1766.976888763697,0.0
2025-11-01 21:00:00+01:00,124.21666666666667,1683.001749495719,0.0
2025-11-01 22:00:00+01:00,99.61666666666666,1487.059757870438,0.0
2025-11-01 23:00:00+01:00,100.38333333333334,1049.6892408497208,0.0
2025-11-02 00:00:00+01:00,91.45,839.7513926797768,0.0
2025-11-02 01:00:00+01:00,92.65,280.54628543684817,0.0
2025-11-02 02:00:00+01:00,92.08333333333333,170.40394885039737,0.0
2025-11-02 03:00:00+01:00,92.81666666666666,177.82722519110087,0.0
2025-11-02 04:00:00+01:00,94.88333333333334,212.73809148628635,0.0
2025-11-02 05:00:00+01:00,99.51666666666667,332.7441943759864,0.0
2025-11-02 06:00:00+01:00,100.81666666666666,601.1214790202245,0.0
2025-11-02 07:00:00+01:00,96.45,761.4932710637328,1.8850574712643677
2025-11-02 08:00:00+01:00,100.66666666666667,724.4004756250981,34.88965517241379
2025-11-02 09:00:00+01:00,255.75,626.2136641698891,210.49655172413793
2025-11-02 10:00:00+01:00,94.13333333333334,569.4835064402128,301.80574712643676
2025-11-02 11:00:00+01:00,326.15,510.5714195670873,71.78390804597701
2025-11-02 12:00:00+01:00,555.0,471.2966949850037,117.03793103448275
2025-11-02 13:00:00+01:00,250.61666666666667,453.84126183741085,110.10804597701149
2025-11-02 14:00:00+01:00,136.15,436.3858286898182,124.4287356321839
2025-11-02 15:00:00+01:00,188.11666666666667,434.2038995463691,72.18275862068965
2025-11-02 16:00:00+01:00,139.26666666666668,454.93222640913547,16.560919540229882
2025-11-02 17:00:00+01:00,770.3333333333334,484.3882698456982,0.17586206896551723
2025-11-02 18:00:00+01:00,696.5333333333333,529.1178172864045,0.0
2025-11-02 19:00:00+01:00,198.23333333333332,573.847364727111,0.0
2025-11-02 20:00:00+01:00,136.66666666666666,607.6672664505718,0.0
2025-11-02 21:00:00+01:00,122.05,585.8479750160809,0.0
2025-11-02 22:00:00+01:00,102.73333333333333,511.66238413881183,0.0
2025-11-02 23:00:00+01:00,92.23333333333333,326.1984069456391,0.0
2025-11-03 00:00:00+01:00,102.1,195.28265833869366,0.0
2025-11-03 01:00:00+01:00,97.05,170.6864841488272,0.0
2025-11-03 02:00:00+01:00,94.83333333333333,183.43989542290961,0.0
2025-11-03 03:00:00+01:00,102.35,195.67569444979665,0.0
2025-11-03 04:00:00+01:00,90.1,234.09055470987948,0.0
2025-11-03 05:00:00+01:00,93.93333333333334,366.14163685391406,0.0
2025-11-03 06:00:00+01:00,101.35,661.4558751033005,0.0
2025-11-03 07:00:00+01:00,101.56666666666666,837.9241394230557,2.5586206896551724
2025-11-03 08:00:00+01:00,96.95,797.1083503967178,49.0367816091954
2025-11-03 09:00:00+01:00,245.46666666666667,689.0665559152349,105.88735632183908
2025-11-03 10:00:00+01:00,109.63333333333334,626.6424079926004,424.26206896551724
2025-11-03 11:00:00+01:00,223.51666666666668,561.8173313037107,413.6206896551724
2025-11-03 12:00:00+01:00,330.6333333333333,518.6006135111177,224.31954022988506
2025-11-03 13:00:00+01:00,117.5,499.3931833810761,348.35977011494253
2025-11-03 14:00:00+01:00,153.98333333333332,480.1857532510347,115.65632183908046
2025-11-03 15:00:00+01:00,140.93333333333334,477.7848244847797,43.1551724137931
2025-11-03 16:00:00+01:00,673.0666666666667,500.5936477642038,9.887356321839082
2025-11-03 17:00:00+01:00,209.11666666666667,533.0061861086486,0.0
2025-11-03 18:00:00+01:00,223.66666666666666,582.2252258168797,0.0
2025-11-03 19:00:00+01:00,180.21666666666667,631.4442655251108,0.0
2025-11-03 20:00:00+01:00,217.15,668.658661402066,0.0
2025-11-03 21:00:00+01:00,133.06666666666666,644.6493737395141,0.0
2025-11-03 22:00:00+01:00,216.98333333333332,563.0177956868382,0.0
2025-11-03 23:00:00+01:00,99.56666666666666,358.9388505551485,0.0
2025-11-04 00:00:00+01:00,92.26666666666667,214.88312457983804,0.0
2025-11-04 01:00:00+01:00,87.75,199.44958899678642,0.0
2025-11-04 02:00:00+01:00,98.58333333333333,218.9183495845537,0.0
2025-11-04 03:00:00+01:00,109.5,233.76462472655737,0.0
2025-11-04 04:00:00+01:00,101.51666666666667,279.65706639066684,0.0
2025-11-04 05:00:00+01:00,99.66666666666667,437.41233461104304,0.0
2025-11-04 06:00:00+01:00,95.33333333333333,790.2104799038842,0.0
2025-11-04 07:00:00+01:00,101.4,1001.0288837983873,5.091954022988506
2025-11-04 08:00:00+01:00,81.85,952.2681645302708,35.04367816091954
2025-11-04 09:00:00+01:00,244.91666666666666,823.195672349963,126.15287356321839
2025-11-04 10:00:00+01:00,94.0,748.6204546457851,250.0080459770115
2025-11-04 11:00:00+01:00,88.95,671.1769593376005,293.58045977011494
2025-11-04 12:00:00+01:00,94.7,619.5479624654774,121.52068965517242
2025-11-04 13:00:00+01:00,138.9,596.6017416334226,78.9816091954023
2025-11-04 14:00:00+01:00,141.05,573.655520801368,121.66896551724138
2025-11-04 15:00:00+01:00,188.7,570.787243197361,66.7080459770115
2025-11-04 16:00:00+01:00,189.38333333333333,598.035880435426,14.8
2025-11-04 17:00:00+01:00,144.01666666666668,636.7576280895184,0.0
2025-11-04 18:00:00+01:00,190.06666666666666,695.5573189716587,0.0
2025-11-04 19:00:00+01:00,198.51666666666668,754.3570098537988,0.0
2025-11-04 20:00:00+01:00,120.76666666666667,798.8153127159047,0.0
2025-11-04 21:00:00+01:00,192.86666666666667,770.1325366758364,0.0
2025-11-04 22:00:00+01:00,127.06666666666666,672.6110981396038,0.0
2025-11-04 23:00:00+01:00,95.11666666666666,428.8075017990225,0.0
2025-11-05 00:00:00+01:00,83.85,256.7108455586121,0.0
2025-11-05 01:00:00+01:00,99.63333333333334,344.61745765425326,0.0
2025-11-05 02:00:00+01:00,102.25,390.1835732546282,0.0
2025-11-05 03:00:00+01:00,103.73333333333333,410.8038479803101,0.0
2025-11-05 04:00:00+01:00,100.51666666666667,472.23246076241264,0.0
2025-11-05 05:00:00+01:00,98.73333333333333,639.2415017637537,0.0
2025-11-05 06:00:00+01:00,93.4,944.4649215248253,0.0
2025-11-05 07:00:00+01:00,83.43333333333334,1195.938305101557,1.2275862068965517
2025-11-05 08:00:00+01:00,93.53333333333333,1107.634674227285,15.59655172413793
2025-11-05 09:00:00+01:00,191.0,1009.7328226058091,37.409195402298856
2025-11-05 10:00:00+01:00,145.73333333333332,931.0274124787403,40.11379310344828
2025-11-05 11:00:00+01:00,99.58333333333333,861.9202230988751,78.87471264367815
2025-11-05 12:00:00+01:00,121.13333333333334,829.2862725583831,75.69310344827586
2025-11-05 13:00:00+01:00,132.11666666666667,815.8487635122983,269.3229885057471
2025-11-05 14:00:00+01:00,139.71666666666667,815.8487635122983,125.89195402298851
2025-11-05 15:00:00+01:00,140.85,840.8041374550271,82.1712643678161
2025-11-05 16:00:00+01:00,180.75,883.0363087427228,13.641379310344828
2025-11-05 17:00:00+01:00,210.58333333333334,925.2684800304181,0.0
2025-11-05 18:00:00+01:00,188.33333333333334,982.8578045136394,0.0
2025-11-05 19:00:00+01:00,139.76666666666668,1007.8131784563682,0.0
2025-11-05 20:00:00+01:00,205.18333333333334,1009.7328226058091,0.0
2025-11-05 21:00:00+01:00,120.53333333333333,959.822074720351,0.0
2025-11-05 22:00:00+01:00,102.6,825.4469842595016,0.0
2025-11-05 23:00:00+01:00,100.41666666666667,552.857515038922,0.0
2025-11-06 00:00:00+01:00,99.5,414.64313627919154,0.0
2025-11-06 01:00:00+01:00,100.48333333333333,429.22043907603563,0.0
2025-11-06 02:00:00+01:00,97.11666666666666,474.2713488866749,0.0
2025-11-06 03:00:00+01:00,104.5,498.7364166633271,0.0
2025-11-06 04:00:00+01:00,97.71666666666667,573.3138247625161,0.0
2025-11-06 05:00:00+01:00,95.48333333333333,776.0711530321864,0.0
2025-11-06 06:00:00+01:00,92.88333333333334,1146.6276495250322,0.0
2025-11-06 07:00:00+01:00,97.11666666666666,1451.928913931088,0.0
2025-11-06 08:00:00+01:00,81.45,1344.7238897885031,13.914942528735631
2025-11-06 09:00:00+01:00,237.03333333333333,1225.8661456304208,43.35747126436782
2025-11-06 10:00:00+01:00,93.2,1130.3138415033347,65.91839080459769
2025-11-06 11:00:00+01:00,104.56666666666666,1046.414257391747,112.14252873563218
2025-11-06 12:00:00+01:00,100.95,1006.7950093390526,207.94482758620688
2025-11-06 13:00:00+01:00,116.58333333333333,990.4812013173552,78.22988505747126
2025-11-06 14:00:00+01:00,131.75,990.4812013173552,53.170114942528734
2025-11-06 15:00:00+01:00,197.01666666666668,1020.7782733576506,24.380459770114943
2025-11-06 16:00:00+01:00,137.83333333333334,1072.0502414258433,3.9448275862068964
2025-11-06 17:00:00+01:00,206.05,1123.3222094940359,0.0
2025-11-06 18:00:00+01:00,186.03333333333333,1193.2385295870256,0.0
2025-11-06 19:00:00+01:00,210.06666666666666,1223.5356016273208,0.0
2025-11-06 20:00:00+01:00,108.26666666666667,1225.8661456304208,0.0
2025-11-06 21:00:00+01:00,151.76666666666668,1165.2720015498296,0.0
2025-11-06 22:00:00+01:00,112.96666666666667,1002.1339213328533,0.0
2025-11-06 23:00:00+01:00,94.75,671.1966728927018,0.0
2025-11-07 00:00:00+01:00,90.61666666666666,503.3975046695263,0.0
2025-11-07 01:00:00+01:00,92.13333333333334,453.2815979142471,0.0
2025-11-07 02:00:00+01:00,94.88333333333334,477.0971164343494,0.0
2025-11-07 03:00:00+01:00,110.93333333333334,500.5078633102044,0.0
2025-11-07 04:00:00+01:00,92.86666666666666,575.3501606276182,0.0
2025-11-07 05:00:00+01:00,84.93333333333334,778.8276564593367,0.0
2025-11-07 06:00:00+01:00,92.68333333333334,1150.7003212552363,0.0
2025-11-07 07:00:00+01:00,94.9,1457.0859758983986,4.980459770114943
2025-11-07 08:00:00+01:00,174.78333333333333,1349.5001735046167,51.61034482758621
2025-11-07 09:00:00+01:00,170.9,1230.2202621549884,86.89425287356322
2025-11-07 10:00:00+01:00,94.7,1134.3285687170521,171.15977011494255
2025-11-07 11:00:00+01:00,99.81666666666666,1050.1309842349615,165.72988505747125
2025-11-07 12:00:00+01:00,118.56666666666666,1010.3710137850857,202.9758620689655
2025-11-07 13:00:00+01:00,133.11666666666667,993.9992612469013,167.91034482758621
2025-11-07 14:00:00+01:00,197.96666666666667,993.9992612469013,65.39425287356322
2025-11-07 15:00:00+01:00,141.68333333333334,1024.4039445321007,16.41264367816092
2025-11-07 16:00:00+01:00,186.86666666666667,1075.8580239378225,5.075862068965518
2025-11-07 17:00:00+01:00,140.71666666666667,1127.3121033435445,0.0
2025-11-07 18:00:00+01:00,172.85,1197.47675707862,0.0
2025-11-07 19:00:00+01:00,203.8,1227.8814403638191,0.0
2025-11-07 20:00:00+01:00,127.33333333333333,1230.2202621549884,0.0
2025-11-07 21:00:00+01:00,122.53333333333333,1169.41089558459,0.0
2025-11-07 22:00:00+01:00,104.41666666666667,1005.693370202747,0.0
2025-11-07 23:00:00+01:00,99.45,673.5806758567237,0.0
2025-11-08 00:00:00+01:00,99.31666666666666,505.18550689254283,0.0
2025-11-08 01:00:00+01:00,96.3,512.853939463752,0.0
2025-11-08 02:00:00+01:00,95.31666666666666,562.7571182451694,0.0
2025-11-08 03:00:00+01:00,96.85,591.580958722227,0.0
2025-11-08 04:00:00+01:00,91.13333333333334,680.0416628302236,0.0
2025-11-08 05:00:00+01:00,89.18333333333334,920.5442021238393,0.0
2025-11-08 06:00:00+01:00,88.98333333333333,1360.0833256604471,0.0
2025-11-08 07:00:00+01:00,100.98333333333333,1722.2193331025583,6.070114942528735
2025-11-08 08:00:00+01:00,94.45,1595.0570709473132,58.275862068965516
2025-11-08 09:00:00+01:00,232.08333333333334,1454.0728237751937,120.49770114942528
2025-11-08 10:00:00+01:00,98.55,1340.7325466368231,166.4632183908046
2025-11-08 11:00:00+01:00,94.96666666666667,1241.214254515327,376.8045977011494
2025-11-08 12:00:00+01:00,106.45,1194.2195054579536,490.17471264367816
2025-11-08 13:00:00+01:00,141.65,1174.8687264343296,325.332183908046
2025-11-08 14:00:00+01:00,137.95,1174.8687264343296,153.2816091954023
2025-11-08 15:00:00+01:00,127.41666666666667,1210.805887478203,35.06436781609195
2025-11-08 16:00:00+01:00,182.58333333333334,1271.6226215524507,4.226436781609196
2025-11-08 17:00:00+01:00,143.28333333333333,1332.4393556266982,0.0
2025-11-08 18:00:00+01:00,199.05,1415.3712657279452,0.0
2025-11-08 19:00:00+01:00,183.33333333333334,1451.3084267718189,0.0
2025-11-08 20:00:00+01:00,189.3,1454.0728237751937,0.0
2025-11-08 21:00:00+01:00,127.96666666666667,1382.1985016874464,0.0
2025-11-08 22:00:00+01:00,112.98333333333333,1188.690711451204,0.0
2025-11-08 23:00:00+01:00,95.65,796.1463369719692,0.0
2025-11-09 00:00:00+01:00,99.58333333333333,597.1097527289768,0.0
2025-11-09 01:00:00+01:00,97.06666666666666,539.8170977075239,0.0
2025-11-09 02:00:00+01:00,83.1,569.0161678431808,0.0
2025-11-09 03:00:00+01:00,101.0,596.9811741474389,0.0
2025-11-09 04:00:00+01:00,89.85,686.2493871040654,0.0
2025-11-09 05:00:00+01:00,96.18333333333334,928.9473410798934,0.0
2025-11-09 06:00:00+01:00,87.53333333333333,1372.4987742081307,0.0
2025-11-09 07:00:00+01:00,90.43333333333334,1737.94052099932,6.062068965517241
2025-11-09 08:00:00+01:00,98.06666666666666,1609.6174648741696,31.848275862068967
2025-11-09 09:00:00+01:00,232.53333333333333,1467.3462504745462,73.04022988505747
2025-11-09 10:00:00+01:00,104.35,1352.9713526238681,282.28850574712646
2025-11-09 11:00:00+01:00,97.85,1252.5446130476641,188.4218390804598
2025-11-09 12:00:00+01:00,117.25,1205.1208749144564,103.3103448275862
2025-11-09 13:00:00+01:00,145.51666666666668,1185.5934533301943,81.28390804597701
2025-11-09 14:00:00+01:00,196.31666666666666,1185.5934533301943,216.7816091954023
2025-11-09 15:00:00+01:00,132.68333333333334,1221.8586648438234,48.0632183908046
2025-11-09 16:00:00+01:00,134.41666666666666,1283.2305612515045,9.520689655172415
2025-11-09 17:00:00+01:00,807.3,1344.602457659185,0.0
2025-11-09 18:00:00+01:00,691.9333333333333,1428.2914073060222,0.0
2025-11-09 19:00:00+01:00,201.1,1464.5566188196515,0.0
2025-11-09 20:00:00+01:00,113.33333333333333,1467.3462504745462,0.0
2025-11-09 21:00:00+01:00,126.03333333333333,1394.8158274472873,0.0
2025-11-09 22:00:00+01:00,95.96666666666667,1199.541611604667,0.0
2025-11-09 23:00:00+01:00,96.88333333333334,803.4139166096375,0.0
2025-11-10 00:00:00+01:00,99.65,602.5604374572282,0.0
2025-11-10 01:00:00+01:00,100.93333333333334,814.2479051575841,0.0
2025-11-10 02:00:00+01:00,90.2,899.4479186792687,0.0
2025-11-10 03:00:00+01:00,103.76666666666667,933.8887955325048,0.0
2025-11-10 04:00:00+01:00,94.45,1007.8216585121613,0.0
2025-11-10 05:00:00+01:00,89.53333333333333,1233.51145076585,0.0
2025-11-10 06:00:00+01:00,91.26666666666667,1778.2799148264774,0.0
2025-11-10 07:00:00+01:00,99.96666666666667,2237.4419059632924,3.2413793103448274
2025-11-10 08:00:00+01:00,94.63333333333334,2101.2497899481355,33.85977011494253
2025-11-10 09:00:00+01:00,171.86666666666667,2003.969707080166,103.97356321839081
2025-11-10 10:00:00+01:00,156.25,1906.689624212197,263.7367816091954
2025-11-10 11:00:00+01:00,94.31666666666666,1805.518338029509,533.3080459770115
2025-11-10 12:00:00+01:00,98.8,1743.2590849940088,656.9344827586207
2025-11-10 13:00:00+01:00,180.6,1708.23825516154,588.1931034482758
2025-11-10 14:00:00+01:00,305.71666666666664,1716.0206617909776,454.46436781609196
2025-11-10 15:00:00+01:00,399.78333333333336,1747.1502883087278,236.22298850574714
2025-11-10 16:00:00+01:00,165.28333333333333,1805.518338029509,28.466666666666665
2025-11-10 17:00:00+01:00,180.31666666666666,1879.451201009166,0.0
2025-11-10 18:00:00+01:00,153.71666666666667,1953.3840639888224,0.0
2025-11-10 19:00:00+01:00,177.48333333333332,1972.8400805624165,0.0
2025-11-10 20:00:00+01:00,126.38333333333334,1965.0576739329786,0.0
2025-11-10 21:00:00+01:00,124.8,1871.668794379728,0.0
2025-11-10 22:00:00+01:00,98.83333333333333,1653.7614087554773,0.0
2025-11-10 23:00:00+01:00,90.43333333333334,1167.3609944156308,0.0
2025-11-11 00:00:00+01:00,97.95,933.8887955325048,0.0
2025-11-11 01:00:00+01:00,90.36666666666666,788.7208381394831,0.0
2025-11-11 02:00:00+01:00,92.71666666666667,769.6822351272342,0.0
2025-11-11 03:00:00+01:00,104.15,794.3323249864528,0.0
2025-11-11 04:00:00+01:00,88.9,857.2169673812134,0.0
2025-11-11 05:00:00+01:00,88.41666666666667,1049.180612586273,0.0
2025-11-11 06:00:00+01:00,94.2,1512.5411354950368,0.0
2025-11-11 07:00:00+01:00,98.6,1903.0878619467098,6.519540229885057
2025-11-11 08:00:00+01:00,89.06666666666666,1787.2477312195183,56.58275862068965
2025-11-11 09:00:00+01:00,182.55,1704.504780700096,174.20919540229886
2025-11-11 10:00:00+01:00,164.85,1621.7618301806745,120.9287356321839
2025-11-11 11:00:00+01:00,101.66666666666667,1535.709161640475,142.7022988505747
2025-11-11 12:00:00+01:00,162.1,1482.7536733080449,75.4183908045977
2025-11-11 13:00:00+01:00,141.36666666666667,1452.966211121053,85.99195402298851
2025-11-11 14:00:00+01:00,207.6,1459.5856471626068,106.97586206896553
2025-11-11 15:00:00+01:00,143.43333333333334,1486.063391328822,19.84022988505747
2025-11-11 16:00:00+01:00,180.35,1535.709161640475,2.5206896551724136
2025-11-11 17:00:00+01:00,145.23333333333332,1598.5938040352362,0.0
2025-11-11 18:00:00+01:00,142.28333333333333,1661.4784464299967,0.0
2025-11-11 19:00:00+01:00,210.5,1678.0270365338813,0.0
2025-11-11 20:00:00+01:00,127.46666666666667,1671.4076004923277,0.0
2025-11-11 21:00:00+01:00,116.25,1591.974367993682,0.0
2025-11-11 22:00:00+01:00,95.48333333333333,1406.630158830177,0.0
2025-11-11 23:00:00+01:00,99.7,992.9154062330658,0.0
2025-11-12 00:00:00+01:00,94.66666666666667,794.3323249864528,0.0
2025-11-12 01:00:00+01:00,101.25,672.1345214507143,0.0
2025-11-12 02:00:00+01:00,81.63333333333334,601.8392790432075,0.0
2025-11-12 03:00:00+01:00,106.68333333333334,630.303776060469,0.0
2025-11-12 04:00:00+01:00,93.05,724.5548079947447,0.0
2025-11-12 05:00:00+01:00,88.8,980.799801066057,0.0
2025-11-12 06:00:00+01:00,89.51666666666667,1449.1096159894894,0.0
2025-11-12 07:00:00+01:00,92.4,1834.9497779704304,7.804597701149425
2025-11-12 08:00:00+01:00,95.61666666666666,1699.4639195649092,72.01149425287356
2025-11-12 09:00:00+01:00,169.4,1549.2513374196574,198.06551724137933
2025-11-12 10:00:00+01:00,166.51666666666668,1428.4922027538664,228.66781609195402
2025-11-12 11:00:00+01:00,98.55,1322.4597918278064,322.86896551724135
2025-11-12 12:00:00+01:00,116.23333333333333,1272.3889311127225,188.01264367816094
2025-11-12 13:00:00+01:00,136.23333333333332,1251.7715178770995,181.8505747126437
2025-11-12 14:00:00+01:00,135.8,1251.7715178770995,133.71494252873563
2025-11-12 15:00:00+01:00,126.78333333333333,1290.060999600399,32.46206896551724
2025-11-12 16:00:00+01:00,185.38333333333333,1354.8585840552137,6.426436781609196
2025-11-12 17:00:00+01:00,138.36666666666667,1419.6561685100282,0.0
2025-11-12 18:00:00+01:00,139.46666666666667,1508.016510948412,0.0
2025-11-12 19:00:00+01:00,189.18333333333334,1546.3059926717112,0.0
2025-11-12 20:00:00+01:00,119.6,1549.2513374196574,0.0
2025-11-12 21:00:00+01:00,122.61666666666666,1472.6723739730583,0.0
2025-11-12 22:00:00+01:00,106.58333333333333,1266.4982416168298,0.0
2025-11-12 23:00:00+01:00,97.33333333333333,848.2592874084816,0.0
2025-11-13 00:00:00+01:00,97.4,636.1944655563613,0.0
2025-11-13 01:00:00+01:00,100.3,713.302251706717,0.0
2025-11-13 02:00:00+01:00,98.28333333333333,745.9558498381051,0.0
2025-11-13 03:00:00+01:00,105.85,772.5546421153398,0.0
2025-11-13 04:00:00+01:00,89.91666666666667,833.7152179494709,0.0
2025-11-13 05:00:00+01:00,88.73333333333333,1020.4159231273446,0.0
2025-11-13 06:00:00+01:00,87.63333333333334,1471.072797694626,0.0
2025-11-13 07:00:00+01:00,97.11666666666666,1850.9121634013347,3.086206896551724
2025-11-13 08:00:00+01:00,94.83333333333333,1738.2479447595144,84.09195402298852
2025-11-13 09:00:00+01:00,225.01666666666668,1657.7735028724996,268.8574712643678
2025-11-13 10:00:00+01:00,96.76666666666667,1577.2990609854853,106.75402298850575
2025-11-13 11:00:00+01:00,178.23333333333332,1493.60564142299,42.697701149425285
2025-11-13 12:00:00+01:00,153.91666666666666,1442.1019986153008,214.27586206896552
2025-11-13 13:00:00+01:00,139.78333333333333,1413.1311995359756,64.9287356321839
2025-11-13 14:00:00+01:00,175.41666666666666,1419.569154886937,36.78965517241379
2025-11-13 15:00:00+01:00,140.9,1445.3209762907816,15.914942528735631
2025-11-13 16:00:00+01:00,142.06666666666666,1493.60564142299,3.481609195402299
2025-11-13 17:00:00+01:00,145.33333333333334,1554.7662172571213,0.0
2025-11-13 18:00:00+01:00,150.61666666666667,1615.9267930912517,0.0
2025-11-13 19:00:00+01:00,227.16666666666666,1632.0216814686553,0.0
2025-11-13 20:00:00+01:00,118.5,1625.5837261176941,0.0
2025-11-13 21:00:00+01:00,118.45,1548.32826190616,0.0
2025-11-13 22:00:00+01:00,104.85,1368.0655120792476,0.0
2025-11-13 23:00:00+01:00,96.0,965.6933026441748,0.0
2025-11-14 00:00:00+01:00,93.73333333333333,772.5546421153398,0.0
2025-11-14 01:00:00+01:00,84.93333333333334,691.5519084800384,0.0
2025-11-14 02:00:00+01:00,96.18333333333334,625.2383619601715,0.0
2025-11-14 03:00:00+01:00,109.26666666666667,637.608406780259,0.0
2025-11-14 04:00:00+01:00,97.75,732.9517199436622,0.0
2025-11-14 05:00:00+01:00,94.65,992.1663526066648,0.0
2025-11-14 06:00:00+01:00,96.28333333333333,1465.9034398873243,0.0
2025-11-14 07:00:00+01:00,99.56666666666666,1856.2151281500062,2.6333333333333333
2025-11-14 08:00:00+01:00,92.76666666666667,1719.1591154776143,30.566666666666666
2025-11-14 09:00:00+01:00,234.58333333333334,1567.2057101234402,341.6080459770115
2025-11-14 10:00:00+01:00,83.66666666666667,1445.04709013283,449.1195402298851
2025-11-14 11:00:00+01:00,201.85,1337.7858628240015,572.0333333333333
2025-11-14 12:00:00+01:00,606.4,1287.1347277059435,530.0183908045977
2025-11-14 13:00:00+01:00,141.1,1266.278377951449,387.4114942528735
2025-11-14 14:00:00+01:00,136.33333333333334,1266.278377951449,407.8390804597701
2025-11-14 15:00:00+01:00,177.18333333333334,1305.0115989240815,115.71149425287356
2025-11-14 16:00:00+01:00,144.61666666666667,1370.5601267239208,8.003448275862068
2025-11-14 17:00:00+01:00,148.76666666666668,1436.1086545237608,0.0
2025-11-14 18:00:00+01:00,142.36666666666667,1525.4930106144514,0.0
2025-11-14 19:00:00+01:00,226.68333333333334,1564.2262315870837,0.0
2025-11-14 20:00:00+01:00,127.6,1567.2057101234402,0.0
2025-11-14 21:00:00+01:00,120.9,1489.7392681781748,0.0
2025-11-14 22:00:00+01:00,88.88333333333334,1281.1757706332305,0.0
2025-11-14 23:00:00+01:00,95.51666666666667,858.0898184706289,0.0
2025-11-15 00:00:00+01:00,94.06666666666666,643.5673638529718,0.0
2025-11-15 01:00:00+01:00,90.06666666666666,706.6762586977329,0.0
2025-11-15 02:00:00+01:00,91.25,733.7349406406003,0.0
2025-11-15 03:00:00+01:00,99.01666666666667,759.63066712927,0.0
2025-11-15 04:00:00+01:00,101.36666666666666,819.7680949436707,0.0
2025-11-15 05:00:00+01:00,94.76666666666667,1003.3455061665777,0.0
2025-11-15 06:00:00+01:00,94.31666666666666,1446.4633953253183,0.0
2025-11-15 07:00:00+01:00,94.45,1819.9484733305433,0.0
2025-11-15 08:00:00+01:00,104.7,1709.169001040858,3.518390804597701
2025-11-15 09:00:00+01:00,216.85,1630.0408065482254,43.65172413793104
2025-11-15 10:00:00+01:00,104.5,1550.9126120555932,31.945977011494254
2025-11-15 11:00:00+01:00,102.76666666666667,1468.6192897832552,90.20574712643678
2025-11-15 12:00:00+01:00,106.38333333333334,1417.9772453079709,54.43448275862069
2025-11-15 13:00:00+01:00,123.73333333333333,1389.4910952906234,47.63908045977011
2025-11-15 14:00:00+01:00,170.96666666666667,1395.821350850034,46.685057471264365
2025-11-15 15:00:00+01:00,136.43333333333334,1421.142373087676,15.881609195402298
2025-11-15 16:00:00+01:00,141.61666666666667,1468.6192897832552,2.3609195402298853
2025-11-15 17:00:00+01:00,138.28333333333333,1528.7567175976562,0.0
2025-11-15 18:00:00+01:00,151.13333333333333,1588.8941454120563,0.0
2025-11-15 19:00:00+01:00,197.86666666666667,1604.7197843105832,0.0
2025-11-15 20:00:00+01:00,125.4,1598.3895287511725,0.0
2025-11-15 21:00:00+01:00,104.48333333333333,1522.4264620382453,0.0
2025-11-15 22:00:00+01:00,93.7,1345.1793063747493,0.0
2025-11-15 23:00:00+01:00,100.51666666666667,949.5383339115878,0.0
2025-11-16 00:00:00+01:00,95.08333333333333,759.63066712927,0.0
2025-11-16 01:00:00+01:00,94.23333333333333,736.0463383418373,0.0
2025-11-16 02:00:00+01:00,94.66666666666667,758.9030233242239,0.0
2025-11-16 03:00:00+01:00,105.75,785.41565987613,0.0
2025-11-16 04:00:00+01:00,97.46666666666667,847.5943996163237,0.0
2025-11-16 05:00:00+01:00,80.75,1037.4031840863884,0.0
2025-11-16 06:00:00+01:00,89.88333333333334,1495.562319014131,0.0
2025-11-16 07:00:00+01:00,89.73333333333333,1881.7250184532284,0.232183908045977
2025-11-16 08:00:00+01:00,101.25,1767.1852347212925,9.581609195402299
2025-11-16 09:00:00+01:00,190.36666666666667,1685.3711034841956,24.42873563218391
2025-11-16 10:00:00+01:00,94.51666666666667,1603.5569722470989,43.18045977011494
2025-11-16 11:00:00+01:00,102.05,1518.470275760518,183.03448275862067
2025-11-16 12:00:00+01:00,94.63333333333334,1466.109231768776,295.816091954023
2025-11-16 13:00:00+01:00,152.65,1436.656144523421,252.47471264367817
2025-11-16 14:00:00+01:00,118.65,1443.201275022389,194.4287356321839
2025-11-16 15:00:00+01:00,93.9,1469.3817970182604,189.84137931034485
2025-11-16 16:00:00+01:00,123.88333333333334,1518.470275760518,11.431034482758621
2025-11-16 17:00:00+01:00,160.2,1580.649015500712,0.0
2025-11-16 18:00:00+01:00,141.83333333333334,1642.8277552409052,0.0
2025-11-16 19:00:00+01:00,194.71666666666667,1659.1905814883248,0.0
2025-11-16 20:00:00+01:00,119.9,1652.6454509893572,0.0
2025-11-16 21:00:00+01:00,122.46666666666667,1574.1038850017437,0.0
2025-11-16 22:00:00+01:00,81.85,1390.8402310306471,0.0
2025-11-16 23:00:00+01:00,90.36666666666666,981.7695748451625,0.0
2025-11-17 00:00:00+01:00,90.11666666666666,785.41565987613,0.0
2025-11-17 01:00:00+01:00,92.66666666666667,794.4123848915496,0.0
2025-11-17 02:00:00+01:00,99.61666666666666,831.2958172048664,0.0
2025-11-17 03:00:00+01:00,101.48333333333333,860.9607932246439,0.0
2025-11-17 04:00:00+01:00,98.33333333333333,929.120189354928,0.0
2025-11-17 05:00:00+01:00,93.15,1137.1857143842171,0.0
2025-11-17 06:00:00+01:00,94.81666666666666,1639.4128437652594,0.0
2025-11-17 07:00:00+01:00,94.3,2062.718567100709,0.0
2025-11-17 08:00:00+01:00,102.83333333333333,1937.1617847554485,13.266666666666667
2025-11-17 09:00:00+01:00,191.63333333333333,1847.478368794548,46.95057471264367
2025-11-17 10:00:00+01:00,95.98333333333333,1757.794952833648,78.27011494252874
2025-11-17 11:00:00+01:00,235.38333333333333,1664.5242002343111,74.86896551724138
2025-11-17 12:00:00+01:00,966.6833333333333,1607.1268140193351,121.5103448275862
2025-11-17 13:00:00+01:00,647.15,1574.8407842734111,52.770114942528735
2025-11-17 14:00:00+01:00,126.53333333333333,1582.0154575502831,15.978160919540231
2025-11-17 15:00:00+01:00,142.05,1610.7141506577711,4.266666666666667
2025-11-17 16:00:00+01:00,222.53333333333333,1664.5242002343111,0.4804597701149425
2025-11-17 17:00:00+01:00,149.7,1732.6835963645956,0.0
2025-11-17 18:00:00+01:00,150.38333333333333,1800.84299249488,0.0
2025-11-17 19:00:00+01:00,201.4,1818.7796756870603,0.0
2025-11-17 20:00:00+01:00,133.55,1811.6050024101883,0.0
2025-11-17 21:00:00+01:00,115.9,1725.5089230877234,0.0
2025-11-17 22:00:00+01:00,96.15,1524.6180713353067,0.0
2025-11-17 23:00:00+01:00,91.43333333333334,1076.200991530805,0.0
2025-11-18 00:00:00+01:00,107.75,860.9607932246439,0.0
2025-11-18 01:00:00+01:00,90.55,688.5155705395707,0.0
2025-11-18 02:00:00+01:00,98.05,600.9792500542507,0.0
2025-11-18 03:00:00+01:00,97.75,628.5828186108746,0.0
2025-11-18 04:00:00+01:00,93.5,722.5765111134353,0.0
2025-11-18 05:00:00+01:00,89.08333333333333,978.1218626047723,0.0
2025-11-18 06:00:00+01:00,89.81666666666666,1445.1530222268707,0.0
2025-11-18 07:00:00+01:00,84.88333333333334,1829.9397009092286,0.0
2025-11-18 08:00:00+01:00,155.2,1694.8237679367978,7.679310344827586
2025-11-18 09:00:00+01:00,99.86666666666666,1545.0213205108414,19.501149425287355
2025-11-18 10:00:00+01:00,169.53333333333333,1424.5919019919356,32.32528735632184
2025-11-18 11:00:00+01:00,99.78333333333333,1318.8489979265548,53.187356321839076
2025-11-18 12:00:00+01:00,116.25,1268.9148487845696,30.624137931034486
2025-11-18 13:00:00+01:00,139.83333333333334,1248.3537285496345,14.950574712643679
2025-11-18 14:00:00+01:00,177.88333333333333,1248.3537285496345,14.420689655172415
2025-11-18 15:00:00+01:00,143.98333333333332,1286.5386661287994,5.344827586206896
2025-11-18 16:00:00+01:00,144.6,1351.15932972431,0.8425287356321839
2025-11-18 17:00:00+01:00,146.81666666666666,1415.7799933198205,0.0
2025-11-18 18:00:00+01:00,142.01666666666668,1503.8990800409713,0.0
2025-11-18 19:00:00+01:00,213.95,1542.0840176201361,0.0
2025-11-18 20:00:00+01:00,120.2,1545.0213205108414,0.0
2025-11-18 21:00:00+01:00,123.5,1468.651445352511,0.0
2025-11-18 22:00:00+01:00,90.23333333333333,1263.0402430031588,0.0
2025-11-18 23:00:00+01:00,94.2,845.9432325230462,0.0
2025-11-19 00:00:00+01:00,98.3,634.4574243922848,0.0
2025-11-19 01:00:00+01:00,98.23333333333333,567.9788382100419,0.0
2025-11-19 02:00:00+01:00,95.26666666666667,596.5326618634061,0.0
2025-11-19 03:00:00+01:00,106.5,625.7365171394674,0.0
2025-11-19 04:00:00+01:00,99.5,719.3045944687336,0.0
2025-11-19 05:00:00+01:00,94.68333333333334,973.6928047076763,0.0
2025-11-19 06:00:00+01:00,95.03333333333333,1438.6091889374673,0.0
2025-11-19 07:00:00+01:00,90.91666666666667,1821.6535055041506,0.7425287356321839
2025-11-19 08:00:00+01:00,91.28333333333333,1687.1493943433306,12.142528735632185
2025-11-19 09:00:00+01:00,250.78333333333333,1538.0252710998122,25.095402298850573
2025-11-19 10:00:00+01:00,97.3,1418.1411720216904,28.101149425287357
2025-11-19 11:00:00+01:00,96.48333333333333,1312.8770850262658,59.270114942528735
2025-11-19 12:00:00+01:00,121.55,1263.1690439450933,78.13103448275862
2025-11-19 13:00:00+01:00,129.75,1242.7010270293165,46.37931034482759
2025-11-19 14:00:00+01:00,130.05,1242.7010270293165,19.847126436781608
2025-11-19 15:00:00+01:00,131.21666666666667,1280.7130584443307,23.20689655172414
2025-11-19 16:00:00+01:00,226.83333333333334,1345.0411116082012,2.598850574712644
2025-11-19 17:00:00+01:00,152.61666666666667,1409.3691647720714,0.0
2025-11-19 18:00:00+01:00,147.4,1497.0892372682586,0.0
2025-11-19 19:00:00+01:00,225.2,1535.101268683273,0.0
2025-11-19 20:00:00+01:00,124.75,1538.0252710998122,0.0
2025-11-19 21:00:00+01:00,129.66666666666666,1462.0012082697838,0.0
2025-11-19 22:00:00+01:00,97.08333333333333,1257.321039112014,0.0
2025-11-19 23:00:00+01:00,88.85,842.1126959633955,0.0
2025-11-20 00:00:00+01:00,92.05,631.5845219725467,0.0
2025-11-20 01:00:00+01:00,92.91666666666667,745.6981686535212,0.0
2025-11-20 02:00:00+01:00,91.9,793.0929598189703,0.0
2025-11-20 03:00:00+01:00,103.38333333333334,822.0389310581177,0.0
2025-11-20 04:00:00+01:00,94.05,887.1170131002186,0.0
2025-11-20 05:00:00+01:00,89.35,1085.7764214392637,0.0
2025-11-20 06:00:00+01:00,92.08333333333333,1565.2991312231657,0.0
2025-11-20 07:00:00+01:00,92.95,1969.4682723267406,0.10689655172413791
2025-11-20 08:00:00+01:00,94.43333333333334,1849.587594880765,16.817241379310346
2025-11-20 09:00:00+01:00,257.7,1763.958539562211,15.610344827586207
2025-11-20 10:00:00+01:00,658.9666666666667,1678.329484243657,47.32873563218391
2025-11-20 11:00:00+01:00,601.8833333333333,1589.2752667123607,150.15977011494255
2025-11-20 12:00:00+01:00,201.38333333333333,1534.4726713084863,195.8137931034483
2025-11-20 13:00:00+01:00,135.8,1503.6462113938069,150.25977011494254
2025-11-20 14:00:00+01:00,167.66666666666666,1510.4965358192915,59.242528735632185
2025-11-20 15:00:00+01:00,130.73333333333332,1537.8978335212284,10.588505747126437
2025-11-20 16:00:00+01:00,150.71666666666667,1589.2752667123607,1.1793103448275863
2025-11-20 17:00:00+01:00,147.08333333333334,1654.3533487544619,0.0
2025-11-20 18:00:00+01:00,142.26666666666668,1719.431430796563,0.0
2025-11-20 19:00:00+01:00,212.33333333333334,1736.5572418602737,0.0
2025-11-20 20:00:00+01:00,114.91666666666667,1729.7069174347891,0.0
2025-11-20 21:00:00+01:00,126.23333333333333,1647.5030243289775,0.0
2025-11-20 22:00:00+01:00,100.91666666666667,1455.6939404154168,0.0
2025-11-20 23:00:00+01:00,93.78333333333333,1027.548663822647,0.0
2025-11-21 00:00:00+01:00,97.38333333333334,822.0389310581177,0.0
2025-11-21 01:00:00+01:00,94.65,734.4547414620617,0.0
2025-11-21 02:00:00+01:00,95.68333333333334,734.2951021852047,0.0
2025-11-21 03:00:00+01:00,101.03333333333333,758.7702865294856,0.0
2025-11-21 04:00:00+01:00,94.01666666666667,818.8396008797366,0.0
2025-11-21 05:00:00+01:00,89.1,1002.2090867910289,0.0
2025-11-21 06:00:00+01:00,89.26666666666667,1444.825087266562,0.0
2025-11-21 07:00:00+01:00,88.28333333333333,1817.8871448102261,0.0
2025-11-21 08:00:00+01:00,100.86666666666666,1707.2331446913429,2.1
2025-11-21 09:00:00+01:00,252.08333333333334,1628.1945731778546,10.888505747126436
2025-11-21 10:00:00+01:00,101.95,1549.1560016643666,15.944827586206896
2025-11-21 11:00:00+01:00,99.16666666666667,1466.9558872903388,31.64712643678161
2025-11-21 12:00:00+01:00,109.56666666666666,1416.3712015217066,50.48850574712643
2025-11-21 13:00:00+01:00,123.6,1387.9173157768507,66.54827586206896
2025-11-21 14:00:00+01:00,134.16666666666666,1394.24040149793,85.38850574712643
2025-11-21 15:00:00+01:00,173.36666666666667,1419.5327443822462,19.626436781609193
2025-11-21 16:00:00+01:00,142.81666666666666,1466.9558872903388,1.5229885057471264
2025-11-21 17:00:00+01:00,149.7,1527.02520164059,0.0
2025-11-21 18:00:00+01:00,197.08333333333334,1587.0945159908408,0.0
2025-11-21 19:00:00+01:00,219.65,1602.9022302935387,0.0
2025-11-21 20:00:00+01:00,124.1,1596.5791445724594,0.0
2025-11-21 21:00:00+01:00,121.88333333333334,1520.7021159195108,0.0
2025-11-21 22:00:00+01:00,100.85,1343.6557157292978,0.0
2025-11-21 23:00:00+01:00,94.05,948.4628581618571,0.0
2025-11-22 00:00:00+01:00,101.08333333333333,758.7702865294856,0.0
2025-11-22 01:00:00+01:00,94.28333333333333,721.6516519325513,0.0
2025-11-22 02:00:00+01:00,98.66666666666667,739.0540829694357,0.0
2025-11-22 03:00:00+01:00,102.86666666666666,764.6166543198952,0.0
2025-11-22 04:00:00+01:00,102.88333333333334,825.1488061202201,0.0
2025-11-22 05:00:00+01:00,82.96666666666667,1009.9311642475282,0.0
2025-11-22 06:00:00+01:00,97.3,1455.9575459341336,0.0
2025-11-22 07:00:00+01:00,91.08333333333333,1831.8940676414154,0.6379310344827586
2025-11-22 08:00:00+01:00,89.6,1720.387472219764,23.881609195402298
2025-11-22 09:00:00+01:00,231.05,1640.7399040614414,42.57586206896552
2025-11-22 10:00:00+01:00,90.43333333333334,1561.0923359031194,58.42873563218391
2025-11-22 11:00:00+01:00,93.01666666666667,1478.258865018464,74.5896551724138
2025-11-22 12:00:00+01:00,92.8,1427.2844213971375,220.71379310344827
2025-11-22 13:00:00+01:00,139.33333333333334,1398.6112968601417,441.1770114942529
2025-11-22 14:00:00+01:00,171.11666666666667,1404.9831023128072,306.7689655172414
2025-11-22 15:00:00+01:00,142.36666666666667,1430.4703241234706,132.22988505747128
2025-11-22 16:00:00+01:00,139.38333333333333,1478.258865018464,4.12183908045977
2025-11-22 17:00:00+01:00,207.73333333333332,1538.791016818789,0.0
2025-11-22 18:00:00+01:00,151.91666666666666,1599.323168619114,0.0
2025-11-22 19:00:00+01:00,208.6,1615.2526822507784,0.0
2025-11-22 20:00:00+01:00,120.48333333333333,1608.880876798113,0.0
2025-11-22 21:00:00+01:00,120.56666666666666,1532.4192113661231,0.0
2025-11-22 22:00:00+01:00,96.08333333333333,1354.008658691481,0.0
2025-11-22 23:00:00+01:00,89.05,955.7708178998688,0.0
2025-11-23 00:00:00+01:00,95.25,764.6166543198952,0.0
2025-11-23 01:00:00+01:00,92.91666666666667,754.9004248913624,0.0
2025-11-23 02:00:00+01:00,97.56666666666666,783.5049715517188,0.0
2025-11-23 03:00:00+01:00,102.45,811.1412650835565,0.0
2025-11-23 04:00:00+01:00,98.1,875.3566152360046,0.0
2025-11-23 05:00:00+01:00,98.3,1071.3824209645306,0.0
2025-11-23 06:00:00+01:00,94.11666666666666,1544.5481589299386,0.0
2025-11-23 07:00:00+01:00,99.48333333333333,1943.3592809293536,2.2551724137931037
2025-11-23 08:00:00+01:00,94.16666666666667,1825.0678464380014,70.32528735632185
2025-11-23 09:00:00+01:00,243.4,1740.5739646584645,257.30689655172415
2025-11-23 10:00:00+01:00,88.16666666666667,1656.0800828789274,380.1620689655173
2025-11-23 11:00:00+01:00,100.13333333333334,1568.2064458282089,384.2379310344828
2025-11-23 12:00:00+01:00,84.15,1514.130361489305,241.6310344827586
2025-11-23 13:00:00+01:00,82.18333333333334,1483.7125640486718,145.31149425287356
2025-11-23 14:00:00+01:00,215.88333333333333,1490.4720745910347,149.54597701149427
2025-11-23 15:00:00+01:00,135.75,1517.5101167604867,33.85862068965517
2025-11-23 16:00:00+01:00,181.61666666666667,1568.2064458282089,2.0620689655172413
2025-11-23 17:00:00+01:00,146.95,1632.4217959806572,0.0
2025-11-23 18:00:00+01:00,196.7,1696.6371461331053,0.0
2025-11-23 19:00:00+01:00,223.28333333333333,1713.5359224890128,0.0
2025-11-23 20:00:00+01:00,123.96666666666667,1706.77641194665,0.0
2025-11-23 21:00:00+01:00,123.7,1625.6622854382938,0.0
2025-11-23 22:00:00+01:00,100.28333333333333,1436.3959902521312,0.0
2025-11-23 23:00:00+01:00,92.75,1013.9265813544454,0.0
2025-11-24 00:00:00+01:00,92.15,811.1412650835565,0.0
2025-11-24 01:00:00+01:00,89.55,774.5456616398303,0.0
2025-11-24 02:00:00+01:00,91.7,794.3828157013245,0.0
2025-11-24 03:00:00+01:00,102.61666666666666,821.9189036707218,0.0
2025-11-24 04:00:00+01:00,95.01666666666667,886.9874835446539,0.0
2025-11-24 05:00:00+01:00,88.06666666666666,1085.6178852650783,0.0
2025-11-24 06:00:00+01:00,96.38333333333334,1565.070579072999,0.0
2025-11-24 07:00:00+01:00,94.58333333333333,1969.180706711104,0.0
2025-11-24 08:00:00+01:00,94.08333333333333,1849.3175332591238,16.04367816091954
2025-11-24 09:00:00+01:00,263.31666666666666,1763.7009807934237,32.97816091954023
2025-11-24 10:00:00+01:00,93.51666666666667,1678.0844283277233,180.69195402298848
2025-11-24 11:00:00+01:00,92.98333333333333,1589.0432137633952,149.78045977011496
2025-11-24 12:00:00+01:00,94.05,1534.2486201853471,173.59310344827585
2025-11-24 13:00:00+01:00,118.86666666666666,1503.4266612976949,281.24827586206897
2025-11-24 14:00:00+01:00,329.6166666666667,1510.2759854949513,173.06781609195403
2025-11-24 15:00:00+01:00,121.85,1537.6732822839754,25.724137931034484
2025-11-24 16:00:00+01:00,168.45,1589.0432137633952,2.764367816091954
2025-11-24 17:00:00+01:00,155.0,1654.1117936373273,0.0
2025-11-24 18:00:00+01:00,150.18333333333334,1719.1803735112594,0.0
2025-11-24 19:00:00+01:00,225.31666666666666,1736.3036840043997,0.0
2025-11-24 20:00:00+01:00,136.51666666666668,1729.4543598071436,0.0
2025-11-24 21:00:00+01:00,108.16666666666667,1647.2624694400715,0.0
2025-11-24 22:00:00+01:00,96.46666666666667,1455.4813919169032,0.0
2025-11-24 23:00:00+01:00,90.6,1027.3986295884022,0.0
2025-11-25 00:00:00+01:00,92.78333333333333,821.9189036707218,0.0
2025-11-25 01:00:00+01:00,90.21666666666667,780.394484470677,0.0
2025-11-25 02:00:00+01:00,91.15,798.7175259537385,0.0
2025-11-25 03:00:00+01:00,97.06666666666666,826.3181431269242,0.0
2025-11-25 04:00:00+01:00,101.28333333333333,891.7349961244722,0.0
2025-11-25 05:00:00+01:00,94.98333333333333,1091.4285473801456,0.0
2025-11-25 06:00:00+01:00,94.6,1573.4474642041844,0.0
2025-11-25 07:00:00+01:00,93.76666666666667,1979.7205512415892,0.0
2025-11-25 08:00:00+01:00,98.75,1859.2158220355793,3.933333333333333
2025-11-25 09:00:00+01:00,243.15,1773.1410154598582,23.112643678160918
2025-11-25 10:00:00+01:00,91.71666666666667,1687.0662088841368,45.68390804597701
2025-11-25 11:00:00+01:00,91.25,1597.5484100453866,61.30689655172414
2025-11-25 12:00:00+01:00,127.13333333333334,1542.4605338369252,52.61494252873563
2025-11-25 13:00:00+01:00,758.0166666666667,1511.4736034696652,30.886206896551723
2025-11-25 14:00:00+01:00,744.0333333333333,1518.3595879957231,25.92873563218391
2025-11-25 15:00:00+01:00,186.31666666666666,1545.9035260999538,14.12183908045977
2025-11-25 16:00:00+01:00,143.53333333333333,1597.5484100453866,1.6413793103448275
2025-11-25 17:00:00+01:00,189.4,1662.9652630429348,0.0
2025-11-25 18:00:00+01:00,189.65,1728.382116040483,0.0
2025-11-25 19:00:00+01:00,216.6,1745.597077355627,0.0
2025-11-25 20:00:00+01:00,121.18333333333334,1738.7110928295697,0.0
2025-11-25 21:00:00+01:00,106.56666666666666,1656.0792785168771,0.0
2025-11-25 22:00:00+01:00,92.63333333333334,1463.271711787262,0.0
2025-11-25 23:00:00+01:00,92.81666666666666,1032.897678908655,0.0
2025-11-26 00:00:00+01:00,95.28333333333333,826.3181431269242,0.0
2025-11-26 01:00:00+01:00,94.7,481.89178639195774,0.0
2025-11-26 02:00:00+01:00,103.08333333333333,437.4143594306935,0.0
2025-11-26 03:00:00+01:00,102.26666666666667,455.3334702915683,0.0
2025-11-26 04:00:00+01:00,95.26666666666667,523.4207181856345,0.0
2025-11-26 05:00:00+01:00,95.18333333333334,708.5329233976275,0.0
2025-11-26 06:00:00+01:00,91.65,1046.841436371269,0.0
2025-11-26 07:00:00+01:00,87.61666666666666,1325.5736074376032,0.0
2025-11-26 08:00:00+01:00,84.95,1227.6981885898829,15.49655172413793
2025-11-26 09:00:00+01:00,203.06666666666666,1119.1841372587148,64.90919540229885
2025-11-26 10:00:00+01:00,152.31666666666666,1031.9473508944423,75.3632183908046
2025-11-26 11:00:00+01:00,136.18333333333334,955.3491970136178,126.97701149425286
2025-11-26 12:00:00+01:00,91.53333333333333,919.1778465698951,146.37586206896552
2025-11-26 13:00:00+01:00,129.61666666666667,904.2837610930679,143.94022988505748
2025-11-26 14:00:00+01:00,138.51666666666668,904.2837610930679,114.63218390804597
2025-11-26 15:00:00+01:00,135.13333333333333,931.9442055500324,27.722988505747125
2025-11-26 16:00:00+01:00,180.45,978.7541884772031,1.2379310344827585
2025-11-26 17:00:00+01:00,175.53333333333333,1025.5641714043736,0.0
2025-11-26 18:00:00+01:00,158.81666666666666,1089.3959663050607,0.0
2025-11-26 19:00:00+01:00,220.48333333333332,1117.056410762025,0.0
2025-11-26 20:00:00+01:00,122.41666666666667,1119.1841372587148,0.0
2025-11-26 21:00:00+01:00,120.71666666666667,1063.863248344786,0.0
2025-11-26 22:00:00+01:00,76.11666666666666,914.9223935765157,0.0
2025-11-26 23:00:00+01:00,90.2,612.7852310465967,0.0
2025-11-27 00:00:00+01:00,96.3,459.58892328494755,0.0
2025-11-27 01:00:00+01:00,99.98333333333333,365.6493707839233,0.0
2025-11-27 02:00:00+01:00,97.88333333333334,366.80950393038955,0.0
2025-11-27 03:00:00+01:00,106.45,383.87651354184374,0.0
2025-11-27 04:00:00+01:00,102.63333333333334,441.2786090247363,0.0
2025-11-27 05:00:00+01:00,90.05,597.3405561188503,0.0
2025-11-27 06:00:00+01:00,106.46666666666667,882.5572180494726,0.0
2025-11-27 07:00:00+01:00,87.03333333333333,1117.5470464325638,0.0
2025-11-27 08:00:00+01:00,163.81666666666666,1035.0315341759058,4.810344827586207
2025-11-27 09:00:00+01:00,185.2,943.5469445000459,32.61149425287356
2025-11-27 10:00:00+01:00,92.61666666666666,870.0005096625898,26.440229885057473
2025-11-27 11:00:00+01:00,366.51666666666665,805.4231522443357,66.28735632183908
2025-11-27 12:00:00+01:00,101.0,774.928289019049,149.27241379310345
2025-11-27 13:00:00+01:00,115.96666666666667,762.3715806321665,96.30574712643677
2025-11-27 14:00:00+01:00,133.36666666666667,762.3715806321665,176.05862068965516
2025-11-27 15:00:00+01:00,156.11666666666667,785.6911819220913,30.8183908045977
2025-11-27 16:00:00+01:00,127.9,825.15512256658,2.145977011494253
2025-11-27 17:00:00+01:00,168.76666666666668,864.6190632110686,0.0
2025-11-27 18:00:00+01:00,142.18333333333334,918.4335277262804,0.0
2025-11-27 19:00:00+01:00,149.41666666666666,941.7531290162054,0.0
2025-11-27 20:00:00+01:00,207.6,943.5469445000459,0.0
2025-11-27 21:00:00+01:00,121.58333333333333,896.9077419201956,0.0
2025-11-27 22:00:00+01:00,107.88333333333334,771.3406580513682,0.0
2025-11-27 23:00:00+01:00,99.33333333333333,516.6188593460327,0.0
2025-11-28 00:00:00+01:00,94.83333333333333,387.4641445095245,0.0
2025-11-28 01:00:00+01:00,98.01666666666667,333.85019686809625,0.0
2025-11-28 02:00:00+01:00,101.01666666666667,345.6259619925493,0.0
2025-11-28 03:00:00+01:00,107.78333333333333,362.2849904884355,0.0
2025-11-28 04:00:00+01:00,96.4,416.4584470100707,0.0
2025-11-28 05:00:00+01:00,89.1,563.7425319282664,0.0
2025-11-28 06:00:00+01:00,94.38333333333334,832.9168940201414,0.0
2025-11-28 07:00:00+01:00,83.55,1054.6894816555855,0.0
2025-11-28 08:00:00+01:00,87.73333333333333,976.8151379057349,5.520689655172414
2025-11-28 09:00:00+01:00,234.63333333333333,890.4761915743788,43.33448275862069
2025-11-28 10:00:00+01:00,97.8,821.0664504060337,83.22298850574713
2025-11-28 11:00:00+01:00,102.36666666666666,760.121311819194,88.53793103448275
2025-11-28 12:00:00+01:00,108.3,731.3416630420754,75.32183908045977
2025-11-28 13:00:00+01:00,141.15,719.4912194279676,41.79655172413793
2025-11-28 14:00:00+01:00,130.81666666666666,719.4912194279676,38.50344827586207
2025-11-28 15:00:00+01:00,195.23333333333332,741.499186139882,12.858620689655172
2025-11-28 16:00:00+01:00,146.08333333333334,778.7434374985062,0.9114942528735632
2025-11-28 17:00:00+01:00,166.98333333333332,815.9876888571304,0.0
2025-11-28 18:00:00+01:00,145.4,866.7753043461636,0.0
2025-11-28 19:00:00+01:00,200.68333333333334,888.7832710580776,0.0
2025-11-28 20:00:00+01:00,124.88333333333334,890.4761915743788,0.0
2025-11-28 21:00:00+01:00,118.2,846.4602581505502,0.0
2025-11-28 22:00:00+01:00,93.28333333333333,727.9558220094731,0.0
2025-11-28 23:00:00+01:00,95.38333333333334,487.56110869471684,0.0
2025-11-29 00:00:00+01:00,90.7,365.6708315210377,0.0
2025-11-29 01:00:00+01:00,103.13333333333334,482.5301643804517,0.0
2025-11-29 02:00:00+01:00,92.13333333333334,572.4708342067137,0.0
2025-11-29 03:00:00+01:00,100.5,604.0078030694523,0.0
2025-11-29 04:00:00+01:00,87.9,694.3267268929219,0.0
2025-11-29 05:00:00+01:00,90.46666666666667,939.8813010379794,0.0
2025-11-29 06:00:00+01:00,91.11666666666666,1388.6534537858438,0.0
2025-11-29 07:00:00+01:00,96.58333333333333,1758.396548188172,0.0
2025-11-29 08:00:00+01:00,96.85,1628.5630951919343,27.702298850574714
2025-11-29 09:00:00+01:00,245.16666666666666,1484.61731034828,126.24712643678161
2025-11-29 10:00:00+01:00,96.8,1368.8961891994595,318.74942528735636
2025-11-29 11:00:00+01:00,101.01666666666667,1267.2873998980565,551.2896551724137
2025-11-29 12:00:00+01:00,113.13333333333334,1219.3054716168383,469.7
2025-11-29 13:00:00+01:00,133.91666666666666,1199.5482070304545,216.5816091954023
2025-11-29 14:00:00+01:00,134.01666666666668,1199.5482070304545,88.59770114942529
2025-11-29 15:00:00+01:00,170.16666666666666,1236.2402698337387,46.10689655172414
2025-11-29 16:00:00+01:00,150.76666666666668,1298.334529962374,0.9827586206896551
2025-11-29 17:00:00+01:00,154.65,1360.4287900910092,0.0
2025-11-29 18:00:00+01:00,151.0,1445.102781175512,0.0
2025-11-29 19:00:00+01:00,209.03333333333333,1481.7948439787965,0.0
2025-11-29 20:00:00+01:00,122.06666666666666,1484.61731034828,0.0
2025-11-29 21:00:00+01:00,131.21666666666667,1411.233184741711,0.0
2025-11-29 22:00:00+01:00,100.11666666666666,1213.6605388778714,0.0
2025-11-29 23:00:00+01:00,94.3,812.8703144112254,0.0
2025-11-30 00:00:00+01:00,96.66666666666667,609.6527358084192,0.0
2025-11-30 01:00:00+01:00,90.41666666666667,798.3085396989352,0.0
2025-11-30 02:00:00+01:00,87.25,874.7758939730985,0.0
2025-11-30 03:00:00+01:00,97.21666666666667,907.9513047220594,0.0
2025-11-30 04:00:00+01:00,90.3,979.8307830125559,0.0
2025-11-30 05:00:00+01:00,97.33333333333333,1199.2523483203868,0.0
2025-11-30 06:00:00+01:00,94.3,1728.890609408255,0.0
2025-11-30 07:00:00+01:00,99.33333333333333,2175.300000896601,0.0
2025-11-30 08:00:00+01:00,82.6,2042.8904356246335,14.055172413793104
2025-11-30 09:00:00+01:00,244.41666666666666,1948.3121747160853,108.6712643678161
2025-11-30 10:00:00+01:00,97.55,1853.7339138075379,207.17241379310343
2025-11-30 11:00:00+01:00,89.81666666666666,1755.3725224626482,306.6965517241379
2025-11-30 12:00:00+01:00,92.33333333333333,1694.8424354811775,159.93218390804597
2025-11-30 13:00:00+01:00,128.38333333333333,1660.7942615541008,296.12528735632185
2025-11-30 14:00:00+01:00,188.1,1668.3605224267842,363.47816091954024
2025-11-30 15:00:00+01:00,135.71666666666667,1698.6255659175195,133.37701149425286
2025-11-30 16:00:00+01:00,141.3,1755.3725224626482,3.7885057471264365
2025-11-30 17:00:00+01:00,169.45,1827.2520007531448,0.0
2025-11-30 18:00:00+01:00,149.25,1899.131479043641,0.0
2025-11-30 19:00:00+01:00,206.0,1918.0471312253505,0.0
2025-11-30 20:00:00+01:00,124.68333333333334,1910.4808703526671,0.0
2025-11-30 21:00:00+01:00,126.41666666666667,1819.6857398804607,0.0
2025-11-30 22:00:00+01:00,100.5,1607.8304354453137,0.0
2025-11-30 23:00:00+01:00,87.96666666666667,1134.9391309025743,0.0
2025-12-01 00:00:00+01:00,78.25,907.9513047220594,0.0
2025-12-01 01:00:00+01:00,89.05,1101.6222249904336,0.0
2025-12-01 02:00:00+01:00,91.3,1239.031937943008,0.0
2025-12-01 03:00:00+01:00,106.28333333333333,1284.7475657926218,0.0
2025-12-01 04:00:00+01:00,97.95,1360.599820599566,0.0
2025-12-01 05:00:00+01:00,93.75,1602.3788827967016,0.0
2025-12-01 06:00:00+01:00,94.0,2081.1962412655384,0.0
2025-12-01 07:00:00+01:00,101.63333333333334,2583.7174293615453,0.0
2025-12-01 08:00:00+01:00,95.18333333333334,2413.0498560459205,5.680459770114942
2025-12-01 09:00:00+01:00,163.88333333333333,2379.864494567882,29.93448275862069
2025-12-01 10:00:00+01:00,123.95,2304.0122397609375,87.55402298850575
2025-12-01 11:00:00+01:00,90.16666666666667,2218.678453103125,139.37241379310345
2025-12-01 12:00:00+01:00,90.98333333333333,2123.863134594445,99.23793103448276
2025-12-01 13:00:00+01:00,550.15,2090.6777731164066,79.04597701149424
2025-12-01 14:00:00+01:00,230.58333333333334,2081.1962412655384,47.99080459770115
2025-12-01 15:00:00+01:00,241.88333333333333,2142.826198296181,16.92873563218391
2025-12-01 16:00:00+01:00,139.48333333333332,2190.2338575505205,1.1011494252873564
2025-12-01 17:00:00+01:00,147.41666666666666,2294.53070791007,0.0
2025-12-01 18:00:00+01:00,208.03333333333333,2322.9753034626733,0.0
2025-12-01 19:00:00+01:00,219.68333333333334,2332.456835313542,0.0
2025-12-01 20:00:00+01:00,109.61666666666666,2294.53070791007,0.0
2025-12-01 21:00:00+01:00,116.25,2190.2338575505205,0.0
2025-12-01 22:00:00+01:00,103.48333333333333,1938.973263502518,0.0
2025-12-01 23:00:00+01:00,97.61666666666666,1469.6374368845488,0.0
2025-12-02 00:00:00+01:00,94.08333333333333,1256.3029702400174,0.0
2025-12-02 01:00:00+01:00,92.25,935.7980325347944,0.0
2025-12-02 02:00:00+01:00,94.48333333333333,899.4800114708218,0.0
2025-12-02 03:00:00+01:00,110.63333333333334,927.4909450085211,0.0
2025-12-02 04:00:00+01:00,94.91666666666667,1000.9173114883621,0.0
2025-12-02 05:00:00+01:00,92.61666666666666,1225.060956532088,0.0
2025-12-02 06:00:00+01:00,92.91666666666667,1766.0973411203918,0.0
2025-12-02 07:00:00+01:00,86.56666666666666,2222.113722416248,0.0
2025-12-02 08:00:00+01:00,79.86666666666666,2086.8546262691725,10.35057471264368
2025-12-02 09:00:00+01:00,185.61666666666667,1990.2409861641174,37.39080459770115
2025-12-02 10:00:00+01:00,97.15,1893.6273460590637,81.91609195402299
2025-12-02 11:00:00+01:00,94.68333333333334,1793.149160349807,117.983908045977
2025-12-02 12:00:00+01:00,98.71666666666667,1731.3164306825727,188.40574712643678
2025-12-02 13:00:00+01:00,137.9,1696.535520244753,103.16896551724138
2025-12-02 14:00:00+01:00,134.95,1704.2646114531572,149.96206896551723
2025-12-02 15:00:00+01:00,180.85,1735.1809762867747,17.870114942528737
2025-12-02 16:00:00+01:00,140.45,1793.149160349807,2.6298850574712644
2025-12-02 17:00:00+01:00,166.13333333333333,1866.5755268296484,0.0
2025-12-02 18:00:00+01:00,144.78333333333333,1940.0018933094896,0.0
2025-12-02 19:00:00+01:00,200.0,1959.3246213305003,0.0
2025-12-02 20:00:00+01:00,128.83333333333334,1951.5955301220963,0.0
2025-12-02 21:00:00+01:00,126.3,1858.8464356212437,0.0
2025-12-02 22:00:00+01:00,94.81666666666666,1642.4318817859228,0.0
2025-12-02 23:00:00+01:00,93.05,1159.3636812606512,0.0
2025-12-03 00:00:00+01:00,91.01666666666667,927.4909450085211,0.0
2025-12-03 01:00:00+01:00,90.91666666666667,734.026377105468,0.0
2025-12-03 02:00:00+01:00,88.9,628.351415133756,0.0
2025-12-03 03:00:00+01:00,95.75,638.7363110609132,0.0
2025-12-03 04:00:00+01:00,87.65,734.2482828083395,0.0
2025-12-03 05:00:00+01:00,95.6,993.9214559966548,0.0
2025-12-03 06:00:00+01:00,90.3,1468.496565616679,0.0
2025-12-03 07:00:00+01:00,92.98333333333333,1859.4986999577054,0.0
2025-12-03 08:00:00+01:00,97.61666666666666,1722.20024057078,2.0551724137931036
2025-12-03 09:00:00+01:00,165.11666666666667,1569.9780355983194,14.433333333333334
2025-12-03 10:00:00+01:00,139.4,1447.6033217969295,40.85632183908046
2025-12-03 11:00:00+01:00,101.18333333333334,1340.152353581075,116.10344827586208
2025-12-03 12:00:00+01:00,96.78333333333333,1289.4116185902546,97.18275862068965
2025-12-03 13:00:00+01:00,139.83333333333334,1268.5183747705053,51.727586206896554
2025-12-03 14:00:00+01:00,135.68333333333334,1268.5183747705053,14.928735632183907
2025-12-03 15:00:00+01:00,133.71666666666667,1307.3201132928973,5.43103448275862
2025-12-03 16:00:00+01:00,169.71666666666667,1372.9845938692526,2.0517241379310343
2025-12-03 17:00:00+01:00,135.75,1438.649074445608,0.0
2025-12-03 18:00:00+01:00,195.96666666666667,1528.1915479588204,0.0
2025-12-03 19:00:00+01:00,241.16666666666666,1566.9932864812122,0.0
2025-12-03 20:00:00+01:00,126.16666666666667,1569.9780355983194,0.0
2025-12-03 21:00:00+01:00,118.43333333333334,1492.3745585535355,0.0
2025-12-03 22:00:00+01:00,94.36666666666666,1283.4421203560405,0.0
2025-12-03 23:00:00+01:00,89.7,859.6077457268365,0.0
2025-12-04 00:00:00+01:00,92.4,644.7058092951273,0.0
2025-12-04 01:00:00+01:00,87.5,870.6763942606027,0.0
2025-12-04 02:00:00+01:00,86.96666666666667,960.2062028958978,0.0
2025-12-04 03:00:00+01:00,99.1,996.8698062619218,0.0
2025-12-04 04:00:00+01:00,98.8,1075.7886659243238,0.0
2025-12-04 05:00:00+01:00,94.16666666666667,1316.6988691042884,0.0
2025-12-04 06:00:00+01:00,90.23333333333333,1898.2062560904094,0.0
2025-12-04 07:00:00+01:00,97.83333333333333,2388.3339108358546,0.0
2025-12-04 08:00:00+01:00,264.05,2242.9570640893244,43.163218390804595
2025-12-04 09:00:00+01:00,106.53333333333333,2139.116459270374,256.46666666666664
2025-12-04 10:00:00+01:00,101.78333333333333,2035.2758544514238,350.3103448275862
2025-12-04 11:00:00+01:00,193.58333333333334,1927.2816254397153,239.0241379310345
2025-12-04 12:00:00+01:00,92.31666666666666,1860.8236383555875,109.56666666666666
2025-12-04 13:00:00+01:00,127.78333333333333,1823.4410206207656,103.94827586206897
2025-12-04 14:00:00+01:00,133.75,1831.7482690062816,58.233333333333334
2025-12-04 15:00:00+01:00,175.28333333333333,1864.9772625483456,12.402298850574713
2025-12-04 16:00:00+01:00,160.76666666666668,1927.2816254397153,1.5735632183908046
2025-12-04 17:00:00+01:00,151.91666666666666,2006.2004851021177,0.0
2025-12-04 18:00:00+01:00,160.05,2085.1193447645196,0.0
2025-12-04 19:00:00+01:00,206.73333333333332,2105.8874657283104,0.0
2025-12-04 20:00:00+01:00,113.23333333333333,2097.580217342794,0.0
2025-12-04 21:00:00+01:00,122.56666666666666,1997.8932367166017,0.0
2025-12-04 22:00:00+01:00,87.96666666666667,1765.2902819221533,0.0
2025-12-04 23:00:00+01:00,85.95,1246.0872578274023,0.0
2025-12-05 00:00:00+01:00,91.23333333333333,996.8698062619218,0.0
2025-12-05 01:00:00+01:00,96.88333333333334,986.2607574168775,0.0
2025-12-05 02:00:00+01:00,101.33333333333333,1024.0616336502326,0.0
2025-12-05 03:00:00+01:00,100.73333333333333,1060.1987008772621,0.0
2025-12-05 04:00:00+01:00,94.23333333333333,1144.1310980300455,0.0
2025-12-05 05:00:00+01:00,94.03333333333333,1400.3457840753836,0.0
2025-12-05 06:00:00+01:00,91.48333333333333,2018.795026253786,0.0
2025-12-05 07:00:00+01:00,90.75,2540.059387518441,0.0
2025-12-05 08:00:00+01:00,88.33333333333333,2385.44707697384,59.374712643678166
2025-12-05 09:00:00+01:00,243.01666666666668,2275.009712299124,284.47011494252877
2025-12-05 10:00:00+01:00,96.71666666666667,2164.57234762441,472.3712643678161
2025-12-05 11:00:00+01:00,97.75,2049.717488362707,583.9563218390805
2025-12-05 12:00:00+01:00,94.96666666666667,1979.0375749708894,589.6413793103449
2025-12-05 13:00:00+01:00,97.08333333333333,1939.2801236879925,536.0333333333333
2025-12-05 14:00:00+01:00,127.78333333333333,1948.1151128619692,357.3954022988506
2025-12-05 15:00:00+01:00,167.11666666666667,1983.4550695578778,69.98735632183909
2025-12-05 16:00:00+01:00,378.8,2049.717488362707,2.8448275862068964
2025-12-05 17:00:00+01:00,979.9833333333333,2133.6498855154905,0.0
2025-12-05 18:00:00+01:00,264.1166666666667,2217.5822826682734,0.0
2025-12-05 19:00:00+01:00,197.11666666666667,2239.669755603217,0.0
2025-12-05 20:00:00+01:00,126.15,2230.834766429239,0.0
2025-12-05 21:00:00+01:00,121.18333333333334,2124.814896341513,0.0
2025-12-05 22:00:00+01:00,95.13333333333334,1877.4351994701522,0.0
2025-12-05 23:00:00+01:00,94.68333333333334,1325.2483760965777,0.0
2025-12-06 00:00:00+01:00,97.21666666666667,1060.1987008772621,0.0
2025-12-06 01:00:00+01:00,87.65,884.4084557037924,0.0
2025-12-06 02:00:00+01:00,87.78333333333333,857.0647317812014,0.0
2025-12-06 03:00:00+01:00,97.45,884.1657073795158,0.0
2025-12-06 04:00:00+01:00,89.98333333333333,954.1621592137274,0.0
2025-12-06 05:00:00+01:00,99.23333333333333,1167.8355384971103,0.0
2025-12-06 06:00:00+01:00,86.21666666666667,1683.5988678018277,0.0
2025-12-06 07:00:00+01:00,91.96666666666667,2118.3136739300894,0.0
2025-12-06 08:00:00+01:00,149.56666666666666,1989.37284160391,0.7816091954022988
2025-12-06 09:00:00+01:00,188.31666666666666,1897.2722470852104,6.602298850574712
2025-12-06 10:00:00+01:00,99.4,1805.1716525665108,27.639080459770117
2025-12-06 11:00:00+01:00,88.1,1709.3870342670634,47.3632183908046
2025-12-06 12:00:00+01:00,88.45,1650.4426537750958,85.72988505747126
2025-12-06 13:00:00+01:00,128.55,1617.286439748364,70.82988505747127
2025-12-06 14:00:00+01:00,199.83333333333334,1624.6544873098599,22.504597701149425
2025-12-06 15:00:00+01:00,139.38333333333333,1654.126677555844,5.52183908045977
2025-12-06 16:00:00+01:00,148.85,1709.3870342670634,0.6563218390804598
2025-12-06 17:00:00+01:00,151.51666666666668,1779.3834861012751,0.0
2025-12-06 18:00:00+01:00,147.98333333333332,1849.379937935487,0.0
2025-12-06 19:00:00+01:00,201.48333333333332,1867.8000568392265,0.0
2025-12-06 20:00:00+01:00,117.65,1860.432009277731,0.0
2025-12-06 21:00:00+01:00,119.81666666666666,1772.0154385397793,0.0
2025-12-06 22:00:00+01:00,93.35,1565.7101068178922,0.0
2025-12-06 23:00:00+01:00,82.93333333333334,1105.2071342243946,0.0
2025-12-07 00:00:00+01:00,95.73333333333333,884.1657073795158,0.0
2025-12-07 01:00:00+01:00,93.66666666666667,494.37133738412626,0.0
2025-12-07 02:00:00+01:00,100.26666666666667,437.39054972799187,0.0
2025-12-07 03:00:00+01:00,102.76666666666667,454.657385040848,0.0
2025-12-07 04:00:00+01:00,96.13333333333334,522.6435360749936,0.0
2025-12-07 05:00:00+01:00,95.58333333333333,707.4808841990767,0.0
2025-12-07 06:00:00+01:00,92.05,1045.2870721499871,0.0
2025-12-07 07:00:00+01:00,95.68333333333334,1323.6053779460203,0.0
2025-12-07 08:00:00+01:00,90.73333333333333,1225.8752858344362,6.562068965517241
2025-12-07 09:00:00+01:00,242.61666666666667,1117.522357623767,36.91034482758621
2025-12-07 10:00:00+01:00,99.83333333333333,1030.415101611268,80.11724137931034
2025-12-07 11:00:00+01:00,101.43333333333334,953.9306816978541,38.50344827586207
2025-12-07 12:00:00+01:00,104.95,917.8130389609643,217.6344827586207
2025-12-07 13:00:00+01:00,817.0833333333334,902.941068422245,68.41724137931034
2025-12-07 14:00:00+01:00,266.45,902.941068422245,62.60459770114942
2025-12-07 15:00:00+01:00,202.58333333333334,930.5604422798666,17.01954022988506
2025-12-07 16:00:00+01:00,151.85,977.3009211158417,0.6747126436781609
2025-12-07 17:00:00+01:00,137.35,1024.0413999518166,0.0
2025-12-07 18:00:00+01:00,141.2,1087.7784165463281,0.0
2025-12-07 19:00:00+01:00,228.63333333333333,1115.3977904039496,0.0
2025-12-07 20:00:00+01:00,112.76666666666667,1117.522357623767,0.0
2025-12-07 21:00:00+01:00,121.9,1062.2836099085237,0.0
2025-12-07 22:00:00+01:00,117.4,913.5639045213302,0.0
2025-12-07 23:00:00+01:00,95.51666666666667,611.8753593073096,0.0
2025-12-08 00:00:00+01:00,95.11666666666666,458.90651948048213,0.0
2025-12-08 01:00:00+01:00,98.21666666666667,375.27774187206137,0.0
2025-12-08 02:00:00+01:00,99.18333333333334,380.64880266764277,0.0
2025-12-08 03:00:00+01:00,103.03333333333333,398.5832594979332,0.0
2025-12-08 04:00:00+01:00,93.5,458.1844945630448,0.0
2025-12-08 05:00:00+01:00,88.31666666666666,620.2253523963167,0.0
2025-12-08 06:00:00+01:00,92.33333333333333,916.3689891260896,0.0
2025-12-08 07:00:00+01:00,94.51666666666667,1160.36154517389,0.0
2025-12-08 08:00:00+01:00,153.65,1074.6847697677922,2.6758620689655173
2025-12-08 09:00:00+01:00,160.5,979.6953013827705,18.08390804597701
2025-12-08 10:00:00+01:00,101.51666666666667,903.3312189555965,20.391954022988504
2025-12-08 11:00:00+01:00,97.38333333333334,836.279829507346,36.55977011494253
2025-12-08 12:00:00+01:00,188.31666666666666,804.6166733790054,40.154022988505744
2025-12-08 13:00:00+01:00,138.66666666666666,791.5789032085123,29.235632183908045
2025-12-08 14:00:00+01:00,186.26666666666668,791.5789032085123,13.949425287356322
2025-12-08 15:00:00+01:00,284.45,815.7919049537138,16.78735632183908
2025-12-08 16:00:00+01:00,136.6,856.7677540609781,0.3126436781609196
2025-12-08 17:00:00+01:00,154.96666666666667,897.7436031682422,0.0
2025-12-08 18:00:00+01:00,142.43333333333334,953.6197610417843,0.0
2025-12-08 19:00:00+01:00,140.83333333333334,977.8327627869858,0.0
2025-12-08 20:00:00+01:00,204.01666666666668,979.6953013827705,0.0
2025-12-08 21:00:00+01:00,152.56666666666666,931.2692978923675,0.0
2025-12-08 22:00:00+01:00,121.78333333333333,800.891596187436,0.0
2025-12-08 23:00:00+01:00,108.83333333333333,536.4111155860036,0.0
2025-12-09 00:00:00+01:00,95.55,402.3083366895027,0.0
2025-12-09 01:00:00+01:00,77.31666666666666,459.54832250550805,0.0
2025-12-09 02:00:00+01:00,98.6,523.6097895397254,0.0
2025-12-09 03:00:00+01:00,98.43333333333334,551.4269841373309,0.0
2025-12-09 04:00:00+01:00,92.26666666666667,633.8833555971188,0.0
2025-12-09 05:00:00+01:00,89.78333333333333,858.061615503417,0.0
2025-12-09 06:00:00+01:00,90.43333333333334,1267.7667111942376,0.0
2025-12-09 07:00:00+01:00,93.91666666666667,1605.322481857744,0.0
2025-12-09 08:00:00+01:00,105.25,1486.791447884299,7.954022988505747
2025-12-09 09:00:00+01:00,252.08333333333334,1355.3766058702624,29.304597701149426
2025-12-09 10:00:00+01:00,107.5,1249.729379937409,71.0551724137931
2025-12-09 11:00:00+01:00,96.91666666666667,1156.9659620451478,51.257471264367815
2025-12-09 12:00:00+01:00,114.03333333333333,1113.1610147071356,37.57011494252874
2025-12-09 13:00:00+01:00,132.68333333333334,1095.1236834503068,54.239080459770115
2025-12-09 14:00:00+01:00,161.46666666666667,1095.1236834503068,28.932183908045978
2025-12-09 15:00:00+01:00,137.96666666666667,1128.6215843558457,10.747126436781608
2025-12-09 16:00:00+01:00,139.63333333333333,1185.3103397344496,1.8620689655172413
2025-12-09 17:00:00+01:00,146.85,1241.999095113054,0.0
2025-12-09 18:00:00+01:00,135.81666666666666,1319.3019433566049,0.0
2025-12-09 19:00:00+01:00,274.65,1352.7998442621438,0.0
2025-12-09 20:00:00+01:00,112.7,1355.3766058702624,0.0
2025-12-09 21:00:00+01:00,130.01666666666668,1288.3808040591846,0.0
2025-12-09 22:00:00+01:00,110.75,1108.0074914908987,0.0
2025-12-09 23:00:00+01:00,92.15,742.1073431380903,0.0
2025-12-10 00:00:00+01:00,96.3,556.5805073535678,0.0
2025-12-10 01:00:00+01:00,91.56666666666666,725.7792698250117,0.0
2025-12-10 02:00:00+01:00,93.81666666666666,795.4328665813505,0.0
2025-12-10 03:00:00+01:00,94.83333333333333,825.6285063918772,0.0
2025-12-10 04:00:00+01:00,86.55,890.9907631479008,0.0
2025-12-10 05:00:00+01:00,96.61666666666666,1090.5176521926044,0.0
2025-12-10 06:00:00+01:00,98.28333333333333,1572.1342809211994,0.0
2025-12-10 07:00:00+01:00,100.61666666666666,1978.0682965638725,0.0
2025-12-10 08:00:00+01:00,95.95,1857.6641393817235,19.148275862068964
2025-12-10 09:00:00+01:00,224.3,1771.6611699659031,217.37471264367818
2025-12-10 10:00:00+01:00,104.05,1685.6582005500825,429.1425287356322
2025-12-10 11:00:00+01:00,90.1,1596.2151123576289,523.8505747126436
2025-12-10 12:00:00+01:00,97.4,1541.1732119315036,413.45632183908043
2025-12-10 13:00:00+01:00,130.15,1510.2121429418087,345.76781609195405
2025-12-10 14:00:00+01:00,137.81666666666666,1517.0923804950746,101.86091954022989
2025-12-10 15:00:00+01:00,120.26666666666667,1544.6133307081368,95.11034482758622
2025-12-10 16:00:00+01:00,196.61666666666667,1596.2151123576289,2.2
2025-12-10 17:00:00+01:00,147.51666666666668,1661.5773691136528,0.0
2025-12-10 18:00:00+01:00,142.8,1726.9396258696765,0.0
2025-12-10 19:00:00+01:00,212.81666666666666,1744.1402197528407,0.0
2025-12-10 20:00:00+01:00,115.9,1737.259982199575,0.0
2025-12-10 21:00:00+01:00,119.38333333333334,1654.6971315603869,0.0
2025-12-10 22:00:00+01:00,94.53333333333333,1462.0504800689494,0.0
2025-12-10 23:00:00+01:00,90.2,1032.0356329898466,0.0
2025-12-11 00:00:00+01:00,94.85,825.6285063918772,0.0
2025-12-11 01:00:00+01:00,95.66666666666667,801.1086722841862,0.0
2025-12-11 02:00:00+01:00,95.95,826.3780362512574,0.0
2025-12-11 03:00:00+01:00,97.55,855.2676772845116,0.0
2025-12-11 04:00:00+01:00,95.58333333333333,922.9763684028687,0.0
2025-12-11 05:00:00+01:00,90.2,1129.6660570799588,0.0
2025-12-11 06:00:00+01:00,94.88333333333334,1628.5722021625907,0.0
2025-12-11 07:00:00+01:00,94.21666666666667,2049.0788101608086,0.0
2025-12-11 08:00:00+01:00,186.56666666666666,1924.352273890151,0.0
2025-12-11 09:00:00+01:00,138.01666666666668,1835.261890839681,6.097701149425288
2025-12-11 10:00:00+01:00,101.36666666666666,1746.171507789211,20.411494252873563
2025-12-11 11:00:00+01:00,312.43333333333334,1653.517509416722,24.648275862068964
2025-12-11 12:00:00+01:00,170.6,1596.4996642644214,22.605747126436782
2025-12-11 13:00:00+01:00,137.58333333333334,1564.4271263662524,24.105747126436782
2025-12-11 14:00:00+01:00,491.31666666666666,1571.55435701029,19.467816091954024
2025-12-11 15:00:00+01:00,341.55,1600.0632795864403,6.573563218390804
2025-12-11 16:00:00+01:00,236.93333333333334,1653.517509416722,0.14367816091954022
2025-12-11 17:00:00+01:00,175.75,1721.2262005350797,0.0
2025-12-11 18:00:00+01:00,173.58333333333334,1788.9348916534368,0.0
2025-12-11 19:00:00+01:00,168.83333333333334,1806.7529682635306,0.0
2025-12-11 20:00:00+01:00,135.3,1799.625737619493,0.0
2025-12-11 21:00:00+01:00,156.3,1714.0989698910419,0.0
2025-12-11 22:00:00+01:00,85.31666666666666,1514.5365118579891,0.0
2025-12-11 23:00:00+01:00,93.83333333333333,1069.0845966056395,0.0
2025-12-12 00:00:00+01:00,86.85,855.2676772845116,0.0
2025-12-12 01:00:00+01:00,87.31666666666666,803.9143926038372,0.0
2025-12-12 02:00:00+01:00,91.56666666666666,819.7175761931433,0.0
2025-12-12 03:00:00+01:00,101.33333333333333,847.8851772929021,0.0
2025-12-12 04:00:00+01:00,93.2,915.0094204952567,0.0
2025-12-12 05:00:00+01:00,93.75,1119.915005007708,0.0
2025-12-12 06:00:00+01:00,97.15,1614.5146917619008,0.0
2025-12-12 07:00:00+01:00,94.18333333333334,2031.3915705975778,0.0
2025-12-12 08:00:00+01:00,175.81666666666666,1907.7416489090292,1.703448275862069
2025-12-12 09:00:00+01:00,183.75,1819.420276274352,18.101149425287357
2025-12-12 10:00:00+01:00,97.98333333333333,1731.098903639675,32.05632183908046
2025-12-12 11:00:00+01:00,95.31666666666666,1639.2446760996102,135.26781609195402
2025-12-12 12:00:00+01:00,99.21666666666667,1582.718997613417,74.35172413793104
2025-12-12 13:00:00+01:00,112.58333333333333,1550.9233034649333,43.745977011494254
2025-12-12 14:00:00+01:00,200.6,1557.9890132757073,59.687356321839076
2025-12-12 15:00:00+01:00,139.96666666666667,1586.251852518804,12.411494252873563
2025-12-12 16:00:00+01:00,144.96666666666667,1639.2446760996102,1.5275862068965518
2025-12-12 17:00:00+01:00,147.03333333333333,1706.3689193019652,0.0
2025-12-12 18:00:00+01:00,144.13333333333333,1773.49316250432,0.0
2025-12-12 19:00:00+01:00,224.0,1791.1574370312558,0.0
2025-12-12 20:00:00+01:00,145.46666666666667,1784.0917272204813,0.0
2025-12-12 21:00:00+01:00,132.71666666666667,1699.303209491191,0.0
2025-12-12 22:00:00+01:00,95.5,1501.4633347895142,0.0
2025-12-12 23:00:00+01:00,94.3,1059.8564716161275,0.0
2025-12-13 00:00:00+01:00,83.46666666666667,847.8851772929021,0.0
2025-12-13 01:00:00+01:00,99.2,833.6201774440428,0.0
2025-12-13 02:00:00+01:00,96.5,863.8896269951887,0.0
2025-12-13 03:00:00+01:00,101.01666666666667,894.2931999066211,0.0
2025-12-13 04:00:00+01:00,91.66666666666667,965.0914115658951,0.0
2025-12-13 05:00:00+01:00,93.16666666666667,1181.2122682099953,0.0
2025-12-13 06:00:00+01:00,91.0,1702.8833014888573,0.0
2025-12-13 07:00:00+01:00,82.21666666666667,2142.577458109613,0.0
2025-12-13 08:00:00+01:00,183.36666666666667,2012.1596997898976,3.3931034482758617
2025-12-13 09:00:00+01:00,182.46666666666667,1919.0041581329579,28.114942528735632
2025-12-13 10:00:00+01:00,100.25,1825.8486164760182,53.54942528735633
2025-12-13 11:00:00+01:00,103.11666666666666,1728.9668531528007,112.01379310344828
2025-12-13 12:00:00+01:00,108.15,1669.3473064923594,52.93793103448276
2025-12-13 13:00:00+01:00,128.95,1635.811311495861,46.80344827586207
2025-12-13 14:00:00+01:00,137.71666666666667,1643.263754828416,39.685057471264365
2025-12-13 15:00:00+01:00,181.13333333333333,1673.073528158637,12.16896551724138
2025-12-13 16:00:00+01:00,144.26666666666668,1728.9668531528007,0.503448275862069
2025-12-13 17:00:00+01:00,133.1,1799.7650648120748,0.0
2025-12-13 18:00:00+01:00,141.91666666666666,1870.5632764713491,0.0
2025-12-13 19:00:00+01:00,227.25,1889.1943848027372,0.0
2025-12-13 20:00:00+01:00,155.73333333333332,1881.741941470182,0.0
2025-12-13 21:00:00+01:00,157.68333333333334,1792.3126214795197,0.0
2025-12-13 22:00:00+01:00,123.5,1583.6442081679752,0.0
2025-12-13 23:00:00+01:00,97.23333333333333,1117.8664998832764,0.0
2025-12-14 00:00:00+01:00,85.35,894.2931999066211,0.0
2025-12-14 01:00:00+01:00,90.45,746.3159737416412,0.0
2025-12-14 02:00:00+01:00,87.0,724.6927174359864,0.0
2025-12-14 03:00:00+01:00,97.38333333333334,747.7112993807102,0.0
2025-12-14 04:00:00+01:00,98.18333333333334,806.9051105816832,0.0
2025-12-14 05:00:00+01:00,96.13333333333334,987.6020079320213,0.0
2025-12-14 06:00:00+01:00,98.03333333333333,1423.7669325707686,0.0
2025-12-14 07:00:00+01:00,97.78333333333333,1791.3916547662852,0.0
2025-12-14 08:00:00+01:00,124.78333333333333,1682.350423606598,0.8862068965517241
2025-12-14 09:00:00+01:00,252.3,1604.4638299211072,18.529885057471265
2025-12-14 10:00:00+01:00,86.41666666666667,1526.5772362356167,47.43218390804598
2025-12-14 11:00:00+01:00,100.5,1445.5751788027062,44.240229885057474
2025-12-14 12:00:00+01:00,88.1,1395.7277588439924,87.01494252873563
2025-12-14 13:00:00+01:00,92.58333333333333,1367.6885851172158,57.06206896551724
2025-12-14 14:00:00+01:00,131.15,1373.919512612055,77.25057471264367
2025-12-14 15:00:00+01:00,770.65,1398.8432225914123,20.51149425287356
2025-12-14 16:00:00+01:00,837.5333333333333,1445.5751788027062,1.5954022988505747
2025-12-14 17:00:00+01:00,158.76666666666668,1504.7689900036794,0.0
2025-12-14 18:00:00+01:00,153.31666666666666,1563.9628012046524,0.0
2025-12-14 19:00:00+01:00,223.43333333333334,1579.5401199417502,0.0
2025-12-14 20:00:00+01:00,151.85,1573.309192446911,0.0
2025-12-14 21:00:00+01:00,153.03333333333333,1498.5380625088399,0.0
2025-12-14 22:00:00+01:00,111.93333333333334,1324.072092653341,0.0
2025-12-14 23:00:00+01:00,97.08333333333333,934.6391242258877,0.0
2025-12-15 00:00:00+01:00,94.9,747.7112993807102,0.0
2025-12-15 01:00:00+01:00,91.88333333333334,522.002291764584,0.0
2025-12-15 02:00:00+01:00,94.96666666666667,517.3162842599615,0.0
2025-12-15 03:00:00+01:00,103.11666666666666,541.0321229758974,0.0
2025-12-15 04:00:00+01:00,89.55,621.934122673228,0.0
2025-12-15 05:00:00+01:00,94.48333333333333,841.8864343503453,0.0
2025-12-15 06:00:00+01:00,88.65,1243.868245346456,0.0
2025-12-15 07:00:00+01:00,91.01666666666667,1575.0608066074028,0.0
2025-12-15 08:00:00+01:00,127.91666666666667,1458.76418204249,0.25632183908045975
2025-12-15 09:00:00+01:00,260.35,1329.8266200248697,55.166666666666664
2025-12-15 10:00:00+01:00,104.26666666666667,1226.170932912665,320.46436781609196
2025-12-15 11:00:00+01:00,102.21666666666667,1135.1561832531681,548.4505747126437
2025-12-15 12:00:00+01:00,357.98333333333335,1092.1769959139613,607.5931034482759
2025-12-15 13:00:00+01:00,171.48333333333332,1074.4796834801703,528.2758620689655
2025-12-15 14:00:00+01:00,325.96666666666664,1074.4796834801703,249.23563218390805
2025-12-15 15:00:00+01:00,117.96666666666667,1107.3461208572107,23.362068965517242
2025-12-15 16:00:00+01:00,181.01666666666668,1162.9662456491255,1.614942528735632
2025-12-15 17:00:00+01:00,139.33333333333334,1218.5863704410403,0.0
2025-12-15 18:00:00+01:00,155.5,1294.4319951572875,0.0
2025-12-15 19:00:00+01:00,207.56666666666666,1327.298432534328,0.0
2025-12-15 20:00:00+01:00,106.46666666666667,1329.8266200248697,0.0
2025-12-15 21:00:00+01:00,99.71666666666667,1264.0937452707885,0.0
2025-12-15 22:00:00+01:00,92.51666666666667,1087.1206209328782,0.0
2025-12-15 23:00:00+01:00,89.76666666666667,728.1179972759742,0.0
2025-12-16 00:00:00+01:00,85.93333333333334,546.0884979569806,0.0
2025-12-16 01:00:00+01:00,93.2,505.9795477151231,0.0
2025-12-16 02:00:00+01:00,92.2,538.1308715228462,0.0
2025-12-16 03:00:00+01:00,101.93333333333334,564.8287416294062,0.0
2025-12-16 04:00:00+01:00,93.18333333333334,649.2891142095044,0.0
2025-12-16 05:00:00+01:00,97.45,878.9157521616463,0.0
2025-12-16 06:00:00+01:00,94.15,1298.5782284190088,0.0
2025-12-16 07:00:00+01:00,98.21666666666667,1644.3378786687856,0.0
2025-12-16 08:00:00+01:00,89.33333333333333,1522.9260930848948,1.445977011494253
2025-12-16 09:00:00+01:00,162.3,1388.3173742853635,20.91609195402299
2025-12-16 10:00:00+01:00,159.15,1280.1025219171122,41.44022988505747
2025-12-16 11:00:00+01:00,87.2,1185.0846027645018,68.15402298850574
2025-12-16 12:00:00+01:00,96.13333333333334,1140.2150298313247,60.1551724137931
2025-12-16 13:00:00+01:00,172.98333333333332,1121.7393233294283,29.29310344827586
2025-12-16 14:00:00+01:00,142.43333333333334,1121.7393233294283,18.889655172413793
2025-12-16 15:00:00+01:00,228.38333333333333,1156.0513496900933,7.7218390804597705
2025-12-16 16:00:00+01:00,265.4,1214.1178558389106,0.7701149425287356
2025-12-16 17:00:00+01:00,142.51666666666668,1272.1843619877282,0.0
2025-12-16 18:00:00+01:00,144.01666666666668,1351.3659612815702,0.0
2025-12-16 19:00:00+01:00,221.0,1385.677987642235,0.0
2025-12-16 20:00:00+01:00,101.13333333333334,1388.3173742853635,0.0
2025-12-16 21:00:00+01:00,100.58333333333333,1319.6933215640333,0.0
2025-12-16 22:00:00+01:00,92.86666666666666,1134.9362565450688,0.0
2025-12-16 23:00:00+01:00,93.43333333333334,760.1433532208832,0.0
2025-12-17 00:00:00+01:00,95.25,570.1075149156624,0.0
2025-12-17 01:00:00+01:00,93.23333333333333,356.5310968662301,0.0
2025-12-17 02:00:00+01:00,87.63333333333334,257.025044513607,0.0
2025-12-17 03:00:00+01:00,107.95,254.14266379907446,0.0
2025-12-17 04:00:00+01:00,81.31666666666666,304.03570209091737,0.0
2025-12-17 05:00:00+01:00,90.85,475.5430212191271,0.0
2025-12-17 06:00:00+01:00,99.4,859.0957530876692,0.0
2025-12-17 07:00:00+01:00,89.55,1088.2918977408222,0.0
2025-12-17 08:00:00+01:00,104.16666666666667,1035.2805445557392,4.910344827586207
2025-12-17 09:00:00+01:00,175.93333333333334,894.9563743599311,85.84827586206896
2025-12-17 10:00:00+01:00,171.5,813.8801871356866,256.7057471264368
2025-12-17 11:00:00+01:00,96.41666666666667,729.6856850182018,321.0770114942529
2025-12-17 12:00:00+01:00,87.7,673.5560169398784,181.11954022988505
2025-12-17 13:00:00+01:00,136.38333333333333,648.609497793957,238.2655172413793
2025-12-17 14:00:00+01:00,141.01666666666668,623.6629786480356,315.89540229885057
2025-12-17 15:00:00+01:00,133.1,620.5446637547954,90.76321839080461
2025-12-17 16:00:00+01:00,214.86666666666667,650.1686552405771,1.742528735632184
2025-12-17 17:00:00+01:00,203.41666666666666,692.2659062993195,0.0
2025-12-17 18:00:00+01:00,149.15,756.1913616107432,0.0
2025-12-17 19:00:00+01:00,215.03333333333333,820.1168169221668,0.0
2025-12-17 20:00:00+01:00,106.86666666666666,868.4506977673894,0.0
2025-12-17 21:00:00+01:00,101.4,837.2675488349879,0.0
2025-12-17 22:00:00+01:00,95.63333333333334,731.2448424648217,0.0
2025-12-17 23:00:00+01:00,88.68333333333334,466.18807653940655,0.0
2025-12-18 00:00:00+01:00,87.95,279.08918294499597,0.0
2025-12-18 01:00:00+01:00,95.23333333333333,417.69220431266604,0.0
2025-12-18 02:00:00+01:00,102.51666666666667,488.1979906067809,0.0
2025-12-18 03:00:00+01:00,103.08333333333333,514.7627712159425,0.0
2025-12-18 04:00:00+01:00,95.81666666666666,591.7366435472985,0.0
2025-12-18 05:00:00+01:00,102.73333333333333,801.0093589481723,0.0
2025-12-18 06:00:00+01:00,87.43333333333334,1183.473287094597,0.0
2025-12-18 07:00:00+01:00,92.5,1498.585076951085,0.0
2025-12-18 08:00:00+01:00,250.13333333333333,1387.9351354747612,5.0954022988505745
2025-12-18 09:00:00+01:00,91.61666666666666,1265.2580264466626,40.33563218390805
2025-12-18 10:00:00+01:00,91.73333333333333,1166.6352525221128,292.82758620689657
2025-12-18 11:00:00+01:00,153.21666666666667,1080.0396461493376,464.8183908045977
2025-12-18 12:00:00+01:00,141.56666666666666,1039.1472764733048,429.57126436781607
2025-12-18 13:00:00+01:00,131.18333333333334,1022.3092419008207,272.1425287356322
2025-12-18 14:00:00+01:00,136.78333333333333,1022.3092419008207,241.08850574712645
2025-12-18 15:00:00+01:00,183.63333333333333,1053.579877535434,114.70114942528735
2025-12-18 16:00:00+01:00,136.51666666666668,1106.499414763241,2.2885057471264365
2025-12-18 17:00:00+01:00,139.8,1159.4189519910483,0.0
2025-12-18 18:00:00+01:00,147.41666666666666,1231.5819573016947,0.0
2025-12-18 19:00:00+01:00,201.28333333333333,1262.8525929363075,0.0
2025-12-18 20:00:00+01:00,103.06666666666666,1265.2580264466626,0.0
2025-12-18 21:00:00+01:00,102.46666666666667,1202.716755177436,0.0
2025-12-18 22:00:00+01:00,89.18333333333334,1034.3364094525948,0.0
2025-12-18 23:00:00+01:00,98.1,692.764850982203,0.0
2025-12-19 00:00:00+01:00,94.78333333333333,519.5736382366524,0.0
2025-12-19 01:00:00+01:00,90.08333333333333,468.84182358907424,0.0
2025-12-19 02:00:00+01:00,87.56666666666666,493.8617428257129,0.0
2025-12-19 03:00:00+01:00,96.51666666666667,518.1153979568899,0.0
2025-12-19 04:00:00+01:00,89.46666666666667,595.5905976513781,0.0
2025-12-19 05:00:00+01:00,91.68333333333334,806.2262968207677,0.0
2025-12-19 06:00:00+01:00,100.95,1191.1811953027561,0.0
2025-12-19 07:00:00+01:00,98.45,1508.3452940520672,0.0
2025-12-19 08:00:00+01:00,89.33333333333333,1396.9746944912404,10.12528735632184
2025-12-19 09:00:00+01:00,246.75,1273.4985949781499,178.72183908045977
2025-12-19 10:00:00+01:00,95.03333333333333,1174.2334953695868,371.76666666666665
2025-12-19 11:00:00+01:00,95.36666666666666,1087.0738957132878,494.6620689655172
2025-12-19 12:00:00+01:00,72.43333333333334,1045.9151958755906,538.2011494252873
2025-12-19 13:00:00+01:00,114.33333333333333,1028.9674959424215,421.3954022988506
2025-12-19 14:00:00+01:00,178.6,1028.9674959424215,349.92988505747127
2025-12-19 15:00:00+01:00,136.48333333333332,1060.4417958183071,56.839080459770116
2025-12-19 16:00:00+01:00,146.36666666666667,1113.705995608268,2.413793103448276
2025-12-19 17:00:00+01:00,149.56666666666666,1166.9701953982287,0.0
2025-12-19 18:00:00+01:00,151.85,1239.603195111811,0.0
2025-12-19 19:00:00+01:00,192.83333333333334,1271.077494987697,0.0
2025-12-19 20:00:00+01:00,103.8,1273.4985949781499,0.0
2025-12-19 21:00:00+01:00,96.25,1210.5499952263783,0.0
2025-12-19 22:00:00+01:00,90.71666666666667,1041.0729958946852,0.0
2025-12-19 23:00:00+01:00,86.88333333333334,697.2767972503938,0.0
2025-12-20 00:00:00+01:00,88.98333333333333,522.9575979377953,0.0
2025-12-20 01:00:00+01:00,94.43333333333334,462.57321964469884,0.0
2025-12-20 02:00:00+01:00,98.65,483.65268631327393,0.0
2025-12-20 03:00:00+01:00,102.6,507.2163197435038,0.0
2025-12-20 04:00:00+01:00,93.71666666666667,583.0617507331865,0.0
2025-12-20 05:00:00+01:00,97.03333333333333,789.2665162363867,0.0
2025-12-20 06:00:00+01:00,75.83333333333333,1166.123501466373,0.0
2025-12-20 07:00:00+01:00,86.18333333333334,1476.6157345803872,0.0
2025-12-20 08:00:00+01:00,88.08333333333333,1367.5879275327181,33.763218390804596
2025-12-20 09:00:00+01:00,254.76666666666668,1246.7092718929111,180.5494252873563
2025-12-20 10:00:00+01:00,102.26666666666667,1149.53231343738,106.75172413793103
2025-12-20 11:00:00+01:00,101.56666666666666,1064.206203573987,79.93103448275862
2025-12-20 12:00:00+01:00,128.63333333333333,1023.9133183607179,58.864367816091956
2025-12-20 13:00:00+01:00,129.48333333333332,1007.3221303317248,55.254022988505746
2025-12-20 14:00:00+01:00,135.6,1007.3221303317248,34.92758620689655
2025-12-20 15:00:00+01:00,173.25,1038.1343366712833,7.882758620689655
2025-12-20 16:00:00+01:00,146.36666666666667,1090.2780704766901,0.07586206896551723
2025-12-20 17:00:00+01:00,140.86666666666667,1142.4218042820974,0.0
2025-12-20 18:00:00+01:00,154.66666666666666,1213.5268958349247,0.0
2025-12-20 19:00:00+01:00,228.86666666666667,1244.3391021744835,0.0
2025-12-20 20:00:00+01:00,111.01666666666667,1246.7092718929111,0.0
2025-12-20 21:00:00+01:00,99.25,1185.0848592137938,0.0
2025-12-20 22:00:00+01:00,88.13333333333334,1019.1729789238626,0.0
2025-12-20 23:00:00+01:00,91.35,682.6088789071453,0.0
2025-12-21 00:00:00+01:00,91.26666666666667,511.95665918035894,0.0
2025-12-21 01:00:00+01:00,87.51666666666667,460.3290425603638,0.0
2025-12-21 02:00:00+01:00,87.65,484.25839794183025,0.0
2025-12-21 03:00:00+01:00,108.0,508.00710110089625,0.0
2025-12-21 04:00:00+01:00,103.25,583.9707797701892,0.0
2025-12-21 05:00:00+01:00,97.73333333333333,790.4970311523294,0.0
2025-12-21 06:00:00+01:00,89.9,1167.9415595403784,0.0
2025-12-21 07:00:00+01:00,90.36666666666666,1478.9178690927968,0.0
2025-12-21 08:00:00+01:00,98.9,1369.7200810056877,8.727586206896552
2025-12-21 09:00:00+01:00,240.06666666666666,1248.6529681265024,217.4264367816092
2025-12-21 10:00:00+01:00,89.93333333333334,1151.3245048314707,445.4413793103448
2025-12-21 11:00:00+01:00,96.3,1065.865366328516,558.2643678160919
2025-12-21 12:00:00+01:00,122.0,1025.5096620354543,361.82873563218385
2025-12-21 13:00:00+01:00,127.6,1008.8926073265463,522.7908045977011
2025-12-21 14:00:00+01:00,194.16666666666666,1008.8926073265463,361.17816091954023
2025-12-21 15:00:00+01:00,737.6166666666667,1039.7528517859464,122.22183908045977
2025-12-21 16:00:00+01:00,734.0666666666667,1091.9778808710855,2.6045977011494252
2025-12-21 17:00:00+01:00,171.03333333333333,1144.2029099562246,0.0
2025-12-21 18:00:00+01:00,147.1,1215.4188587086865,0.0
2025-12-21 19:00:00+01:00,200.31666666666666,1246.2791031680867,0.0
2025-12-21 20:00:00+01:00,103.61666666666666,1248.6529681265024,0.0
2025-12-21 21:00:00+01:00,103.11666666666666,1186.9324792077016,0.0
2025-12-21 22:00:00+01:00,95.05,1020.7619321186235,0.0
2025-12-21 23:00:00+01:00,92.6,683.673108023636,0.0
2025-12-22 00:00:00+01:00,98.88333333333334,512.7548310177272,0.0
2025-12-22 01:00:00+01:00,91.95,458.72961866958656,0.0
2025-12-22 02:00:00+01:00,94.43333333333334,481.6749414548553,0.0
2025-12-22 03:00:00+01:00,92.11666666666666,505.24972567930024,0.0
2025-12-22 04:00:00+01:00,91.06666666666666,580.8010865285414,0.0
2025-12-22 05:00:00+01:00,94.7,786.2063488374159,0.0
2025-12-22 06:00:00+01:00,98.11666666666666,1161.6021730570828,0.0
2025-12-22 07:00:00+01:00,88.5,1470.8905565336638,0.0
2025-12-22 08:00:00+01:00,96.58333333333333,1362.2854753128797,2.209195402298851
2025-12-22 09:00:00+01:00,156.48333333333332,1241.8754939594016,20.025287356321837
2025-12-22 10:00:00+01:00,173.05,1145.0753128713113,39.219540229885055
2025-12-22 11:00:00+01:00,88.55,1060.0800319159152,50.288505747126436
2025-12-22 12:00:00+01:00,89.68333333333334,1019.9433714647558,56.905747126436786
2025-12-22 13:00:00+01:00,170.58333333333334,1003.4165112789843,183.63793103448276
2025-12-22 14:00:00+01:00,134.88333333333333,1003.4165112789843,149.17241379310343
2025-12-22 15:00:00+01:00,200.1,1034.1092516239885,42.228735632183906
2025-12-22 16:00:00+01:00,152.11666666666667,1086.0508122078418,1.7988505747126438
2025-12-22 17:00:00+01:00,244.03333333333333,1137.992372791695,0.0
2025-12-22 18:00:00+01:00,213.46666666666667,1208.8217735878586,0.0
2025-12-22 19:00:00+01:00,183.31666666666666,1239.5145139328629,0.0
2025-12-22 20:00:00+01:00,188.33333333333334,1241.8754939594016,0.0
2025-12-22 21:00:00+01:00,102.66666666666667,1180.490013269393,0.0
2025-12-22 22:00:00+01:00,90.26666666666667,1015.221411411678,0.0
2025-12-22 23:00:00+01:00,93.61666666666666,679.9622476431704,0.0
2025-12-23 00:00:00+01:00,89.8,509.9716857323779,0.0
2025-12-23 01:00:00+01:00,95.25,444.741634917016,0.0
2025-12-23 02:00:00+01:00,99.6,462.5247266654141,0.0
2025-12-23 03:00:00+01:00,106.51666666666667,484.9284964041743,0.0
2025-12-23 04:00:00+01:00,89.8,557.441168763677,0.0
2025-12-23 05:00:00+01:00,92.78333333333333,754.5849967410752,0.0
2025-12-23 06:00:00+01:00,87.11666666666666,1114.882337527354,0.0
2025-12-23 07:00:00+01:00,86.78333333333333,1411.7310899990684,0.0
2025-12-23 08:00:00+01:00,93.16666666666667,1307.4941234822832,0.3954022988505747
2025-12-23 09:00:00+01:00,158.25,1191.9270519093257,45.775862068965516
2025-12-23 10:00:00+01:00,172.05,1099.0201904487133,64.12528735632183
2025-12-23 11:00:00+01:00,104.83333333333333,1017.4434340442726,213.83218390804598
2025-12-23 12:00:00+01:00,92.33333333333333,978.9210768532868,84.22183908045977
2025-12-23 13:00:00+01:00,141.25,963.0589297746453,31.048275862068966
2025-12-23 14:00:00+01:00,193.08333333333334,963.0589297746453,92.74252873563219
2025-12-23 15:00:00+01:00,128.45,992.5172029206933,25.167816091954023
2025-12-23 16:00:00+01:00,130.61666666666667,1042.3696651678513,1.3057471264367815
2025-12-23 17:00:00+01:00,199.55,1092.2221274150097,0.0
2025-12-23 18:00:00+01:00,174.66666666666666,1160.2027577520435,0.0
2025-12-23 19:00:00+01:00,225.0,1189.6610308980912,0.0
2025-12-23 20:00:00+01:00,99.03333333333333,1191.9270519093257,0.0
2025-12-23 21:00:00+01:00,98.6,1133.01050561723,0.0
2025-12-23 22:00:00+01:00,88.13333333333334,974.3890348308176,0.0
2025-12-23 23:00:00+01:00,97.4,652.6140512355244,0.0
2025-12-24 00:00:00+01:00,95.76666666666667,489.4605384266434,0.0
2025-12-24 01:00:00+01:00,81.23333333333333,460.90475314424594,0.0
2025-12-24 02:00:00+01:00,88.65,493.0393659349477,0.0
2025-12-24 03:00:00+01:00,99.45,517.6488521548209,0.0
2025-12-24 04:00:00+01:00,100.08333333333333,595.054287991056,0.0
2025-12-24 05:00:00+01:00,98.08333333333333,805.5003166708198,0.0
2025-12-24 06:00:00+01:00,94.31666666666666,1190.108575982112,0.0
2025-12-24 07:00:00+01:00,93.71666666666667,1506.9870789366987,0.0
2025-12-24 08:00:00+01:00,89.58333333333333,1395.716764922111,4.07471264367816
2025-12-24 09:00:00+01:00,258.6166666666667,1272.3518515581115,19.344827586206897
2025-12-24 10:00:00+01:00,97.63333333333334,1173.1761368929356,25.035632183908046
2025-12-24 11:00:00+01:00,95.26666666666667,1086.0950215771713,40.04712643678161
2025-12-24 12:00:00+01:00,108.53333333333333,1044.9733837891715,20.49310344827586
2025-12-24 13:00:00+01:00,137.16666666666666,1028.0409446999952,37.89080459770115
2025-12-24 14:00:00+01:00,144.16666666666666,1028.0409446999952,22.34367816091954
2025-12-24 15:00:00+01:00,141.71666666666667,1059.4869030084656,7.7218390804597705
2025-12-24 16:00:00+01:00,145.88333333333333,1112.703140145877,0.5436781609195402
2025-12-24 17:00:00+01:00,108.25,1165.9193772832882,0.0
2025-12-24 18:00:00+01:00,92.8,1238.486973379759,0.0
2025-12-24 19:00:00+01:00,99.66666666666667,1269.932931688229,0.0
2025-12-24 20:00:00+01:00,185.03333333333333,1272.3518515581115,0.0
2025-12-24 21:00:00+01:00,105.4,1209.4599349411708,0.0
2025-12-24 22:00:00+01:00,88.41666666666667,1040.1355440494067,0.0
2025-12-24 23:00:00+01:00,98.58333333333333,696.6489225261143,0.0
2025-12-25 00:00:00+01:00,99.63333333333334,522.4866918945858,0.0
2025-12-25 01:00:00+01:00,94.46666666666667,479.5876164920038,0.0
2025-12-25 02:00:00+01:00,86.63333333333334,508.3429328874052,0.0
2025-12-25 03:00:00+01:00,95.68333333333334,533.4736141860592,0.0
2025-12-25 04:00:00+01:00,92.48333333333333,613.2453695783672,0.0
2025-12-25 05:00:00+01:00,96.16666666666667,830.1248295512045,0.0
2025-12-25 06:00:00+01:00,79.91666666666667,1226.4907391567344,0.0
2025-12-25 07:00:00+01:00,105.3,1553.056362793995,0.0
2025-12-25 08:00:00+01:00,98.68333333333334,1438.3844644175524,1.2
2025-12-25 09:00:00+01:00,234.51666666666668,1311.2482292610616,14.727586206896552
2025-12-25 10:00:00+01:00,113.4,1209.0406676646671,36.218390804597696
2025-12-25 11:00:00+01:00,82.26666666666667,1119.2974428483208,75.47126436781609
2025-12-25 12:00:00+01:00,116.6,1076.9186977961572,83.5367816091954
2025-12-25 13:00:00+01:00,177.68333333333334,1059.4686263040899,70.05747126436782
2025-12-25 14:00:00+01:00,134.13333333333333,1059.4686263040899,31.24597701149425
2025-12-25 15:00:00+01:00,131.61666666666667,1091.875901932215,10.313793103448274
2025-12-25 16:00:00+01:00,141.98333333333332,1146.7189837644264,1.1448275862068966
2025-12-25 17:00:00+01:00,147.36666666666667,1201.5620655966381,0.0
2025-12-25 18:00:00+01:00,227.3,1276.3480862769268,0.0
2025-12-25 19:00:00+01:00,103.71666666666667,1308.755361905052,0.0
2025-12-25 20:00:00+01:00,103.4,1311.2482292610616,0.0
2025-12-25 21:00:00+01:00,85.26666666666667,1246.4336780048116,0.0
2025-12-25 22:00:00+01:00,91.8,1071.9329630841376,0.0
2025-12-25 23:00:00+01:00,78.96666666666667,717.9457985307713,0.0
2025-12-26 00:00:00+01:00,88.65,538.4593488980786,0.0
2025-12-26 01:00:00+01:00,92.96666666666667,630.9973391454337,0.0
2025-12-26 02:00:00+01:00,100.13333333333334,722.3530028880197,0.0
2025-12-26 03:00:00+01:00,100.53333333333333,749.3011236540234,0.0
2025-12-26 04:00:00+01:00,101.3,808.6207959433001,0.0
2025-12-26 05:00:00+01:00,97.35,989.7019008263557,0.0
2025-12-26 06:00:00+01:00,94.0,1426.7942229578691,0.0
2025-12-26 07:00:00+01:00,87.81666666666666,1795.200608754431,0.0
2025-12-26 08:00:00+01:00,85.66666666666667,1685.9275282215524,5.0390804597701155
2025-12-26 09:00:00+01:00,229.15,1607.8753278409247,62.44252873563219
2025-12-26 10:00:00+01:00,100.35,1529.8231274602977,80.40344827586206
2025-12-26 11:00:00+01:00,117.05,1448.648839064445,166.2505747126437
2025-12-26 12:00:00+01:00,100.41666666666667,1398.6954308208435,236.26091954022988
2025-12-26 13:00:00+01:00,86.08333333333333,1370.5966386838174,71.57241379310344
2025-12-26 14:00:00+01:00,88.18333333333334,1376.840814714268,53.5
2025-12-26 15:00:00+01:00,86.68333333333334,1401.8175188360688,16.01494252873563
2025-12-26 16:00:00+01:00,108.68333333333334,1448.648839064445,1.254022988505747
2025-12-26 17:00:00+01:00,137.35,1507.9685113537219,0.0
2025-12-26 18:00:00+01:00,151.6,1567.2881836429985,0.0
2025-12-26 19:00:00+01:00,193.38333333333333,1582.898623719124,0.0
2025-12-26 20:00:00+01:00,98.73333333333333,1576.654447688674,0.0
2025-12-26 21:00:00+01:00,95.1,1501.7243353232718,0.0
2025-12-26 22:00:00+01:00,92.7,1326.887406470666,0.0
2025-12-26 23:00:00+01:00,94.76666666666667,936.6264045675291,0.0
2025-12-27 00:00:00+01:00,93.03333333333333,749.3011236540234,0.0
2025-12-27 01:00:00+01:00,92.55,834.9981854096276,0.0
2025-12-27 02:00:00+01:00,89.3,900.2107102036687,0.0
2025-12-27 03:00:00+01:00,93.16666666666667,933.6455936471859,0.0
2025-12-27 04:00:00+01:00,87.48333333333333,1007.5592031442549,0.0
2025-12-27 05:00:00+01:00,81.61666666666666,1233.1902216089914,0.0
2025-12-27 06:00:00+01:00,94.51666666666667,1777.816817903183,0.0
2025-12-27 07:00:00+01:00,99.35,2236.8592347797166,0.0
2025-12-27 08:00:00+01:00,92.45,2100.702585706168,27.23448275862069
2025-12-27 09:00:00+01:00,260.95,2003.4478363679193,258.14827586206894
2025-12-27 10:00:00+01:00,93.65,1906.1930870296712,334.01264367816094
2025-12-27 11:00:00+01:00,85.51666666666667,1805.0481477178926,367.4793103448276
2025-12-27 12:00:00+01:00,106.28333333333333,1742.8051081414137,489.9586206896552
2025-12-27 13:00:00+01:00,126.85,1707.7933983796443,140.09425287356322
2025-12-27 14:00:00+01:00,186.8,1715.573778326704,87.33103448275862
2025-12-27 15:00:00+01:00,145.76666666666668,1746.6952981149439,14.826436781609196
2025-12-27 16:00:00+01:00,154.23333333333332,1805.0481477178926,1.1586206896551725
2025-12-27 17:00:00+01:00,147.61666666666667,1878.9617572149618,0.0
2025-12-27 18:00:00+01:00,148.96666666666667,1952.8753667120304,0.0
2025-12-27 19:00:00+01:00,198.06666666666666,1972.3263165796805,0.0
2025-12-27 20:00:00+01:00,93.43333333333334,1964.5459366326209,0.0
2025-12-27 21:00:00+01:00,90.05,1871.1813772679016,0.0
2025-12-27 22:00:00+01:00,87.45,1653.3307387502252,0.0
2025-12-27 23:00:00+01:00,92.18333333333334,1167.0569920589821,0.0
2025-12-28 00:00:00+01:00,86.71666666666667,933.6455936471859,0.0
2025-12-28 01:00:00+01:00,95.86666666666666,1104.638471043035,0.0
2025-12-28 02:00:00+01:00,93.06666666666666,1234.5882135704237,0.0
2025-12-28 03:00:00+01:00,101.78333333333333,1279.7667053843802,0.0
2025-12-28 04:00:00+01:00,98.96666666666667,1355.3248872520928,0.0
2025-12-28 05:00:00+01:00,94.2,1596.166591955426,0.0
2025-12-28 06:00:00+01:00,91.26666666666667,2073.1276149953615,0.0
2025-12-28 07:00:00+01:00,77.85,2573.700569868957,0.0
2025-12-28 08:00:00+01:00,90.96666666666667,2403.6946606666033,23.670114942528738
2025-12-28 09:00:00+01:00,228.15,2370.6379560994797,156.28850574712644
2025-12-28 10:00:00+01:00,111.46666666666667,2295.0797742317664,313.82183908045977
2025-12-28 11:00:00+01:00,93.7,2210.07681963059,364.3724137931034
2025-12-28 12:00:00+01:00,95.95,2115.6290922959497,252.3505747126437
2025-12-28 13:00:00+01:00,143.45,2082.572387728826,126.14367816091954
2025-12-28 14:00:00+01:00,218.01666666666668,2073.1276149953615,128.14137931034483
2025-12-28 15:00:00+01:00,125.46666666666667,2134.5186377628775,63.35977011494253
2025-12-28 16:00:00+01:00,583.4666666666667,2181.742501430198,2.049425287356322
2025-12-28 17:00:00+01:00,731.3333333333334,2285.6350014983022,0.0
2025-12-28 18:00:00+01:00,212.93333333333334,2313.969319698695,0.0
2025-12-28 19:00:00+01:00,205.66666666666666,2323.414092432159,0.0
2025-12-28 20:00:00+01:00,99.5,2285.6350014983022,0.0
2025-12-28 21:00:00+01:00,98.75,2181.742501430198,0.0
2025-12-28 22:00:00+01:00,95.23333333333333,1931.4560239934005,0.0
2025-12-28 23:00:00+01:00,96.9,1463.9397736869296,0.0
2025-12-29 00:00:00+01:00,89.58333333333333,1251.432387183988,0.0
2025-12-29 01:00:00+01:00,84.16666666666667,1168.9846934737554,0.0
2025-12-29 02:00:00+01:00,85.05,1174.425648041016,0.0
2025-12-29 03:00:00+01:00,92.96666666666667,1213.865499876217,0.0
2025-12-29 04:00:00+01:00,100.0,1285.5328356622667,0.0
2025-12-29 05:00:00+01:00,96.18333333333334,1513.9724684803004,0.0
2025-12-29 06:00:00+01:00,93.55,1966.3725256297391,0.0
2025-12-29 07:00:00+01:00,90.2,2441.1686252123186,0.0
2025-12-29 08:00:00+01:00,85.78333333333333,2279.917119693707,22.235632183908045
2025-12-29 09:00:00+01:00,171.73333333333332,2248.56266028731,247.01839080459771
2025-12-29 10:00:00+01:00,155.25,2176.89532450126,382.40804597701145
2025-12-29 11:00:00+01:00,92.76666666666667,2096.2695717419547,218.80114942528735
2025-12-29 12:00:00+01:00,113.21666666666667,2006.685402009392,100.50459770114942
2025-12-29 13:00:00+01:00,132.8,1975.3309426029955,65.62988505747127
2025-12-29 14:00:00+01:00,304.65,1966.3725256297391,50.90344827586207
2025-12-29 15:00:00+01:00,120.16666666666667,2024.6022359559045,20.98390804597701
2025-12-29 16:00:00+01:00,168.81666666666666,2069.394320822186,1.8793103448275863
2025-12-29 17:00:00+01:00,209.63333333333333,2167.9369075280038,0.0
2025-12-29 18:00:00+01:00,135.91666666666666,2194.812158447773,0.0
2025-12-29 19:00:00+01:00,198.3,2203.7705754210288,0.0
2025-12-29 20:00:00+01:00,199.88333333333333,2167.9369075280038,0.0
2025-12-29 21:00:00+01:00,98.41666666666667,2069.394320822186,0.0
2025-12-29 22:00:00+01:00,96.56666666666666,1831.996271030896,0.0
2025-12-29 23:00:00+01:00,93.06666666666666,1388.5546308547132,0.0
2025-12-30 00:00:00+01:00,93.98333333333333,1186.9902489564483,0.0
2025-12-30 01:00:00+01:00,93.16666666666667,870.6777561879712,0.0
2025-12-30 02:00:00+01:00,102.63333333333334,831.5654310181176,0.0
2025-12-30 03:00:00+01:00,90.68333333333334,857.1829333080528,0.0
2025-12-30 04:00:00+01:00,93.18333333333334,925.0432488616071,0.0
2025-12-30 05:00:00+01:00,87.75,1132.1957910777198,0.0
2025-12-30 06:00:00+01:00,92.01666666666667,1632.2191688407506,0.0
2025-12-30 07:00:00+01:00,93.5,2053.667444383877,0.0
2025-12-30 08:00:00+01:00,81.3,1928.6615999431192,3.474712643678161
2025-12-30 09:00:00+01:00,262.28333333333336,1839.3717110568634,50.694252873563215
2025-12-30 10:00:00+01:00,100.31666666666666,1750.081822170608,337.71724137931034
2025-12-30 11:00:00+01:00,93.88333333333334,1657.2203377289018,239.76781609195402
2025-12-30 12:00:00+01:00,82.36666666666666,1600.0748088416988,580.2379310344827
2025-12-30 13:00:00+01:00,116.63333333333334,1567.9304488426467,190.20919540229886
2025-12-30 14:00:00+01:00,169.71666666666667,1575.073639953547,90.58045977011494
2025-12-30 15:00:00+01:00,139.28333333333333,1603.646404397149,96.05402298850575
2025-12-30 16:00:00+01:00,140.03333333333333,1657.2203377289018,4.248275862068966
2025-12-30 17:00:00+01:00,147.45,1725.0806532824565,0.0
2025-12-30 18:00:00+01:00,151.81666666666666,1792.9409688360106,0.0
2025-12-30 19:00:00+01:00,225.1,1810.7989466132617,0.0
2025-12-30 20:00:00+01:00,95.41666666666667,1803.6557555023614,0.0
2025-12-30 21:00:00+01:00,88.96666666666667,1717.9374621715558,0.0
2025-12-30 22:00:00+01:00,97.75,1517.928111066344,0.0
2025-12-30 23:00:00+01:00,85.31666666666666,1071.478666635066,0.0
2025-12-31 00:00:00+01:00,97.73333333333333,857.1829333080528,0.0
2025-12-31 01:00:00+01:00,93.9,759.9709653958266,0.0
2025-12-31 02:00:00+01:00,94.55,757.3847280742078,0.0
2025-12-31 03:00:00+01:00,105.9,782.5005339267033,0.0
2025-12-31 04:00:00+01:00,88.51666666666667,844.4484928625672,0.0
2025-12-31 05:00:00+01:00,85.58333333333333,1033.5527885615204,0.0
2025-12-31 06:00:00+01:00,91.01666666666667,1490.0114333520974,0.0
2025-12-31 07:00:00+01:00,93.46666666666667,1874.7408625327269,0.0
2025-12-31 08:00:00+01:00,97.33333333333333,1760.6262013350822,1.147126436781609
2025-12-31 09:00:00+01:00,245.0,1679.1157290510505,27.533333333333335
2025-12-31 10:00:00+01:00,102.5,1597.6052567670192,136.37701149425286
2025-12-31 11:00:00+01:00,94.18333333333334,1512.834365591626,206.24367816091953
2025-12-31 12:00:00+01:00,118.28333333333333,1460.6676633298462,307.63218390804593
2025-12-31 13:00:00+01:00,126.7,1431.3238933075947,183.1862068965517
2025-12-31 14:00:00+01:00,166.95,1437.844731090317,75.15057471264367
2025-12-31 15:00:00+01:00,141.73333333333332,1463.9280822212074,24.22298850574713
2025-12-31 16:00:00+01:00,143.63333333333333,1512.834365591626,1.742528735632184
2025-12-31 17:00:00+01:00,142.08333333333334,1574.7823245274901,0.0
2025-12-31 18:00:00+01:00,148.2,1636.7302834633545,0.0
2025-12-31 19:00:00+01:00,203.75,1653.0323779201608,0.0
2025-12-31 20:00:00+01:00,102.01666666666667,1646.5115401374383,0.0
2025-12-31 21:00:00+01:00,87.5,1568.2614867447678,0.0
2025-12-31 22:00:00+01:00,84.93333333333334,1385.678028828537,0.0
2025-12-31 23:00:00+01:00,89.08333333333333,978.1256674083792,0.0
2025-01-01 00:00:00+01:00,64.0,782.5005339267033,0.0
